US1CAMR0011,20091011,PRCP,3,Unnamed: 4,Unnamed: 5,N,0700
US1CAMR0011,20091013,PRCP,864,,,N,700
US1CAMR0011,20091014,PRCP,3,,,N,700
US1CAMR0011,20091015,PRCP,152,,,N,700
US1CAMR0011,20091017,PRCP,5,,,N,700
US1CAMR0011,20091019,PRCP,130,,,N,700
US1CAMR0011,20091022,PRCP,3,,,N,700
US1CAMR0011,20091023,PRCP,3,,,N,700
US1CAMR0011,20091031,PRCP,3,,,N,700
US1CAMR0011,20091101,PRCP,3,,,N,700
US1CAMR0011,20091102,PRCP,0,,,N,700
US1CAMR0011,20091103,PRCP,0,,,N,700
US1CAMR0011,20091104,PRCP,3,,,N,700
US1CAMR0011,20091105,PRCP,0,,,N,700
US1CAMR0011,20091106,PRCP,61,,,N,700
US1CAMR0011,20091107,PRCP,3,,,N,700
US1CAMR0011,20091108,PRCP,5,,,N,700
US1CAMR0011,20091109,PRCP,3,,,N,700
US1CAMR0011,20091110,PRCP,3,,,N,700
US1CAMR0011,20091111,PRCP,0,,,N,700
US1CAMR0011,20091112,PRCP,0,,,N,700
US1CAMR0011,20091113,PRCP,0,,,N,700
US1CAMR0011,20091114,PRCP,0,,,N,700
US1CAMR0011,20091115,PRCP,3,,,N,700
US1CAMR0011,20091116,PRCP,3,,,N,700
US1CAMR0011,20091117,PRCP,33,,,N,700
US1CAMR0011,20091118,PRCP,0,,,N,700
US1CAMR0011,20091119,PRCP,3,,,N,700
US1CAMR0011,20091120,PRCP,97,,,N,700
US1CAMR0011,20091121,PRCP,0,,,N,700
US1CAMR0011,20091122,PRCP,25,,,N,700
US1CAMR0011,20091123,PRCP,18,,,N,700
US1CAMR0011,20091124,PRCP,0,,,N,700
US1CAMR0011,20091125,PRCP,0,,,N,700
US1CAMR0011,20091126,PRCP,0,,,N,700
US1CAMR0011,20091127,PRCP,13,,,N,700
US1CAMR0011,20091128,PRCP,5,,,N,700
US1CAMR0011,20091129,PRCP,0,,,N,700
US1CAMR0011,20091130,PRCP,0,,,N,700
US1CAMR0011,20091102,SNOW,0,,,N,700
US1CAMR0011,20091103,SNOW,0,,,N,700
US1CAMR0011,20091105,SNOW,0,,,N,700
US1CAMR0011,20091111,SNOW,0,,,N,700
US1CAMR0011,20091112,SNOW,0,,,N,700
US1CAMR0011,20091113,SNOW,0,,,N,700
US1CAMR0011,20091114,SNOW,0,,,N,700
US1CAMR0011,20091118,SNOW,0,,,N,700
US1CAMR0011,20091121,SNOW,0,,,N,700
US1CAMR0011,20091124,SNOW,0,,,N,700
US1CAMR0011,20091125,SNOW,0,,,N,700
US1CAMR0011,20091126,SNOW,0,,,N,700
US1CAMR0011,20091129,SNOW,0,,,N,700
US1CAMR0011,20091130,SNOW,0,,,N,700
US1CAMR0011,20091201,PRCP,0,,,N,700
US1CAMR0011,20091202,PRCP,0,,,N,700
US1CAMR0011,20091203,PRCP,0,,,N,700
US1CAMR0011,20091204,PRCP,0,,,N,700
US1CAMR0011,20091205,PRCP,0,,,N,700
US1CAMR0011,20091206,PRCP,0,,,N,700
US1CAMR0011,20091207,PRCP,53,,,N,700
US1CAMR0011,20091208,PRCP,3,,,N,700
US1CAMR0011,20091209,PRCP,0,,,N,700
US1CAMR0011,20091210,PRCP,0,,,N,700
US1CAMR0011,20091211,PRCP,41,,,N,700
US1CAMR0011,20091212,PRCP,124,,,N,700
US1CAMR0011,20091213,PRCP,269,,,N,700
US1CAMR0011,20091214,PRCP,0,,,N,700
US1CAMR0011,20091215,PRCP,8,,,N,700
US1CAMR0011,20091216,PRCP,147,,,N,700
US1CAMR0011,20091217,PRCP,0,,,N,700
US1CAMR0011,20091218,PRCP,5,,,N,700
US1CAMR0011,20091219,PRCP,0,,,N,700
US1CAMR0011,20091220,PRCP,0,,,N,700
US1CAMR0011,20091221,PRCP,97,,,N,700
US1CAMR0011,20091222,PRCP,36,,,N,700
US1CAMR0011,20091223,PRCP,0,,,N,700
US1CAMR0011,20091224,PRCP,0,,,N,700
US1CAMR0011,20091225,PRCP,0,,,N,700
US1CAMR0011,20091226,PRCP,0,,,N,700
US1CAMR0011,20091227,PRCP,140,,,N,700
US1CAMR0011,20091228,PRCP,0,,,N,700
US1CAMR0011,20091229,PRCP,0,,,N,700
US1CAMR0011,20091230,PRCP,94,,,N,700
US1CAMR0011,20091231,PRCP,5,,,N,700
US1CAMR0011,20091201,SNOW,0,,,N,700
US1CAMR0011,20091202,SNOW,0,,,N,700
US1CAMR0011,20091203,SNOW,0,,,N,700
US1CAMR0011,20091204,SNOW,0,,,N,700
US1CAMR0011,20091205,SNOW,0,,,N,700
US1CAMR0011,20091206,SNOW,0,,,N,700
US1CAMR0011,20091209,SNOW,0,,,N,700
US1CAMR0011,20091210,SNOW,0,,,N,700
US1CAMR0011,20091214,SNOW,0,,,N,700
US1CAMR0011,20091217,SNOW,0,,,N,700
US1CAMR0011,20091219,SNOW,0,,,N,700
US1CAMR0011,20091220,SNOW,0,,,N,700
US1CAMR0011,20091223,SNOW,0,,,N,700
US1CAMR0011,20091224,SNOW,0,,,N,700
US1CAMR0011,20091225,SNOW,0,,,N,700
US1CAMR0011,20091226,SNOW,0,,,N,700
US1CAMR0011,20091228,SNOW,0,,,N,700
US1CAMR0011,20091229,SNOW,0,,,N,700
US1CAMR0011,20100101,PRCP,15,,,N,700
US1CAMR0011,20100102,PRCP,66,,,N,700
US1CAMR0011,20100103,PRCP,8,,,N,700
US1CAMR0011,20100104,PRCP,0,,,N,700
US1CAMR0011,20100105,PRCP,0,,,N,700
US1CAMR0011,20100106,PRCP,0,,,N,700
US1CAMR0011,20100107,PRCP,0,,,N,700
US1CAMR0011,20100108,PRCP,0,,,N,700
US1CAMR0011,20100109,PRCP,8,,,N,700
US1CAMR0011,20100110,PRCP,0,,,N,700
US1CAMR0011,20100111,PRCP,0,,,N,700
US1CAMR0011,20100112,PRCP,130,,,N,700
US1CAMR0011,20100113,PRCP,91,,,N,700
US1CAMR0011,20100117,PRCP,53,,,N,700
US1CAMR0011,20100118,PRCP,180,,,N,700
US1CAMR0011,20100119,PRCP,358,,,N,700
US1CAMR0011,20100120,PRCP,424,,,N,700
US1CAMR0011,20100121,PRCP,442,,,N,700
US1CAMR0011,20100122,PRCP,206,,,N,700
US1CAMR0011,20100123,PRCP,130,,,N,700
US1CAMR0011,20100125,PRCP,249,,,N,700
US1CAMR0011,20100126,PRCP,267,,,N,700
US1CAMR0011,20100130,PRCP,109,,,N,700
US1CAMR0011,20100104,SNOW,0,,,N,700
US1CAMR0011,20100105,SNOW,0,,,N,700
US1CAMR0011,20100106,SNOW,0,,,N,700
US1CAMR0011,20100107,SNOW,0,,,N,700
US1CAMR0011,20100108,SNOW,0,,,N,700
US1CAMR0011,20100110,SNOW,0,,,N,700
US1CAMR0011,20100111,SNOW,0,,,N,700
US1CAMR0011,20100201,PRCP,5,,,N,700
US1CAMR0011,20100203,PRCP,43,,,N,700
US1CAMR0011,20100205,PRCP,213,,,N,700
US1CAMR0011,20100206,PRCP,150,,,N,700
US1CAMR0011,20100207,PRCP,5,,,N,700
US1CAMR0011,20100212,PRCP,56,,,N,700
US1CAMR0011,20100213,PRCP,36,,,N,700
US1CAMR0011,20100222,PRCP,33,,,N,700
US1CAMR0011,20100223,PRCP,8,,,N,700
US1CAMR0011,20100224,PRCP,419,,,N,700
US1CAMR0011,20100225,PRCP,5,,,N,700
US1CAMR0011,20100226,PRCP,5,,,N,700
US1CAMR0011,20100227,PRCP,307,,,N,700
US1CAMR0011,20100302,PRCP,122,,,N,700
US1CAMR0011,20100303,PRCP,193,,,N,700
US1CAMR0011,20100304,PRCP,48,,,N,700
US1CAMR0011,20100309,PRCP,20,,,N,700
US1CAMR0011,20100310,PRCP,79,,,N,700
US1CAMR0011,20100313,PRCP,155,,,N,700
US1CAMR0011,20100325,PRCP,61,,,N,700
US1CAMR0011,20100326,PRCP,15,,,N,700
US1CAMR0011,20100329,PRCP,41,,,N,700
US1CAMR0011,20100330,PRCP,66,,,N,700
US1CAMR0011,20100331,PRCP,119,,,N,700
US1CAMR0011,20100401,PRCP,124,,,N,700
US1CAMR0011,20100404,PRCP,147,,,N,700
US1CAMR0011,20100405,PRCP,231,,,N,700
US1CAMR0011,20100411,PRCP,8,,,N,700
US1CAMR0011,20100412,PRCP,378,,,N,700
US1CAMR0011,20100413,PRCP,20,,,N,700
US1CAMR0011,20100420,PRCP,150,,,N,700
US1CAMR0011,20100423,PRCP,8,,,N,700
US1CAMR0011,20100427,PRCP,84,,,N,700
US1CAMR0011,20100429,PRCP,23,,,N,700
US1CAMR0011,20100510,PRCP,20,,,N,700
US1CAMR0011,20100511,PRCP,51,,,N,700
US1CAMR0011,20100518,PRCP,137,,,N,700
US1CAMR0011,20100520,PRCP,20,,,N,700
US1CAMR0011,20100525,PRCP,10,,,N,700
US1CAMR0011,20100526,PRCP,109,,,N,700
US1CAMR0011,20100527,PRCP,36,,,N,700
US1CAMR0011,20100528,PRCP,160,,,N,700
US1CAMR0011,20100603,PRCP,5,,,N,700
US1CAMR0011,20100604,PRCP,8,,,N,700
US1CAMR0011,20100729,PRCP,3,,,N,700
US1CAMR0011,20100919,PRCP,15,,,N,700
US1CAMR0011,20101018,PRCP,41,,,N,700
US1CAMR0011,20101022,PRCP,43,,,N,700
US1CAMR0011,20101023,PRCP,28,,,N,700
US1CAMR0011,20101024,PRCP,246,,,N,700
US1CAMR0011,20101025,PRCP,361,,,N,700
US1CAMR0011,20101029,PRCP,117,,,N,700
US1CAMR0011,20101030,PRCP,107,,,N,700
US1CAMR0011,20101031,PRCP,10,,,N,700
US1CAMR0011,20101107,PRCP,231,,,N,700
US1CAMR0011,20101108,PRCP,91,,,N,700
US1CAMR0011,20101110,PRCP,38,,,N,700
US1CAMR0011,20101120,PRCP,91,,,N,700
US1CAMR0011,20101121,PRCP,282,,,N,700
US1CAMR0011,20101123,PRCP,61,,,N,700
US1CAMR0011,20101127,PRCP,97,,,N,700
US1CAMR0011,20101203,PRCP,41,,,N,700
US1CAMR0011,20101205,PRCP,18,,,N,700
US1CAMR0011,20101206,PRCP,229,,,N,700
US1CAMR0011,20101208,PRCP,155,,,N,700
US1CAMR0011,20101209,PRCP,264,,,N,700
US1CAMR0011,20101210,PRCP,23,,,N,700
US1CAMR0011,20101211,PRCP,8,,,N,700
US1CAMR0011,20101214,PRCP,41,,,N,700
US1CAMR0011,20101215,PRCP,18,,,N,700
US1CAMR0011,20101217,PRCP,58,,,N,700
US1CAMR0011,20101218,PRCP,208,,,N,700
US1CAMR0011,20101219,PRCP,178,,,N,700
US1CAMR0011,20101220,PRCP,165,,,N,700
US1CAMR0011,20101221,PRCP,20,,,N,700
US1CAMR0011,20101222,PRCP,292,,,N,700
US1CAMR0011,20101223,PRCP,5,,,N,700
US1CAMR0011,20101227,PRCP,8,,,N,700
US1CAMR0011,20101228,PRCP,8,,,N,700
US1CAMR0011,20101229,PRCP,495,,,N,700
US1CAMR0011,20110101,PRCP,109,,,N,700
US1CAMR0011,20110102,PRCP,46,,,N,700
US1CAMR0011,20110103,PRCP,8,,,N,700
US1CAMR0011,20110113,PRCP,10,,,N,700
US1CAMR0011,20110114,PRCP,119,,,N,700
US1CAMR0011,20110130,PRCP,168,,,N,700
US1CAMR0011,20110131,PRCP,94,,,N,700
US1CAMR0011,20110214,PRCP,33,,,N,700
US1CAMR0011,20110215,PRCP,124,,,N,700
US1CAMR0011,20110216,PRCP,361,,,N,700
US1CAMR0011,20110217,PRCP,142,,,N,700
US1CAMR0011,20110219,PRCP,135,,,N,700
US1CAMR0011,20110302,PRCP,163,,,N,700
US1CAMR0011,20110303,PRCP,10,,,N,700
US1CAMR0011,20110306,PRCP,137,,,N,700
US1CAMR0011,20110307,PRCP,58,,,N,700
US1CAMR0011,20110308,PRCP,15,,,N,700
US1CAMR0011,20110314,PRCP,206,,,N,700
US1CAMR0011,20110316,PRCP,330,,,N,700
US1CAMR0011,20110318,PRCP,20,,,N,700
US1CAMR0011,20110319,PRCP,193,,,N,700
US1CAMR0011,20110320,PRCP,465,,,N,700
US1CAMR0011,20110321,PRCP,15,,,N,700
US1CAMR0011,20110323,PRCP,251,,,N,700
US1CAMR0011,20110324,PRCP,112,,,N,700
US1CAMR0011,20110325,PRCP,211,,,N,700
US1CAMR0011,20110326,PRCP,236,,,N,700
US1CAMR0011,20110327,PRCP,28,,,N,700
US1CAMR0011,20110328,PRCP,71,,,N,700
US1CAMR0011,20110414,PRCP,23,,,N,700
US1CAMR0011,20110419,PRCP,23,,,N,700
US1CAMR0011,20110424,PRCP,69,,,N,700
US1CAMR0011,20110425,PRCP,79,,,N,700
US1CAMR0011,20110515,PRCP,86,,,N,700
US1CAMR0011,20110518,PRCP,102,,,N,700
US1CAMR0011,20110525,PRCP,8,,,N,700
US1CAMR0011,20110528,PRCP,10,,,N,700
US1CAMR0011,20110529,PRCP,48,,,N,700
US1CAMR0011,20110531,PRCP,46,,,N,700
US1CAMR0011,20110604,PRCP,168,,,N,700
US1CAMR0011,20110605,PRCP,124,,,N,700
US1CAMR0011,20110628,PRCP,56,,,N,700
US1CAMR0011,20110629,PRCP,163,,,N,700
US1CAMR0011,20110925,PRCP,15,,,N,700
US1CAMR0011,20111004,PRCP,145,,,N,700
US1CAMR0011,20111005,PRCP,206,,,N,700
US1CAMR0011,20111006,PRCP,43,,,N,700
US1CAMR0011,20111007,PRCP,46,,,N,700
US1CAMR0011,20111104,PRCP,8,,,N,700
US1CAMR0011,20111106,PRCP,124,,,N,700
US1CAMR0011,20111112,PRCP,25,,,N,700
US1CAMR0011,20111118,PRCP,23,,,N,700
US1CAMR0011,20111120,PRCP,137,,,N,700
US1CAMR0011,20111121,PRCP,94,,,N,700
US1CAMR0011,20111124,PRCP,142,,,N,700
US1CAMR0011,20111125,PRCP,13,,,N,700
US1CAMR0011,20111215,PRCP,43,,,N,700
US1CAMR0011,20120120,PRCP,175,,,N,700
US1CAMR0011,20120121,PRCP,711,,,N,700
US1CAMR0011,20120123,PRCP,503,,,N,700
US1CAMR0011,20120124,PRCP,10,,,N,700
US1CAMR0011,20120201,PRCP,43,,,N,700
US1CAMR0011,20120207,PRCP,102,,,N,700
US1CAMR0011,20120211,PRCP,51,,,N,700
US1CAMR0011,20120213,PRCP,66,,,N,700
US1CAMR0011,20120229,PRCP,124,,,N,700
US1CAMR0011,20120301,PRCP,13,,,N,700
US1CAMR0011,20120313,PRCP,122,,,N,700
US1CAMR0011,20120314,PRCP,706,,,N,700
US1CAMR0011,20120316,PRCP,104,,,N,700
US1CAMR0011,20120317,PRCP,236,,,N,700
US1CAMR0011,20120324,PRCP,84,,,N,700
US1CAMR0011,20120325,PRCP,226,,,N,700
US1CAMR0011,20120328,PRCP,180,,,N,700
US1CAMR0011,20120330,PRCP,8,,,N,700
US1CAMR0011,20120404,PRCP,23,,,N,700
US1CAMR0011,20120411,PRCP,74,,,N,700
US1CAMR0011,20120424,PRCP,13,,,N,700
US1CAMR0011,20120426,PRCP,18,,,N,700
US1CAMR0011,20120717,PRCP,18,,,N,700
US1CAMR0011,20121022,PRCP,267,,,N,700
US1CAMR0011,20121023,PRCP,66,,,N,700
US1CAMR0011,20121024,PRCP,46,,,N,700
US1CAMR0011,20121025,PRCP,33,,,N,700
US1CAMR0011,20121101,PRCP,185,,,N,700
US1CAMR0011,20121109,PRCP,91,,,N,700
US1CAMR0011,20121117,PRCP,414,,,N,700
US1CAMR0011,20121119,PRCP,102,,,N,700
US1CAMR0011,20121120,PRCP,84,,,N,700
US1CAMR0011,20121128,PRCP,86,,,N,700
US1CAMR0011,20121129,PRCP,145,,,N,700
US1CAMR0011,20121130,PRCP,828,,,N,700
US1CAMR0011,20121201,PRCP,257,,,N,700
US1CAMR0011,20121205,PRCP,307,,,N,700
US1CAMR0011,20121212,PRCP,56,,,N,700
US1CAMR0011,20121214,PRCP,5,,,N,700
US1CAMR0011,20121216,PRCP,28,,,N,700
US1CAMR0011,20121217,PRCP,91,,,N,700
US1CAMR0011,20121221,PRCP,264,,,N,700
US1CAMR0011,20121222,PRCP,620,,,N,700
US1CAMR0011,20121223,PRCP,206,,,N,700
US1CAMR0011,20121224,PRCP,203,,,N,700
US1CAMR0011,20121226,PRCP,328,,,N,700
US1CAMR0011,20130106,PRCP,86,,,N,700
US1CAMR0011,20130108,PRCP,8,,,N,700
US1CAMR0011,20130110,PRCP,10,,,N,700
US1CAMR0011,20130124,PRCP,114,,,N,700
US1CAMR0011,20130207,PRCP,41,,,N,700
US1CAMR0011,20130219,PRCP,48,,,N,700
US1CAMR0011,20130306,PRCP,124,,,N,700
US1CAMR0011,20130320,PRCP,107,,,N,700
US1CAMR0011,20130321,PRCP,130,,,N,700
US1CAMR0011,20130401,PRCP,91,,,N,700
US1CAMR0011,20130404,PRCP,216,,,N,700
US1CAMR0011,20130407,PRCP,33,,,N,700
US1CAMR0011,20130528,PRCP,71,,,N,700
US1CAMR0011,20130625,PRCP,229,,,N,700
US1CAMR0011,20130626,PRCP,89,,,N,700
US1CAMR0011,20130921,PRCP,64,,,N,700
US1CAMR0011,20130922,PRCP,84,,,N,700
US1CAMR0011,20131119,PRCP,20,,,N,700
US1CAMR0011,20131120,PRCP,231,,,N,700
US1CAMR0011,20131207,PRCP,117,,,N,700
US1CAMR0011,20140111,PRCP,8,,,N,700
US1CAMR0011,20140112,PRCP,28,,,N,700
US1CAMR0011,20140202,PRCP,51,,,N,700
US1CAMR0011,20140203,PRCP,160,,,N,700
US1CAMR0011,20140206,PRCP,175,,,N,700
US1CAMR0011,20140208,PRCP,673,,,N,700
US1CAMR0011,20140209,PRCP,973,,,N,700
US1CAMR0011,20140210,PRCP,401,,,N,700
US1CAMR0011,20140214,PRCP,13,,,N,700
US1CAMR0011,20140216,PRCP,36,,,N,700
US1CAMR0011,20140219,PRCP,10,,,N,700
US1CAMR0011,20140226,PRCP,8,,,N,700
US1CAMR0011,20140227,PRCP,582,,,N,700
US1CAMR0011,20140228,PRCP,257,,,N,700
US1CAMR0011,20140301,PRCP,112,,,N,700
US1CAMR0011,20140302,PRCP,33,,,N,700
US1CAMR0011,20140303,PRCP,5,,,N,700
US1CAMR0011,20140306,PRCP,91,,,N,700
US1CAMR0011,20140310,PRCP,30,,,N,700
US1CAMR0011,20140326,PRCP,173,,,N,700
US1CAMR0011,20140327,PRCP,46,,,N,700
US1CAMR0011,20140328,PRCP,20,,,N,700
US1CAMR0011,20140329,PRCP,155,,,N,700
US1CAMR0011,20140330,PRCP,130,,,N,700
US1CAMR0011,20140401,PRCP,351,,,N,700
US1CAMR0011,20140402,PRCP,137,,,N,700
US1CAMR0011,20140404,PRCP,56,,,N,700
US1CAMR0011,20140425,PRCP,46,,,N,700
US1CAMR0011,20140426,PRCP,43,,,N,700
US1CAMR0011,20140427,PRCP,48,,,N,700
US1CAMR0011,20140509,PRCP,25,,,N,700
US1CAMR0011,20140711,PRCP,0,T,,N,700
US1CAMR0011,20140717,PRCP,5,,,N,700
US1CAMR0011,20140718,PRCP,8,,,N,700
US1CAMR0011,20140719,PRCP,5,,,N,700
US1CAMR0011,20140720,PRCP,3,,,N,700
US1CAMR0011,20140721,PRCP,5,,,N,700
US1CAMR0011,20140722,PRCP,5,,,N,700
US1CAMR0011,20140723,PRCP,13,,,N,700
US1CAMR0011,20140804,PRCP,5,,,N,700
US1CAMR0011,20140818,PRCP,5,,,N,700
US1CAMR0011,20140819,PRCP,3,,,N,700
US1CAMR0011,20140820,PRCP,5,,,N,700
US1CAMR0011,20140918,PRCP,15,,,N,700
US1CAMR0011,20140919,PRCP,25,,,N,700
US1CAMR0011,20140924,PRCP,5,,,N,700
US1CAMR0011,20140925,PRCP,53,,,N,700
US1CAMR0011,20141015,PRCP,64,,,N,700
US1CAMR0011,20141025,PRCP,71,,,N,700
US1CAMR0011,20141031,PRCP,13,,,N,700
US1CAMR0011,20141113,PRCP,89,,,N,700
US1CAMR0011,20141119,PRCP,51,,,N,700
US1CAMR0011,20141121,PRCP,193,,,N,700
US1CAMR0011,20141122,PRCP,99,,,N,700
US1CAMR0011,20141129,PRCP,137,,,N,700
US1CAMR0011,20141130,PRCP,216,,,N,700
US1CAMR0011,20141201,PRCP,46,,,N,700
US1CAMR0011,20141202,PRCP,196,,,N,700
US1CAMR0011,20141203,PRCP,455,,,N,700
US1CAMR0011,20141204,PRCP,58,,,N,700
US1CAMR0011,20141205,PRCP,20,,,N,700
US1CAMR0011,20141206,PRCP,109,,,N,700
US1CAMR0011,20141208,PRCP,5,,,N,700
US1CAMR0011,20141209,PRCP,43,,,N,700
US1CAMR0011,20141210,PRCP,5,,,N,700
US1CAMR0011,20141211,PRCP,884,,,N,700
US1CAMR0011,20141212,PRCP,503,,,N,700
US1CAMR0011,20141213,PRCP,122,,,N,700
US1CAMR0011,20141215,PRCP,130,,,N,700
US1CAMR0011,20141217,PRCP,295,,,N,700
US1CAMR0011,20141218,PRCP,71,,,N,700
US1CAMR0011,20141219,PRCP,277,,,N,1100
US1CAMR0011,20141220,PRCP,71,,,N,700
US1CAMR0011,20141221,PRCP,114,,,N,700
US1CAMR0011,20141222,PRCP,8,,,N,700
US1CAMR0011,20150117,PRCP,56,,,N,700
US1CAMR0011,20150206,PRCP,13,,,N,700
US1CAMR0011,20150207,PRCP,607,,,N,700
US1CAMR0011,20150208,PRCP,36,,,N,700
US1CAMR0011,20150209,PRCP,366,,,N,700
US1CAMR0011,20150406,PRCP,36,,,N,700
US1CAMR0011,20150407,PRCP,185,,,N,700
US1CAMR0011,20150408,PRCP,20,,,N,700
US1CAMR0011,20150425,PRCP,175,,,N,700
US1CAMR0011,20150521,PRCP,5,,,N,700
US1CAMR0011,20150601,PRCP,36,,,N,700
US1CAMR0011,20150611,PRCP,25,,,N,700
US1CAMR0011,20150710,PRCP,18,,,N,700
US1CAMR0011,20150829,PRCP,10,,,N,700
US1CAMR0011,20151102,PRCP,124,,,N,700
US1CAMR0011,20151108,PRCP,10,,,N,700
US1CAMR0011,20151109,PRCP,41,,,N,700
US1CAMR0011,20151110,PRCP,30,,,N,700
US1CAMR0011,20151115,PRCP,109,,,N,700
US1CAMR0011,20151125,PRCP,38,,,N,700
US1CAMR0011,20151130,PRCP,15,,,N,700
US1CAMR0011,20151208,PRCP,5,,,N,700
US1CAMR0011,20151214,PRCP,81,,,N,700
US1CAMR0011,20151219,PRCP,229,,,N,700
US1CAMR0011,20151221,PRCP,445,,,N,700
US1CAMR0011,20151222,PRCP,483,,,N,700
US1CAMR0011,20151223,PRCP,13,,,N,700
US1CAMR0011,20151228,PRCP,8,,,N,700
US1CAMR0011,20160103,PRCP,10,,,N,700
US1CAMR0011,20160104,PRCP,58,,,N,700
US1CAMR0011,20160105,PRCP,211,,,N,700
US1CAMR0011,20160107,PRCP,41,,,N,700
US1CAMR0011,20160109,PRCP,20,,,N,700
US1CAMR0011,20160117,PRCP,48,,,N,700
US1CAMR0011,20160118,PRCP,312,,,N,700
US1CAMR0011,20160122,PRCP,53,,,N,700
US1CAMR0011,20160123,PRCP,109,,,N,700
US1CAMR0011,20160125,PRCP,23,,,N,700
US1CAMR0011,20160126,PRCP,5,,,N,700
US1CAMR0011,20160129,PRCP,66,,,N,700
US1CAMR0011,20160204,PRCP,8,,,N,700
US1CAMR0011,20160218,PRCP,185,,,N,700
US1CAMR0011,20160220,PRCP,74,,,N,700
US1CAMR0011,20160303,PRCP,41,,,N,700
US1CAMR0011,20160304,PRCP,23,,,N,700
US1CAMR0011,20160305,PRCP,79,,,N,700
US1CAMR0011,20160306,PRCP,488,,,N,700
US1CAMR0011,20160308,PRCP,8,,,N,700
US1CAMR0011,20160309,PRCP,43,,,N,700
US1CAMR0011,20160310,PRCP,127,,,N,700
US1CAMR0011,20160311,PRCP,546,,,N,700
US1CAMR0011,20160312,PRCP,170,,,N,700
US1CAMR0011,20160313,PRCP,152,,,N,700
US1CAMR0011,20160314,PRCP,127,,,N,700
US1CAMR0011,20160321,PRCP,140,,,N,700
US1CAMR0011,20160322,PRCP,208,,,N,700
US1CAMR0011,20160410,PRCP,142,,,N,700
US1CAMR0011,20160411,PRCP,8,,,N,700
US1CAMR0011,20160414,PRCP,28,,,N,700
US1CAMR0011,20160422,PRCP,89,,,N,700
US1CAMR0011,20160423,PRCP,76,,,N,700
US1CAMR0011,20160506,PRCP,15,,,N,700
US1CAMR0011,20160507,PRCP,28,,,N,700
US1CAMR0011,20160616,PRCP,8,,,N,700
US1CAMR0011,20160821,PRCP,8,,,N,700
US1CAMR0011,20160822,PRCP,10,,,N,700
US1CAMR0011,20160824,PRCP,10,,,N,700
US1CAMR0011,20161003,PRCP,13,,,N,700
US1CAMR0011,20161004,PRCP,46,,,N,700
US1CAMR0011,20161015,PRCP,86,,,N,700
US1CAMR0011,20161016,PRCP,112,,,N,700
US1CAMR0011,20161017,PRCP,102,,,N,700
US1CAMR0011,20161025,PRCP,597,,,N,700
US1CAMR0011,20161027,PRCP,8,,,N,700
US1CAMR0011,20161028,PRCP,279,,,N,700
US1CAMR0011,20161031,PRCP,117,,,N,700
US1CAMR0011,20161101,PRCP,112,,,N,700
US1CAMR0011,20161112,PRCP,10,,,N,700
US1CAMR0011,20161119,PRCP,249,,,N,700
US1CAMR0011,20161120,PRCP,274,,,N,700
US1CAMR0011,20161121,PRCP,8,,,N,700
US1CAMR0011,20161123,PRCP,97,,,N,700
US1CAMR0011,20161126,PRCP,173,,,N,700
US1CAMR0011,20161128,PRCP,43,,,N,700
US1CAMR0011,20161208,PRCP,157,,,N,700
US1CAMR0011,20161209,PRCP,150,,,N,700
US1CAMR0011,20161210,PRCP,97,,,N,700
US1CAMR0011,20161214,PRCP,48,,,N,700
US1CAMR0011,20161223,PRCP,173,,,N,700
US1CAMR0011,20170102,PRCP,38,,,N,700
US1CAMR0011,20170103,PRCP,147,,,N,700
US1CAMR0011,20170104,PRCP,320,,,N,700
US1CAMR0011,20170107,PRCP,56,,,N,700
US1CAMR0011,20170108,PRCP,406,,,N,700
US1CAMR0011,20170109,PRCP,211,,,N,700
US1CAMR0011,20170110,PRCP,208,,,N,700
US1CAMR0011,20170111,PRCP,368,,,N,700
US1CAMR0011,20170112,PRCP,124,,,N,700
US1CAMR0011,20170113,PRCP,53,,,N,700
US1CAMR0011,20170119,PRCP,315,,,N,700
US1CAMR0011,20170120,PRCP,160,,,N,700
US1CAMR0011,20170122,PRCP,333,,,N,700
US1CAMR0011,20170123,PRCP,127,,,N,700
US1CAMR0011,20170124,PRCP,94,,,N,700
US1CAMR0011,20170202,PRCP,254,,,N,700
US1CAMR0011,20170203,PRCP,216,,,N,700
US1CAMR0011,20170204,PRCP,91,,,N,700
US1CAMR0011,20170205,PRCP,33,,,N,700
US1CAMR0011,20170206,PRCP,114,,,N,700
US1CAMR0011,20170207,PRCP,424,,,N,700
US1CAMR0011,20170208,PRCP,140,,,N,700
US1CAMR0011,20170209,PRCP,137,,,N,700
US1CAMR0011,20170210,PRCP,368,,,N,700
US1CAMR0011,20170216,PRCP,208,,,N,700
US1CAMR0011,20170217,PRCP,79,,,N,700
US1CAMR0011,20170218,PRCP,328,,,N,700
US1CAMR0011,20170219,PRCP,69,,,N,700
US1CAMR0011,20170220,PRCP,124,,,N,700
US1CAMR0011,20170221,PRCP,211,,,N,700
US1CAMR0011,20170305,PRCP,89,,,N,700
US1CAMR0011,20170306,PRCP,64,,,N,700
US1CAMR0011,20170307,PRCP,13,,,N,700
US1CAMR0011,20170316,PRCP,10,,,N,700
US1CAMR0011,20170406,PRCP,28,,,N,700
US1CAMR0011,20170407,PRCP,234,,,N,700
US1CAMR0011,20170409,PRCP,38,,,N,700
US1CAMR0011,20170425,PRCP,8,,,N,700
US1CAMR0011,20170426,PRCP,10,,,N,700
US1CAMR0011,20170608,PRCP,94,,,N,700
US1CAMR0011,20170609,PRCP,23,,,N,700
US1CAMR0011,20171020,PRCP,58,,,N,700
US1CAMR0011,20171104,PRCP,51,,,N,700
US1CAMR0011,20171109,PRCP,231,,,N,700
US1CAMR0011,20171110,PRCP,41,,,N,700
US1CAMR0011,20171113,PRCP,20,,,N,700
US1CAMR0011,20171114,PRCP,41,,,N,700
US1CAMR0011,20171115,PRCP,48,,,N,700
US1CAMR0011,20171116,PRCP,378,,,N,700
US1CAMR0011,20171117,PRCP,43,,,N,700
US1CAMR0011,20171127,PRCP,216,,,N,700
US1CAMR0011,20171127,SNOW,0,,,N,700
US1CAMR0011,20171203,PRCP,25,,,N,700
US1CAMR0011,20180104,PRCP,48,,,N,700
US1CAMR0011,20180105,PRCP,71,,,N,700
US1CAMR0011,20180106,PRCP,81,,,N,700
US1CAMR0011,20180108,PRCP,104,,,N,700
US1CAMR0011,20180109,PRCP,909,,,N,700
US1CAMR0011,20180110,PRCP,18,,,N,700
US1CAMR0011,20180111,PRCP,23,,,N,700
US1CAMR0011,20180116,PRCP,36,,,N,700
US1CAMR0011,20180118,PRCP,13,,,N,700
US1CAMR0011,20180119,PRCP,97,,,N,700
US1CAMR0011,20180122,PRCP,201,,,N,700
US1CAMR0011,20180125,PRCP,173,,,N,700
US1CAMR0011,20180126,PRCP,15,,,N,700
US1CAMR0011,20180122,SNOW,0,,,N,700
US1CAMR0011,20180226,PRCP,33,,,N,700
US1CAMR0011,20180301,PRCP,241,,,N,700
US1CAMR0011,20180302,PRCP,163,,,N,700
US1CAMR0011,20180303,PRCP,79,,,N,700
US1CAMR0011,20180313,PRCP,175,,,N,700
US1CAMR0011,20180315,PRCP,23,,,N,700
US1CAMR0011,20180316,PRCP,188,,,N,700
US1CAMR0011,20180321,PRCP,196,,,N,700
US1CAMR0011,20180406,PRCP,318,,,N,700
US1CAMR0011,20180412,PRCP,84,,,N,700
US1CAMR0011,20180416,PRCP,89,,,N,700
US1CAMR0011,20181002,PRCP,277,,,N,700
US1CAMR0011,20181121,PRCP,15,,,N,700
US1CAMR0011,20181122,PRCP,203,,,N,700
US1CAMR0011,20181123,PRCP,241,,,N,700
US1CAMR0011,20181124,PRCP,201,,,N,700
US1CAMR0011,20181128,PRCP,89,,,N,700
US1CAMR0011,20181201,PRCP,33,,,N,700
US1CAMR0011,20181202,PRCP,64,,,N,700
US1CAMR0011,20181205,PRCP,46,,,N,700
US1CAMR0011,20181211,PRCP,15,,,N,700
US1CAMR0011,20181215,PRCP,160,,,N,700
US1CAMR0011,20181217,PRCP,198,,,N,700
US1CAMR0011,20181219,PRCP,46,,,N,700
US1CAMR0011,20181221,PRCP,46,,,N,700
US1CAMR0011,20181224,PRCP,41,,,N,700
US1CAMR0011,20181225,PRCP,109,,,N,700
US1CAMR0011,20190105,PRCP,23,,,N,700
US1CAMR0011,20190106,PRCP,122,,,N,700
US1CAMR0011,20190107,PRCP,439,,,N,700
US1CAMR0011,20190109,PRCP,160,,,N,700
US1CAMR0011,20190110,PRCP,10,,,N,700
US1CAMR0011,20190115,PRCP,114,,,N,700
US1CAMR0011,20190116,PRCP,81,,,N,700
US1CAMR0011,20190117,PRCP,445,,,N,700
US1CAMR0011,20190118,PRCP,20,,,N,700
US1CAMR0011,20190120,PRCP,89,,,N,700
US1CAMR0011,20190121,PRCP,53,,,N,700
US1CAMR0011,20190131,PRCP,64,,,N,700
US1CAMR0011,20190201,PRCP,10,,,N,700
US1CAMR0011,20190202,PRCP,277,,,N,700
US1CAMR0011,20190203,PRCP,71,,,N,700
US1CAMR0011,20190204,PRCP,150,,,N,700
US1CAMR0011,20190205,PRCP,109,,,N,700
US1CAMR0011,20190209,PRCP,61,,,N,700
US1CAMR0011,20190210,PRCP,102,,,N,700
US1CAMR0011,20190212,PRCP,10,,,N,700
US1CAMR0011,20190213,PRCP,526,,,N,700
US1CAMR0011,20190214,PRCP,442,,,N,700
US1CAMR0011,20190215,PRCP,86,,,N,700
US1CAMR0011,20190216,PRCP,99,,,N,700
US1CAMR0011,20190217,PRCP,28,,,N,700
US1CAMR0011,20190225,PRCP,5,,,N,700
US1CAMR0011,20190226,PRCP,947,,,N,700
US1CAMR0011,20190227,PRCP,803,,,N,700
US1CAMR0011,20190302,PRCP,216,,,N,700
US1CAMR0011,20190303,PRCP,15,,,N,700
US1CAMR0011,20190306,PRCP,315,,,N,700
US1CAMR0011,20190309,PRCP,25,,,N,700
US1CAMR0011,20190310,PRCP,203,,,N,700
US1CAMR0011,20190320,PRCP,124,,,N,700
US1CAMR0011,20190322,PRCP,33,,,N,700
US1CAMR0011,20190326,PRCP,99,,,N,700
US1CAMR0011,20190327,PRCP,79,,,N,700
US1CAMR0011,20190328,PRCP,53,,,N,700
US1CAMR0011,20190329,PRCP,173,,,N,700
US1CAMR0011,20190405,PRCP,109,,,N,700
US1CAMR0011,20190515,PRCP,20,,,N,700
US1CAMR0011,20190516,PRCP,333,,,N,700
US1CAMR0011,20190517,PRCP,109,,,N,700
US1CAMR0011,20190519,PRCP,229,,,N,700
US1CAMR0011,20190521,PRCP,112,,,N,700
US1CAMR0011,20190522,PRCP,8,,,N,700
US1CAMR0011,20190917,PRCP,10,,,N,700
US1CAMR0011,20190918,PRCP,20,,,N,700
US1CAMR0011,20191127,PRCP,236,,,N,700
US1CAMR0011,20191201,PRCP,292,,,N,700
US1CAMR0011,20191202,PRCP,206,,,N,700
US1CAMR0011,20191203,PRCP,33,,,N,700
US1CAMR0011,20191204,PRCP,38,,,N,700
US1CAMR0011,20191205,PRCP,99,,,N,700
US1CAMR0011,20191206,PRCP,15,,,N,700
US1CAMR0011,20191207,PRCP,221,,,N,700
US1CAMR0011,20191208,PRCP,201,,,N,700
US1CAMR0011,20191209,PRCP,5,,,N,700
US1CAMR0011,20191210,PRCP,5,,,N,700
US1CAMR0011,20191211,PRCP,84,,,N,700
US1CAMR0011,20191212,PRCP,155,,,N,700
US1CAMR0011,20191213,PRCP,8,,,N,700
US1CAMR0011,20191218,PRCP,122,,,N,700
US1CAMR0011,20191219,PRCP,119,,,N,700
US1CAMR0011,20200104,PRCP,23,,,N,700
US1CAMR0011,20200109,PRCP,74,,,N,700
US1CAMR0011,20200111,PRCP,33,,,N,700
US1CAMR0011,20200114,PRCP,58,,,N,700
US1CAMR0011,20200116,PRCP,53,,,N,700
US1CAMR0011,20200126,PRCP,109,,,N,700
US1CAMR0011,20200129,PRCP,48,,,N,700
US1CAMR0011,20200314,PRCP,48,,,N,700
US1CAMR0011,20200315,PRCP,25,,,N,700
US1CAMR0011,20200316,PRCP,23,,,N,700
US1CAMR0011,20200318,PRCP,30,,,N,700
US1CAMR0011,20200325,PRCP,48,,,N,700
US1CAMR0011,20200328,PRCP,8,,,N,700
US1CAMR0011,20200330,PRCP,97,,,N,700
US1CAMR0011,20200406,PRCP,53,,,N,700
US1CAMR0011,20200407,PRCP,28,,,N,700
US1CAMR0011,20200513,PRCP,61,,,N,700
US1CAMR0011,20200514,PRCP,66,,,N,700
US1CAMR0011,20200515,PRCP,25,,,N,700
US1CAMR0011,20200517,PRCP,56,,,N,700
US1CAMR0011,20200518,PRCP,58,,,N,700
US1CAMR0011,20200816,PRCP,13,,,N,700
US1CAMR0011,20201112,PRCP,58,,,N,700
US1CAMR0011,20201118,PRCP,127,,,N,700
US1CAMR0011,20201212,PRCP,109,,,N,700
US1CAMR0011,20201217,PRCP,201,,,N,700
US1CAMR0011,20201226,PRCP,124,,,N,700
US1CAMR0011,20210102,PRCP,51,,,N,700
US1CAMR0011,20210104,PRCP,28,,,N,700
US1CAMR0011,20210107,PRCP,140,,,N,700
US1CAMR0011,20210108,PRCP,38,,,N,700
US1CAMR0011,20210111,PRCP,33,,,N,700
US1CAMR0011,20210122,PRCP,23,,,N,700
US1CAMR0011,20210123,PRCP,36,,,N,700
US1CAMR0011,20210127,PRCP,358,,,N,700
US1CAMR0011,20210128,PRCP,135,,,N,700
US1CAMR0011,20210131,PRCP,71,,,N,700
US1CAMR0011,20210202,PRCP,155,,,N,700
US1CAMR0011,20210213,PRCP,135,,,N,700
US1CAMR0011,20210306,PRCP,74,,,N,700
US1CAMR0011,20210309,PRCP,48,,,N,700
US1CAMR0011,20210310,PRCP,76,,,N,700
US1CAMR0011,20210311,PRCP,28,,,N,700
US1CAMR0011,20210319,PRCP,150,,,N,700
US1CAMR0011,20210611,PRCP,3,,,N,700
US1CAMR0011,20210613,PRCP,13,,,N,700
US1CAMR0011,20210910,PRCP,15,,,N,700
US1CAMR0011,20210919,PRCP,84,,,N,700
US1CAMR0011,20211018,PRCP,61,,,N,700
US1CAMR0011,20211020,PRCP,94,,,N,700
US1CAMR0011,20211021,PRCP,79,,,N,700
US1CAMR0011,20211022,PRCP,363,,,N,700
US1CAMR0011,20211023,PRCP,23,,,N,700
US1CAMR0011,20211024,PRCP,597,,,N,700
US1CAMR0011,20211025,PRCP,1260,,,N,700
US1CAMR0011,20211027,PRCP,20,,,N,700
US1CAMR0011,20211029,PRCP,0,,,N,700
US1CAMR0011,20211029,SNOW,0,,,N,700
US1CAMR0011,20211212,PRCP,130,,,N,700
US1CAMR0011,20211213,PRCP,239,,,N,700
US1CAMR0011,20211216,PRCP,277,,,N,700
US1CAMR0011,20211222,PRCP,122,,,N,700
US1CAMR0011,20211223,PRCP,368,,,N,700
US1CAMR0011,20211224,PRCP,64,,,N,700
US1CAMR0011,20211225,PRCP,58,,,N,700
US1CAMR0011,20211226,PRCP,84,,,N,700
US1CAMR0011,20211227,PRCP,97,,,N,700
US1CAMR0011,20220221,PRCP,20,,,N,700
US1CAMR0011,20220223,PRCP,10,,,N,700
US1CAMR0011,20220303,PRCP,66,,,N,700
US1CAMR0011,20220304,PRCP,8,,,N,700
US1CAMR0011,20220305,PRCP,13,,,N,700
US1CAMR0011,20220328,PRCP,117,,,N,700
US1CAMR0011,20220411,PRCP,28,,,N,700
US1CAMR0011,20220414,PRCP,15,,,N,700
US1CAMR0011,20220415,PRCP,211,,,N,700
US1CAMR0011,20220416,PRCP,211,,,N,700
US1CAMR0011,20220605,PRCP,262,,,N,700
US1CAMR0011,20220918,PRCP,53,,,N,700
US1CAMR0011,20221101,PRCP,48,,,N,700
US1CAMR0011,20221105,PRCP,8,,,N,700
US1CAMR0011,20221108,PRCP,71,,,N,700
US1CAMR0011,20221109,PRCP,76,,,N,700
US1CAMR0011,20221201,PRCP,244,,,N,700
US1CAMR0011,20221202,PRCP,48,,,N,700
US1CAMR0011,20221204,PRCP,46,,,N,700
US1CAMR0011,20221205,PRCP,43,,,N,700
US1CAMR0011,20221206,PRCP,267,,,N,700
US1CAMR0011,20221207,PRCP,15,,,N,700
US1CAMR0011,20221211,PRCP,211,,,N,700
US1CAMR0011,20221212,PRCP,107,,,N,700
US1CAMR0011,20221227,PRCP,620,,,N,700
US1CAMR0011,20221229,PRCP,124,,,N,700
US1CAMR0011,20221230,PRCP,312,,,N,700
US1CAMR0011,20221231,PRCP,368,,,N,700
US1CAMR0011,20230101,PRCP,104,,,N,700
US1CAMR0011,20230102,PRCP,5,,,N,700
US1CAMR0011,20230103,PRCP,94,,,N,700
US1CAMR0011,20230104,PRCP,107,,,N,700
US1CAMR0011,20230105,PRCP,478,,,N,700
US1CAMR0011,20230106,PRCP,234,,,N,700
US1CAMR0011,20230107,PRCP,46,,,N,700
US1CAMR0011,20230108,PRCP,389,,,N,700
US1CAMR0011,20230109,PRCP,437,,,N,700
US1CAMR0011,20230110,PRCP,178,,,N,700
US1CAMR0011,20230111,PRCP,53,,,N,700
US1CAMR0011,20230112,PRCP,361,,,N,700
US1CAMR0011,20230113,PRCP,86,,,N,700
US1CAMR0011,20230114,PRCP,335,,,N,700
US1CAMR0011,20230115,PRCP,239,,,N,700
US1CAMR0011,20230116,PRCP,142,,,N,700
US1CAMR0011,20230119,PRCP,46,,,N,700
US1CAMR0011,20230203,PRCP,137,,,N,700
US1CAMR0011,20230205,PRCP,137,,,N,700
US1CAMR0011,20230211,PRCP,28,,,N,700
US1CAMR0011,20230224,PRCP,345,,,N,700
US1CAMR0011,20230225,PRCP,15,,,N,700
US1CAMR0011,20230226,PRCP,13,,,N,700
US1CAMR0011,20230227,PRCP,91,,,N,700
US1CAMR0011,20230228,PRCP,147,,,N,700
US1CAMR0011,20230301,PRCP,109,,,N,700
US1CAMR0011,20230306,PRCP,86,,,N,700
US1CAMR0011,20230307,PRCP,15,,,N,700
US1CAMR0011,20230308,PRCP,41,,,N,700
US1CAMR0011,20230309,PRCP,5,,,N,700
US1CAMR0011,20230310,PRCP,589,,,N,700
US1CAMR0011,20230311,PRCP,5,,,N,700
US1CAMR0011,20230312,PRCP,81,,,N,700
US1CAMR0011,20230313,PRCP,84,,,N,700
US1CAMR0011,20230314,PRCP,155,,,N,700
US1CAMR0011,20230315,PRCP,180,,,N,700
US1CAMR0011,20230319,PRCP,117,,,N,700
US1CAMR0011,20230320,PRCP,122,,,N,700
US1CAMR0011,20230321,PRCP,8,,,N,700
US1CAMR0011,20230322,PRCP,328,,,N,700
US1CAMR0011,20230328,PRCP,71,,,N,700
US1CAMR0011,20230329,PRCP,351,,,N,700
US1CAMR0011,20230330,PRCP,71,,,N,700
US1CAMR0011,20230402,PRCP,15,,,N,700
US1CAMR0011,20230418,PRCP,41,,,N,700
US1CAMR0011,20230503,PRCP,155,,,N,700
US1CAMR0011,20230508,PRCP,38,,,N,700
US1CAMR0011,20230926,PRCP,33,,,N,700
US1CAMR0011,20231010,PRCP,28,,,N,700
US1CAMR0011,20231022,PRCP,66,,,N,700
US1CAMR0011,20231023,PRCP,104,,,N,700
US1CAMR0011,20231105,PRCP,30,,,N,700
US1CAMR0011,20231106,PRCP,155,,,N,700
US1CAMR0011,20231114,PRCP,15,,,N,700
US1CAMR0011,20231118,PRCP,472,,,N,700
US1CAMR0011,20231119,PRCP,18,,,N,700
US1CAMR0011,20231129,PRCP,46,,,N,700
US1CAMR0011,20231202,PRCP,71,,,N,700
US1CAMR0011,20231207,PRCP,155,,,N,700
US1CAMR0011,20231218,PRCP,264,,,N,700
US1CAMR0011,20231219,PRCP,185,,,N,700
US1CAMR0011,20231220,PRCP,305,,,N,700
US1CAMR0011,20231228,PRCP,160,,,N,700
US1CAMR0011,20231229,PRCP,61,,,N,700
US1CAMR0011,20240109,PRCP,36,,,N,700
US1CAMR0011,20240110,PRCP,56,,,N,700
US1CAMR0011,20240111,PRCP,28,,,N,700
US1CAMR0011,20240113,PRCP,46,,,N,700
US1CAMR0011,20240114,PRCP,292,,,N,700
US1CAMR0011,20240117,PRCP,147,,,N,700
US1CAMR0011,20240120,PRCP,147,,,N,700
US1CAMR0011,20240121,PRCP,135,,,N,700
US1CAMR0011,20240122,PRCP,236,,,N,700
US1CAMR0011,20240124,PRCP,41,,,N,700
US1CAMR0011,20240125,PRCP,56,,,N,700
US1CAMR0011,20240201,PRCP,409,,,N,700
US1CAMR0011,20240202,PRCP,84,,,N,700
US1CAMR0011,20240203,PRCP,25,,,N,700
US1CAMR0011,20240204,PRCP,290,,,N,700
US1CAMR0011,20240214,PRCP,102,,,N,700
US1CAMR0011,20240215,PRCP,104,,,N,700
US1CAMR0011,20240218,PRCP,279,,,N,700
US1CAMR0011,20240219,PRCP,455,,,N,700
US1CAMR0011,20240220,PRCP,251,,,N,700
US1CAMR0011,20240221,PRCP,185,,,N,700
US1CAMR0011,20240222,PRCP,102,,,N,700
US1CAMR0011,20240229,PRCP,28,,,N,700
US1CAMR0011,20240301,PRCP,81,,,N,700
US1CAMR0011,20240302,PRCP,84,,,N,700
US1CAMR0011,20240303,PRCP,79,,,N,700
US1CAMR0011,20240304,PRCP,41,,,N,700
US1CAMR0011,20240305,PRCP,81,,,N,700
US1CAMR0011,20240306,PRCP,8,,,N,700
US1CAMR0011,20240312,PRCP,81,,,N,700
US1CAMR0011,20240323,PRCP,211,,,N,700
US1CAMR0011,20240324,PRCP,89,,,N,700
US1CAMR0011,20240328,PRCP,109,,,N,700
US1CAMR0011,20240330,PRCP,208,,,N,700
US1CAMR0011,20240404,PRCP,46,,,N,700
US1CAMR0011,20240405,PRCP,48,,,N,700
US1CAMR0011,20240413,PRCP,168,,,N,700
US1CAMR0011,20240414,PRCP,28,,,N,700
US1CAMR0011,20240426,PRCP,20,,,N,700
US1CAMR0011,20240504,PRCP,94,,,N,700
US1CAMR0011,20240505,PRCP,211,,,N,700
US1CAMR0011,20240824,PRCP,13,,,N,700
US1CAMR0011,20241012,PRCP,5,,,N,700
US1CAMR0011,20241013,PRCP,104,,,N,700
US1CAMR0011,20241028,PRCP,15,,,N,700
US1CAMR0011,20241031,PRCP,58,,,N,700
US1CAMR0011,20241102,PRCP,211,,,N,700
US1CAMR0011,20241111,PRCP,28,,,N,700
US1CAMR0011,20241112,PRCP,145,,,N,700
US1CAMR0011,20241114,PRCP,58,,,N,700
US1CAMR0011,20241120,PRCP,135,,,N,700
US1CAMR0011,20241121,PRCP,919,,,N,700
US1CAMR0011,20241122,PRCP,615,,,N,700
US1CAMR0011,20241123,PRCP,531,,,N,700
US1CAMR0011,20241124,PRCP,20,,,N,700
US1CAMR0011,20241125,PRCP,8,,,N,700
US1CAMR0011,20241126,PRCP,107,,,N,700
US1CAMR0011,20241212,PRCP,282,,,N,700
US1CAMR0011,20241213,PRCP,145,,,N,700
US1CAMR0011,20241214,PRCP,518,,,N,700
US1CAMR0011,20241216,PRCP,163,,,N,700
US1CAMR0011,20241217,PRCP,127,,,N,700
US1CAMR0011,20241222,PRCP,180,,,N,700
US1CAMR0011,20241223,PRCP,117,,,N,700
US1CAMR0011,20241224,PRCP,211,,,N,700
US1CAMR0011,20241225,PRCP,20,,,N,700
US1CAMR0011,20241226,PRCP,23,,,N,700
US1CAMR0011,20241227,PRCP,274,,,N,700
US1CAMR0011,20241228,PRCP,58,,,N,700
US1CAMR0011,20241229,PRCP,185,,,N,700
US1CAMR0011,20241230,PRCP,30,,,N,700
US1CAMR0011,20250103,PRCP,71,,,N,700
US1CAMR0011,20250104,PRCP,99,,,N,700
US1CAMR0011,20250131,PRCP,8,,,N,700
US1CAMR0011,20250201,PRCP,269,,,N,700
US1CAMR0011,20250202,PRCP,414,,,N,700
US1CAMR0011,20250203,PRCP,109,,,N,700
US1CAMR0011,20250204,PRCP,262,,,N,700
US1CAMR0011,20250205,PRCP,363,,,N,700
US1CAMR0011,20250206,PRCP,8,,,N,700
US1CAMR0011,20250213,PRCP,333,,,N,700
US1CAMR0011,20250214,PRCP,211,,,N,700
