US1CASU0005,20100509,PRCP,0,Unnamed: 4,Unnamed: 5,N,0700
US1CASU0005,20100509,SNOW,0,,,N,700
US1CASU0005,20100612,PRCP,0,,,N,700
US1CASU0005,20100612,SNOW,0,,,N,700
US1CASU0005,20110401,PRCP,58,,,N,700
US1CASU0005,20111101,PRCP,0,,,N,700
US1CASU0005,20111102,PRCP,0,,,N,700
US1CASU0005,20111103,PRCP,0,,,N,700
US1CASU0005,20111104,PRCP,0,T,,N,700
US1CASU0005,20111105,PRCP,0,,,N,700
US1CASU0005,20111106,PRCP,150,,,N,700
US1CASU0005,20111107,PRCP,5,,,N,700
US1CASU0005,20111108,PRCP,0,,,N,700
US1CASU0005,20111109,PRCP,0,,,N,700
US1CASU0005,20111110,PRCP,0,,,N,700
US1CASU0005,20111111,PRCP,0,,,N,700
US1CASU0005,20111112,PRCP,18,,,N,700
US1CASU0005,20111113,PRCP,0,,,N,700
US1CASU0005,20111114,PRCP,0,,,N,700
US1CASU0005,20111115,PRCP,0,,,N,700
US1CASU0005,20111116,PRCP,0,,,N,700
US1CASU0005,20111117,PRCP,0,,L,N,700
US1CASU0005,20111122,PRCP,0,,,N,700
US1CASU0005,20111123,PRCP,0,,,N,700
US1CASU0005,20111124,PRCP,56,,,N,700
US1CASU0005,20111125,PRCP,46,,,N,700
US1CASU0005,20111126,PRCP,0,,,N,700
US1CASU0005,20111127,PRCP,0,,,N,700
US1CASU0005,20111128,PRCP,0,T,,N,700
US1CASU0005,20111129,PRCP,0,,,N,700
US1CASU0005,20111130,PRCP,5,,,N,700
US1CASU0005,20111101,SNOW,0,,,N,700
US1CASU0005,20111102,SNOW,0,,,N,700
US1CASU0005,20111103,SNOW,0,,,N,700
US1CASU0005,20111105,SNOW,0,,,N,700
US1CASU0005,20111108,SNOW,0,,,N,700
US1CASU0005,20111109,SNOW,0,,,N,700
US1CASU0005,20111110,SNOW,0,,,N,700
US1CASU0005,20111111,SNOW,0,,,N,700
US1CASU0005,20111113,SNOW,0,,,N,700
US1CASU0005,20111114,SNOW,0,,,N,700
US1CASU0005,20111115,SNOW,0,,,N,700
US1CASU0005,20111116,SNOW,0,,,N,700
US1CASU0005,20111117,SNOW,0,,,N,700
US1CASU0005,20111122,SNOW,0,,,N,700
US1CASU0005,20111123,SNOW,0,,,N,700
US1CASU0005,20111125,SNOW,0,,,N,700
US1CASU0005,20111126,SNOW,0,,,N,700
US1CASU0005,20111127,SNOW,0,,,N,700
US1CASU0005,20111129,SNOW,0,,,N,700
US1CASU0005,20111121,DAPR,5,,L,N,700
US1CASU0005,20111121,MDPR,89,,L,N,700
US1CASU0005,20111201,PRCP,0,,,N,700
US1CASU0005,20111202,PRCP,0,,,N,700
US1CASU0005,20111203,PRCP,0,,,N,700
US1CASU0005,20111204,PRCP,0,,,N,700
US1CASU0005,20111205,PRCP,0,,,N,700
US1CASU0005,20111206,PRCP,0,,,N,700
US1CASU0005,20111207,PRCP,0,,,N,700
US1CASU0005,20111208,PRCP,0,,,N,700
US1CASU0005,20111209,PRCP,0,,,N,700
US1CASU0005,20111210,PRCP,0,,,N,700
US1CASU0005,20111211,PRCP,0,,,N,700
US1CASU0005,20111212,PRCP,0,,,N,700
US1CASU0005,20111213,PRCP,0,,,N,700
US1CASU0005,20111214,PRCP,0,,,N,700
US1CASU0005,20111215,PRCP,53,,,N,700
US1CASU0005,20111216,PRCP,0,,,N,700
US1CASU0005,20111217,PRCP,0,,,N,700
US1CASU0005,20111218,PRCP,0,,,N,700
US1CASU0005,20111219,PRCP,0,,,N,700
US1CASU0005,20111220,PRCP,0,,,N,700
US1CASU0005,20111221,PRCP,0,,,N,700
US1CASU0005,20111222,PRCP,0,,,N,700
US1CASU0005,20111223,PRCP,0,,,N,700
US1CASU0005,20111224,PRCP,0,,,N,700
US1CASU0005,20111225,PRCP,0,,,N,700
US1CASU0005,20111226,PRCP,0,,,N,700
US1CASU0005,20111227,PRCP,0,,,N,700
US1CASU0005,20111228,PRCP,0,,,N,700
US1CASU0005,20111229,PRCP,0,,,N,700
US1CASU0005,20111230,PRCP,0,,,N,700
US1CASU0005,20111231,PRCP,0,,,N,700
US1CASU0005,20111201,SNOW,0,,,N,700
US1CASU0005,20111202,SNOW,0,,,N,700
US1CASU0005,20111203,SNOW,0,,,N,700
US1CASU0005,20111204,SNOW,0,,,N,700
US1CASU0005,20111205,SNOW,0,,,N,700
US1CASU0005,20111206,SNOW,0,,,N,700
US1CASU0005,20111207,SNOW,0,,,N,700
US1CASU0005,20111208,SNOW,0,,,N,700
US1CASU0005,20111209,SNOW,0,,,N,700
US1CASU0005,20111210,SNOW,0,,,N,700
US1CASU0005,20111211,SNOW,0,,,N,700
US1CASU0005,20111212,SNOW,0,,,N,700
US1CASU0005,20111213,SNOW,0,,,N,700
US1CASU0005,20111214,SNOW,0,,,N,700
US1CASU0005,20111216,SNOW,0,,,N,700
US1CASU0005,20111217,SNOW,0,,,N,700
US1CASU0005,20111218,SNOW,0,,,N,700
US1CASU0005,20111219,SNOW,0,,,N,700
US1CASU0005,20111220,SNOW,0,,,N,700
US1CASU0005,20111221,SNOW,0,,,N,700
US1CASU0005,20111222,SNOW,0,,,N,700
US1CASU0005,20111223,SNOW,0,,,N,700
US1CASU0005,20111224,SNOW,0,,,N,700
US1CASU0005,20111225,SNOW,0,,,N,700
US1CASU0005,20111226,SNOW,0,,,N,700
US1CASU0005,20111227,SNOW,0,,,N,700
US1CASU0005,20111228,SNOW,0,,,N,700
US1CASU0005,20111229,SNOW,0,,,N,700
US1CASU0005,20111230,SNOW,0,,,N,700
US1CASU0005,20111231,SNOW,0,,,N,700
US1CASU0005,20120101,PRCP,0,,,N,700
US1CASU0005,20120102,PRCP,0,,,N,700
US1CASU0005,20120103,PRCP,0,,,N,700
US1CASU0005,20120104,PRCP,0,,,N,700
US1CASU0005,20120105,PRCP,0,,,N,700
US1CASU0005,20120106,PRCP,0,,,N,700
US1CASU0005,20120107,PRCP,0,,,N,700
US1CASU0005,20120108,PRCP,0,,,N,700
US1CASU0005,20120109,PRCP,0,,,N,700
US1CASU0005,20120110,PRCP,0,,,N,700
US1CASU0005,20120111,PRCP,0,,,N,700
US1CASU0005,20120112,PRCP,0,,,N,700
US1CASU0005,20120113,PRCP,0,,,N,700
US1CASU0005,20120114,PRCP,0,,,N,700
US1CASU0005,20120115,PRCP,0,,,N,700
US1CASU0005,20120116,PRCP,0,,,N,700
US1CASU0005,20120117,PRCP,0,,,N,700
US1CASU0005,20120118,PRCP,0,,,N,700
US1CASU0005,20120119,PRCP,0,,,N,700
US1CASU0005,20120120,PRCP,178,,,N,700
US1CASU0005,20120121,PRCP,284,,,N,700
US1CASU0005,20120123,PRCP,338,,,N,700
US1CASU0005,20120124,PRCP,84,,,N,700
US1CASU0005,20120125,PRCP,0,,,N,700
US1CASU0005,20120126,PRCP,0,,,N,700
US1CASU0005,20120127,PRCP,0,,,N,700
US1CASU0005,20120128,PRCP,0,,,N,700
US1CASU0005,20120129,PRCP,0,,,N,700
US1CASU0005,20120130,PRCP,0,,,N,700
US1CASU0005,20120131,PRCP,0,,,N,700
US1CASU0005,20120101,SNOW,0,,,N,700
US1CASU0005,20120102,SNOW,0,,,N,700
US1CASU0005,20120103,SNOW,0,,,N,700
US1CASU0005,20120104,SNOW,0,,,N,700
US1CASU0005,20120105,SNOW,0,,,N,700
US1CASU0005,20120106,SNOW,0,,,N,700
US1CASU0005,20120107,SNOW,0,,,N,700
US1CASU0005,20120108,SNOW,0,,,N,700
US1CASU0005,20120109,SNOW,0,,,N,700
US1CASU0005,20120110,SNOW,0,,,N,700
US1CASU0005,20120111,SNOW,0,,,N,700
US1CASU0005,20120112,SNOW,0,,,N,700
US1CASU0005,20120113,SNOW,0,,,N,700
US1CASU0005,20120114,SNOW,0,,,N,700
US1CASU0005,20120115,SNOW,0,,,N,700
US1CASU0005,20120116,SNOW,0,,,N,700
US1CASU0005,20120117,SNOW,0,,,N,700
US1CASU0005,20120118,SNOW,0,,,N,700
US1CASU0005,20120119,SNOW,0,,,N,700
US1CASU0005,20120121,SNOW,0,,,N,700
US1CASU0005,20120125,SNOW,0,,,N,700
US1CASU0005,20120126,SNOW,0,,,N,700
US1CASU0005,20120127,SNOW,0,,,N,700
US1CASU0005,20120128,SNOW,0,,,N,700
US1CASU0005,20120129,SNOW,0,,,N,700
US1CASU0005,20120130,SNOW,0,,,N,700
US1CASU0005,20120131,SNOW,0,,,N,700
US1CASU0005,20120202,PRCP,0,,,N,700
US1CASU0005,20120203,PRCP,0,,,N,700
US1CASU0005,20120204,PRCP,0,,,N,700
US1CASU0005,20120205,PRCP,0,,,N,700
US1CASU0005,20120206,PRCP,0,,,N,700
US1CASU0005,20120207,PRCP,25,,,N,700
US1CASU0005,20120208,PRCP,25,,,N,700
US1CASU0005,20120209,PRCP,0,,,N,700
US1CASU0005,20120210,PRCP,0,T,,N,700
US1CASU0005,20120211,PRCP,0,,,N,700
US1CASU0005,20120212,PRCP,5,,,N,700
US1CASU0005,20120213,PRCP,74,,,N,700
US1CASU0005,20120214,PRCP,0,,,N,700
US1CASU0005,20120215,PRCP,0,T,,N,700
US1CASU0005,20120216,PRCP,0,,,N,700
US1CASU0005,20120217,PRCP,0,,,N,700
US1CASU0005,20120219,PRCP,0,,,N,700
US1CASU0005,20120220,PRCP,0,,,N,700
US1CASU0005,20120221,PRCP,0,,,N,700
US1CASU0005,20120222,PRCP,0,,,N,700
US1CASU0005,20120223,PRCP,0,,,N,700
US1CASU0005,20120224,PRCP,0,,,N,700
US1CASU0005,20120225,PRCP,0,,,N,700
US1CASU0005,20120226,PRCP,0,,,N,700
US1CASU0005,20120227,PRCP,0,,,N,700
US1CASU0005,20120229,PRCP,51,,,N,700
US1CASU0005,20120202,SNOW,0,,,N,700
US1CASU0005,20120203,SNOW,0,,,N,700
US1CASU0005,20120204,SNOW,0,,,N,700
US1CASU0005,20120205,SNOW,0,,,N,700
US1CASU0005,20120206,SNOW,0,,,N,700
US1CASU0005,20120209,SNOW,0,,,N,700
US1CASU0005,20120211,SNOW,0,,,N,700
US1CASU0005,20120214,SNOW,0,,,N,700
US1CASU0005,20120216,SNOW,0,,,N,700
US1CASU0005,20120217,SNOW,0,,,N,700
US1CASU0005,20120219,SNOW,0,,,N,700
US1CASU0005,20120220,SNOW,0,,,N,700
US1CASU0005,20120221,SNOW,0,,,N,700
US1CASU0005,20120222,SNOW,0,,,N,700
US1CASU0005,20120223,SNOW,0,,,N,700
US1CASU0005,20120224,SNOW,0,,,N,700
US1CASU0005,20120225,SNOW,0,,,N,700
US1CASU0005,20120226,SNOW,0,,,N,700
US1CASU0005,20120227,SNOW,0,,,N,700
US1CASU0005,20120301,PRCP,76,,,N,700
US1CASU0005,20120302,PRCP,0,,,N,700
US1CASU0005,20120303,PRCP,0,,,N,700
US1CASU0005,20120304,PRCP,0,,,N,700
US1CASU0005,20120305,PRCP,0,,,N,700
US1CASU0005,20120306,PRCP,0,,,N,700
US1CASU0005,20120307,PRCP,0,,,N,700
US1CASU0005,20120308,PRCP,0,,,N,700
US1CASU0005,20120309,PRCP,0,,,N,700
US1CASU0005,20120311,PRCP,5,,,N,700
US1CASU0005,20120312,PRCP,0,,,N,700
US1CASU0005,20120313,PRCP,229,,,N,700
US1CASU0005,20120314,PRCP,137,,,N,700
US1CASU0005,20120315,PRCP,216,,,N,700
US1CASU0005,20120316,PRCP,20,,,N,700
US1CASU0005,20120317,PRCP,79,,,N,700
US1CASU0005,20120318,PRCP,43,,,N,700
US1CASU0005,20120319,PRCP,8,,,N,700
US1CASU0005,20120320,PRCP,0,,,N,700
US1CASU0005,20120321,PRCP,0,,,N,700
US1CASU0005,20120322,PRCP,0,,,N,700
US1CASU0005,20120323,PRCP,0,,,N,700
US1CASU0005,20120324,PRCP,0,,,N,700
US1CASU0005,20120325,PRCP,99,,,N,700
US1CASU0005,20120326,PRCP,3,,,N,700
US1CASU0005,20120327,PRCP,5,,,N,843
US1CASU0005,20120328,PRCP,201,,,N,700
US1CASU0005,20120329,PRCP,3,,,N,700
US1CASU0005,20120330,PRCP,53,,,N,700
US1CASU0005,20120331,PRCP,5,,,N,700
US1CASU0005,20120302,SNOW,0,,,N,700
US1CASU0005,20120303,SNOW,0,,,N,700
US1CASU0005,20120304,SNOW,0,,,N,700
US1CASU0005,20120305,SNOW,0,,,N,700
US1CASU0005,20120306,SNOW,0,,,N,700
US1CASU0005,20120307,SNOW,0,,,N,700
US1CASU0005,20120308,SNOW,0,,,N,700
US1CASU0005,20120309,SNOW,0,,,N,700
US1CASU0005,20120312,SNOW,0,,,N,700
US1CASU0005,20120320,SNOW,0,,,N,700
US1CASU0005,20120321,SNOW,0,,,N,700
US1CASU0005,20120322,SNOW,0,,,N,700
US1CASU0005,20120323,SNOW,0,,,N,700
US1CASU0005,20120324,SNOW,0,,,N,700
US1CASU0005,20120401,PRCP,58,,,N,700
US1CASU0005,20120402,PRCP,0,,,N,700
US1CASU0005,20120403,PRCP,0,,,N,700
US1CASU0005,20120404,PRCP,127,,,N,700
US1CASU0005,20120405,PRCP,0,,,N,700
US1CASU0005,20120406,PRCP,0,,,N,700
US1CASU0005,20120407,PRCP,0,,,N,700
US1CASU0005,20120408,PRCP,0,,,N,700
US1CASU0005,20120409,PRCP,0,,,N,700
US1CASU0005,20120410,PRCP,0,,,N,700
US1CASU0005,20120411,PRCP,43,,,N,700
US1CASU0005,20120412,PRCP,140,,,N,700
US1CASU0005,20120413,PRCP,89,,,N,700
US1CASU0005,20120414,PRCP,84,,,N,700
US1CASU0005,20120415,PRCP,0,,,N,700
US1CASU0005,20120416,PRCP,0,,,N,700
US1CASU0005,20120417,PRCP,0,,,N,700
US1CASU0005,20120418,PRCP,0,,,N,700
US1CASU0005,20120419,PRCP,0,,,N,700
US1CASU0005,20120420,PRCP,0,,,N,700
US1CASU0005,20120421,PRCP,0,,,N,700
US1CASU0005,20120422,PRCP,0,,,N,700
US1CASU0005,20120423,PRCP,0,,,N,700
US1CASU0005,20120424,PRCP,0,,,N,700
US1CASU0005,20120425,PRCP,0,,,N,700
US1CASU0005,20120426,PRCP,86,,,N,700
US1CASU0005,20120427,PRCP,0,,,N,700
US1CASU0005,20120428,PRCP,0,,,N,700
US1CASU0005,20120429,PRCP,0,,,N,700
US1CASU0005,20120430,PRCP,0,,,N,700
US1CASU0005,20120402,SNOW,0,,,N,700
US1CASU0005,20120403,SNOW,0,,,N,700
US1CASU0005,20120405,SNOW,0,,,N,700
US1CASU0005,20120406,SNOW,0,,,N,700
US1CASU0005,20120407,SNOW,0,,,N,700
US1CASU0005,20120408,SNOW,0,,,N,700
US1CASU0005,20120409,SNOW,0,,,N,700
US1CASU0005,20120410,SNOW,0,,,N,700
US1CASU0005,20120415,SNOW,0,,,N,700
US1CASU0005,20120416,SNOW,0,,,N,700
US1CASU0005,20120417,SNOW,0,,,N,700
US1CASU0005,20120418,SNOW,0,,,N,700
US1CASU0005,20120419,SNOW,0,,,N,700
US1CASU0005,20120420,SNOW,0,,,N,700
US1CASU0005,20120421,SNOW,0,,,N,700
US1CASU0005,20120422,SNOW,0,,,N,700
US1CASU0005,20120423,SNOW,0,,,N,700
US1CASU0005,20120424,SNOW,0,,,N,700
US1CASU0005,20120425,SNOW,0,,,N,700
US1CASU0005,20120427,SNOW,0,,,N,700
US1CASU0005,20120428,SNOW,0,,,N,700
US1CASU0005,20120429,SNOW,0,,,N,700
US1CASU0005,20120430,SNOW,0,,,N,700
US1CASU0005,20120501,PRCP,0,,,N,700
US1CASU0005,20120502,PRCP,0,,,N,700
US1CASU0005,20120503,PRCP,0,,,N,700
US1CASU0005,20120504,PRCP,0,,,N,700
US1CASU0005,20120505,PRCP,0,,,N,700
US1CASU0005,20120506,PRCP,0,,,N,700
US1CASU0005,20120507,PRCP,0,,,N,700
US1CASU0005,20120508,PRCP,0,,,N,700
US1CASU0005,20120509,PRCP,0,,,N,700
US1CASU0005,20120510,PRCP,0,,,N,700
US1CASU0005,20120511,PRCP,0,,,N,700
US1CASU0005,20120512,PRCP,0,,,N,700
US1CASU0005,20120513,PRCP,0,,,N,700
US1CASU0005,20120514,PRCP,0,,,N,700
US1CASU0005,20120515,PRCP,0,,,N,700
US1CASU0005,20120516,PRCP,0,,,N,700
US1CASU0005,20120517,PRCP,0,,,N,700
US1CASU0005,20120518,PRCP,0,,,N,700
US1CASU0005,20120519,PRCP,0,,,N,700
US1CASU0005,20120521,PRCP,0,,,N,700
US1CASU0005,20120522,PRCP,0,,,N,700
US1CASU0005,20120523,PRCP,0,,,N,700
US1CASU0005,20120524,PRCP,0,,,N,700
US1CASU0005,20120526,PRCP,3,,,N,700
US1CASU0005,20120527,PRCP,0,,,N,700
US1CASU0005,20120528,PRCP,0,,,N,700
US1CASU0005,20120529,PRCP,0,,,N,700
US1CASU0005,20120530,PRCP,0,,,N,700
US1CASU0005,20120531,PRCP,0,,,N,700
US1CASU0005,20120501,SNOW,0,,,N,700
US1CASU0005,20120502,SNOW,0,,,N,700
US1CASU0005,20120503,SNOW,0,,,N,700
US1CASU0005,20120504,SNOW,0,,,N,700
US1CASU0005,20120505,SNOW,0,,,N,700
US1CASU0005,20120506,SNOW,0,,,N,700
US1CASU0005,20120507,SNOW,0,,,N,700
US1CASU0005,20120508,SNOW,0,,,N,700
US1CASU0005,20120509,SNOW,0,,,N,700
US1CASU0005,20120510,SNOW,0,,,N,700
US1CASU0005,20120511,SNOW,0,,,N,700
US1CASU0005,20120512,SNOW,0,,,N,700
US1CASU0005,20120513,SNOW,0,,,N,700
US1CASU0005,20120514,SNOW,0,,,N,700
US1CASU0005,20120515,SNOW,0,,,N,700
US1CASU0005,20120516,SNOW,0,,,N,700
US1CASU0005,20120517,SNOW,0,,,N,700
US1CASU0005,20120518,SNOW,0,,,N,700
US1CASU0005,20120519,SNOW,0,,,N,700
US1CASU0005,20120521,SNOW,0,,,N,700
US1CASU0005,20120522,SNOW,0,,,N,700
US1CASU0005,20120523,SNOW,0,,,N,700
US1CASU0005,20120524,SNOW,0,,,N,700
US1CASU0005,20120527,SNOW,0,,,N,700
US1CASU0005,20120528,SNOW,0,,,N,700
US1CASU0005,20120529,SNOW,0,,,N,700
US1CASU0005,20120530,SNOW,0,,,N,700
US1CASU0005,20120531,SNOW,0,,,N,700
US1CASU0005,20120601,PRCP,0,,,N,700
US1CASU0005,20120602,PRCP,0,,,N,700
US1CASU0005,20120603,PRCP,0,,,N,700
US1CASU0005,20120604,PRCP,0,,,N,700
US1CASU0005,20120605,PRCP,13,,,N,700
US1CASU0005,20120606,PRCP,0,,,N,700
US1CASU0005,20120607,PRCP,0,,,N,700
US1CASU0005,20120608,PRCP,0,,,N,700
US1CASU0005,20120609,PRCP,0,,,N,700
US1CASU0005,20120610,PRCP,0,,,N,700
US1CASU0005,20120611,PRCP,0,,,N,700
US1CASU0005,20120612,PRCP,0,,,N,700
US1CASU0005,20120613,PRCP,0,,,N,700
US1CASU0005,20120614,PRCP,0,,,N,700
US1CASU0005,20120615,PRCP,0,,,N,700
US1CASU0005,20120616,PRCP,0,,,N,700
US1CASU0005,20120617,PRCP,0,,,N,700
US1CASU0005,20120618,PRCP,0,,,N,700
US1CASU0005,20120619,PRCP,0,,,N,700
US1CASU0005,20120620,PRCP,0,,,N,700
US1CASU0005,20120621,PRCP,0,,,N,700
US1CASU0005,20120622,PRCP,0,,,N,700
US1CASU0005,20120623,PRCP,0,,,N,700
US1CASU0005,20120624,PRCP,0,,,N,700
US1CASU0005,20120625,PRCP,0,,,N,700
US1CASU0005,20120626,PRCP,0,,,N,700
US1CASU0005,20120627,PRCP,0,,,N,700
US1CASU0005,20120628,PRCP,0,,,N,700
US1CASU0005,20120629,PRCP,0,,,N,700
US1CASU0005,20120630,PRCP,0,,,N,700
US1CASU0005,20120601,SNOW,0,,,N,700
US1CASU0005,20120602,SNOW,0,,,N,700
US1CASU0005,20120603,SNOW,0,,,N,700
US1CASU0005,20120604,SNOW,0,,,N,700
US1CASU0005,20120606,SNOW,0,,,N,700
US1CASU0005,20120607,SNOW,0,,,N,700
US1CASU0005,20120608,SNOW,0,,,N,700
US1CASU0005,20120609,SNOW,0,,,N,700
US1CASU0005,20120610,SNOW,0,,,N,700
US1CASU0005,20120611,SNOW,0,,,N,700
US1CASU0005,20120612,SNOW,0,,,N,700
US1CASU0005,20120613,SNOW,0,,,N,700
US1CASU0005,20120614,SNOW,0,,,N,700
US1CASU0005,20120615,SNOW,0,,,N,700
US1CASU0005,20120616,SNOW,0,,,N,700
US1CASU0005,20120617,SNOW,0,,,N,700
US1CASU0005,20120618,SNOW,0,,,N,700
US1CASU0005,20120619,SNOW,0,,,N,700
US1CASU0005,20120620,SNOW,0,,,N,700
US1CASU0005,20120621,SNOW,0,,,N,700
US1CASU0005,20120622,SNOW,0,,,N,700
US1CASU0005,20120623,SNOW,0,,,N,700
US1CASU0005,20120624,SNOW,0,,,N,700
US1CASU0005,20120625,SNOW,0,,,N,700
US1CASU0005,20120626,SNOW,0,,,N,700
US1CASU0005,20120627,SNOW,0,,,N,700
US1CASU0005,20120628,SNOW,0,,,N,700
US1CASU0005,20120629,SNOW,0,,,N,700
US1CASU0005,20120630,SNOW,0,,,N,700
US1CASU0005,20120701,PRCP,0,,,N,700
US1CASU0005,20120702,PRCP,0,,,N,700
US1CASU0005,20120703,PRCP,0,,,N,700
US1CASU0005,20120704,PRCP,0,,,N,700
US1CASU0005,20120705,PRCP,0,,,N,700
US1CASU0005,20120706,PRCP,0,,,N,700
US1CASU0005,20120707,PRCP,0,,,N,700
US1CASU0005,20120708,PRCP,0,,,N,700
US1CASU0005,20120709,PRCP,0,,,N,700
US1CASU0005,20120710,PRCP,0,,,N,700
US1CASU0005,20120711,PRCP,0,,,N,700
US1CASU0005,20120712,PRCP,0,,,N,700
US1CASU0005,20120713,PRCP,0,,,N,700
US1CASU0005,20120714,PRCP,0,,,N,700
US1CASU0005,20120715,PRCP,0,,,N,700
US1CASU0005,20120716,PRCP,0,,,N,700
US1CASU0005,20120717,PRCP,0,,,N,700
US1CASU0005,20120718,PRCP,0,,,N,700
US1CASU0005,20120719,PRCP,0,,,N,700
US1CASU0005,20120720,PRCP,0,,,N,700
US1CASU0005,20120721,PRCP,0,,,N,700
US1CASU0005,20120722,PRCP,0,,,N,700
US1CASU0005,20120723,PRCP,0,,,N,700
US1CASU0005,20120724,PRCP,0,T,,N,700
US1CASU0005,20120725,PRCP,0,,,N,700
US1CASU0005,20120726,PRCP,0,,,N,700
US1CASU0005,20120727,PRCP,0,,,N,700
US1CASU0005,20120728,PRCP,0,,,N,700
US1CASU0005,20120729,PRCP,0,,,N,700
US1CASU0005,20120730,PRCP,0,,,N,700
US1CASU0005,20120731,PRCP,0,,,N,700
US1CASU0005,20120701,SNOW,0,,,N,700
US1CASU0005,20120702,SNOW,0,,,N,700
US1CASU0005,20120703,SNOW,0,,,N,700
US1CASU0005,20120704,SNOW,0,,,N,700
US1CASU0005,20120705,SNOW,0,,,N,700
US1CASU0005,20120706,SNOW,0,,,N,700
US1CASU0005,20120707,SNOW,0,,,N,700
US1CASU0005,20120708,SNOW,0,,,N,700
US1CASU0005,20120709,SNOW,0,,,N,700
US1CASU0005,20120710,SNOW,0,,,N,700
US1CASU0005,20120711,SNOW,0,,,N,700
US1CASU0005,20120712,SNOW,0,,,N,700
US1CASU0005,20120713,SNOW,0,,,N,700
US1CASU0005,20120714,SNOW,0,,,N,700
US1CASU0005,20120715,SNOW,0,,,N,700
US1CASU0005,20120716,SNOW,0,,,N,700
US1CASU0005,20120717,SNOW,0,,,N,700
US1CASU0005,20120718,SNOW,0,,,N,700
US1CASU0005,20120719,SNOW,0,,,N,700
US1CASU0005,20120720,SNOW,0,,,N,700
US1CASU0005,20120721,SNOW,0,,,N,700
US1CASU0005,20120722,SNOW,0,,,N,700
US1CASU0005,20120723,SNOW,0,,,N,700
US1CASU0005,20120725,SNOW,0,,,N,700
US1CASU0005,20120726,SNOW,0,,,N,700
US1CASU0005,20120727,SNOW,0,,,N,700
US1CASU0005,20120728,SNOW,0,,,N,700
US1CASU0005,20120729,SNOW,0,,,N,700
US1CASU0005,20120730,SNOW,0,,,N,700
US1CASU0005,20120731,SNOW,0,,,N,700
US1CASU0005,20120801,PRCP,0,,,N,700
US1CASU0005,20120802,PRCP,0,,,N,700
US1CASU0005,20120803,PRCP,0,,,N,700
US1CASU0005,20120804,PRCP,0,,,N,700
US1CASU0005,20120805,PRCP,0,,,N,700
US1CASU0005,20120806,PRCP,0,,,N,700
US1CASU0005,20120807,PRCP,0,,,N,700
US1CASU0005,20120808,PRCP,0,,,N,700
US1CASU0005,20120809,PRCP,0,,,N,700
US1CASU0005,20120810,PRCP,0,,,N,700
US1CASU0005,20120811,PRCP,0,,,N,700
US1CASU0005,20120812,PRCP,0,,,N,700
US1CASU0005,20120813,PRCP,0,,,N,700
US1CASU0005,20120814,PRCP,0,,,N,700
US1CASU0005,20120815,PRCP,0,,,N,700
US1CASU0005,20120816,PRCP,0,,,N,700
US1CASU0005,20120817,PRCP,0,,,N,700
US1CASU0005,20120818,PRCP,0,,,N,700
US1CASU0005,20120819,PRCP,0,,,N,700
US1CASU0005,20120820,PRCP,0,,,N,700
US1CASU0005,20120821,PRCP,0,,,N,700
US1CASU0005,20120822,PRCP,0,,,N,700
US1CASU0005,20120823,PRCP,0,,,N,700
US1CASU0005,20120824,PRCP,0,,,N,700
US1CASU0005,20120825,PRCP,0,,,N,700
US1CASU0005,20120826,PRCP,0,,,N,700
US1CASU0005,20120827,PRCP,0,,,N,700
US1CASU0005,20120828,PRCP,0,,,N,700
US1CASU0005,20120829,PRCP,0,,,N,700
US1CASU0005,20120831,PRCP,0,,,N,700
US1CASU0005,20120801,SNOW,0,,,N,700
US1CASU0005,20120802,SNOW,0,,,N,700
US1CASU0005,20120803,SNOW,0,,,N,700
US1CASU0005,20120804,SNOW,0,,,N,700
US1CASU0005,20120805,SNOW,0,,,N,700
US1CASU0005,20120806,SNOW,0,,,N,700
US1CASU0005,20120807,SNOW,0,,,N,700
US1CASU0005,20120808,SNOW,0,,,N,700
US1CASU0005,20120809,SNOW,0,,,N,700
US1CASU0005,20120810,SNOW,0,,,N,700
US1CASU0005,20120811,SNOW,0,,,N,700
US1CASU0005,20120812,SNOW,0,,,N,700
US1CASU0005,20120813,SNOW,0,,,N,700
US1CASU0005,20120814,SNOW,0,,,N,700
US1CASU0005,20120815,SNOW,0,,,N,700
US1CASU0005,20120816,SNOW,0,,,N,700
US1CASU0005,20120817,SNOW,0,,,N,700
US1CASU0005,20120818,SNOW,0,,,N,700
US1CASU0005,20120819,SNOW,0,,,N,700
US1CASU0005,20120820,SNOW,0,,,N,700
US1CASU0005,20120821,SNOW,0,,,N,700
US1CASU0005,20120822,SNOW,0,,,N,700
US1CASU0005,20120823,SNOW,0,,,N,700
US1CASU0005,20120824,SNOW,0,,,N,700
US1CASU0005,20120825,SNOW,0,,,N,700
US1CASU0005,20120826,SNOW,0,,,N,700
US1CASU0005,20120827,SNOW,0,,,N,700
US1CASU0005,20120828,SNOW,0,,,N,700
US1CASU0005,20120829,SNOW,0,,,N,700
US1CASU0005,20120831,SNOW,0,,,N,700
US1CASU0005,20120901,PRCP,0,,,N,700
US1CASU0005,20120902,PRCP,0,,,N,700
US1CASU0005,20120903,PRCP,0,,,N,700
US1CASU0005,20120904,PRCP,0,,,N,700
US1CASU0005,20120905,PRCP,0,,,N,700
US1CASU0005,20120906,PRCP,0,,,N,700
US1CASU0005,20120907,PRCP,0,,,N,700
US1CASU0005,20120908,PRCP,0,,,N,700
US1CASU0005,20120909,PRCP,0,,,N,700
US1CASU0005,20120910,PRCP,0,,,N,700
US1CASU0005,20120911,PRCP,0,,,N,700
US1CASU0005,20120912,PRCP,0,,,N,700
US1CASU0005,20120913,PRCP,0,,,N,700
US1CASU0005,20120914,PRCP,0,,,N,700
US1CASU0005,20120915,PRCP,0,,,N,700
US1CASU0005,20120916,PRCP,0,,,N,700
US1CASU0005,20120917,PRCP,0,,,N,700
US1CASU0005,20120918,PRCP,0,,,N,700
US1CASU0005,20120919,PRCP,0,,,N,700
US1CASU0005,20120920,PRCP,0,,,N,700
US1CASU0005,20120921,PRCP,0,,,N,700
US1CASU0005,20120922,PRCP,0,,,N,700
US1CASU0005,20120923,PRCP,0,,,N,700
US1CASU0005,20120924,PRCP,0,,,N,700
US1CASU0005,20120925,PRCP,0,,,N,700
US1CASU0005,20120926,PRCP,0,,,N,700
US1CASU0005,20120927,PRCP,0,,,N,700
US1CASU0005,20120928,PRCP,0,,,N,700
US1CASU0005,20120929,PRCP,0,,,N,700
US1CASU0005,20120930,PRCP,0,,,N,700
US1CASU0005,20120901,SNOW,0,,,N,700
US1CASU0005,20120902,SNOW,0,,,N,700
US1CASU0005,20120903,SNOW,0,,,N,700
US1CASU0005,20120904,SNOW,0,,,N,700
US1CASU0005,20120905,SNOW,0,,,N,700
US1CASU0005,20120906,SNOW,0,,,N,700
US1CASU0005,20120907,SNOW,0,,,N,700
US1CASU0005,20120908,SNOW,0,,,N,700
US1CASU0005,20120909,SNOW,0,,,N,700
US1CASU0005,20120910,SNOW,0,,,N,700
US1CASU0005,20120911,SNOW,0,,,N,700
US1CASU0005,20120912,SNOW,0,,,N,700
US1CASU0005,20120913,SNOW,0,,,N,700
US1CASU0005,20120914,SNOW,0,,,N,700
US1CASU0005,20120915,SNOW,0,,,N,700
US1CASU0005,20120916,SNOW,0,,,N,700
US1CASU0005,20120917,SNOW,0,,,N,700
US1CASU0005,20120918,SNOW,0,,,N,700
US1CASU0005,20120919,SNOW,0,,,N,700
US1CASU0005,20120920,SNOW,0,,,N,700
US1CASU0005,20120921,SNOW,0,,,N,700
US1CASU0005,20120922,SNOW,0,,,N,700
US1CASU0005,20120923,SNOW,0,,,N,700
US1CASU0005,20120924,SNOW,0,,,N,700
US1CASU0005,20120925,SNOW,0,,,N,700
US1CASU0005,20120926,SNOW,0,,,N,700
US1CASU0005,20120927,SNOW,0,,,N,700
US1CASU0005,20120928,SNOW,0,,,N,700
US1CASU0005,20120929,SNOW,0,,,N,700
US1CASU0005,20120930,SNOW,0,,,N,700
US1CASU0005,20121001,PRCP,0,,,N,700
US1CASU0005,20121002,PRCP,0,,,N,700
US1CASU0005,20121003,PRCP,0,,,N,700
US1CASU0005,20121004,PRCP,0,,,N,700
US1CASU0005,20121005,PRCP,0,,,N,700
US1CASU0005,20121006,PRCP,0,,,N,700
US1CASU0005,20121007,PRCP,0,,,N,700
US1CASU0005,20121008,PRCP,0,,,N,700
US1CASU0005,20121009,PRCP,0,,,N,700
US1CASU0005,20121010,PRCP,0,,,N,700
US1CASU0005,20121011,PRCP,0,,,N,700
US1CASU0005,20121012,PRCP,0,,,N,700
US1CASU0005,20121013,PRCP,0,,,N,700
US1CASU0005,20121014,PRCP,0,,,N,700
US1CASU0005,20121015,PRCP,0,,,N,700
US1CASU0005,20121016,PRCP,0,,,N,700
US1CASU0005,20121017,PRCP,0,,,N,700
US1CASU0005,20121018,PRCP,0,,,N,700
US1CASU0005,20121019,PRCP,0,,,N,700
US1CASU0005,20121020,PRCP,0,,,N,700
US1CASU0005,20121021,PRCP,0,,,N,700
US1CASU0005,20121022,PRCP,188,,,N,700
US1CASU0005,20121023,PRCP,114,,,N,700
US1CASU0005,20121024,PRCP,23,,,N,700
US1CASU0005,20121025,PRCP,0,,,N,700
US1CASU0005,20121027,PRCP,0,,,N,700
US1CASU0005,20121028,PRCP,0,,,N,700
US1CASU0005,20121029,PRCP,0,,,N,700
US1CASU0005,20121030,PRCP,0,,,N,700
US1CASU0005,20121031,PRCP,0,,,N,700
US1CASU0005,20121001,SNOW,0,,,N,700
US1CASU0005,20121002,SNOW,0,,,N,700
US1CASU0005,20121003,SNOW,0,,,N,700
US1CASU0005,20121004,SNOW,0,,,N,700
US1CASU0005,20121005,SNOW,0,,,N,700
US1CASU0005,20121006,SNOW,0,,,N,700
US1CASU0005,20121007,SNOW,0,,,N,700
US1CASU0005,20121008,SNOW,0,,,N,700
US1CASU0005,20121009,SNOW,0,,,N,700
US1CASU0005,20121010,SNOW,0,,,N,700
US1CASU0005,20121011,SNOW,0,,,N,700
US1CASU0005,20121012,SNOW,0,,,N,700
US1CASU0005,20121013,SNOW,0,,,N,700
US1CASU0005,20121014,SNOW,0,,,N,700
US1CASU0005,20121015,SNOW,0,,,N,700
US1CASU0005,20121016,SNOW,0,,,N,700
US1CASU0005,20121017,SNOW,0,,,N,700
US1CASU0005,20121018,SNOW,0,,,N,700
US1CASU0005,20121019,SNOW,0,,,N,700
US1CASU0005,20121020,SNOW,0,,,N,700
US1CASU0005,20121021,SNOW,0,,,N,700
US1CASU0005,20121025,SNOW,0,,,N,700
US1CASU0005,20121027,SNOW,0,,,N,700
US1CASU0005,20121028,SNOW,0,,,N,700
US1CASU0005,20121029,SNOW,0,,,N,700
US1CASU0005,20121030,SNOW,0,,,N,700
US1CASU0005,20121031,SNOW,0,,,N,700
US1CASU0005,20121101,PRCP,173,,,N,700
US1CASU0005,20121102,PRCP,0,,,N,700
US1CASU0005,20121103,PRCP,0,,,N,700
US1CASU0005,20121104,PRCP,0,,,N,700
US1CASU0005,20121105,PRCP,0,,,N,700
US1CASU0005,20121106,PRCP,0,,,N,700
US1CASU0005,20121107,PRCP,0,,,N,700
US1CASU0005,20121108,PRCP,0,,,N,700
US1CASU0005,20121109,PRCP,0,,,N,700
US1CASU0005,20121110,PRCP,0,,,N,700
US1CASU0005,20121111,PRCP,0,,,N,700
US1CASU0005,20121112,PRCP,0,,,N,700
US1CASU0005,20121113,PRCP,0,,,N,700
US1CASU0005,20121114,PRCP,0,,,N,700
US1CASU0005,20121115,PRCP,0,,,N,700
US1CASU0005,20121116,PRCP,0,,,N,700
US1CASU0005,20121117,PRCP,236,,,N,700
US1CASU0005,20121118,PRCP,163,,,N,700
US1CASU0005,20121119,PRCP,3,,,N,700
US1CASU0005,20121120,PRCP,3,,,N,700
US1CASU0005,20121121,PRCP,33,,,N,700
US1CASU0005,20121122,PRCP,0,,,N,700
US1CASU0005,20121123,PRCP,0,,,N,700
US1CASU0005,20121124,PRCP,0,,,N,700
US1CASU0005,20121125,PRCP,0,,,N,700
US1CASU0005,20121126,PRCP,0,,,N,700
US1CASU0005,20121127,PRCP,0,,,N,700
US1CASU0005,20121128,PRCP,5,,,N,700
US1CASU0005,20121129,PRCP,213,,,N,700
US1CASU0005,20121130,PRCP,239,,,N,700
US1CASU0005,20121102,SNOW,0,,,N,700
US1CASU0005,20121103,SNOW,0,,,N,700
US1CASU0005,20121104,SNOW,0,,,N,700
US1CASU0005,20121105,SNOW,0,,,N,700
US1CASU0005,20121106,SNOW,0,,,N,700
US1CASU0005,20121107,SNOW,0,,,N,700
US1CASU0005,20121108,SNOW,0,,,N,700
US1CASU0005,20121109,SNOW,0,,,N,700
US1CASU0005,20121110,SNOW,0,,,N,700
US1CASU0005,20121111,SNOW,0,,,N,700
US1CASU0005,20121112,SNOW,0,,,N,700
US1CASU0005,20121113,SNOW,0,,,N,700
US1CASU0005,20121114,SNOW,0,,,N,700
US1CASU0005,20121115,SNOW,0,,,N,700
US1CASU0005,20121116,SNOW,0,,,N,700
US1CASU0005,20121122,SNOW,0,,,N,700
US1CASU0005,20121123,SNOW,0,,,N,700
US1CASU0005,20121124,SNOW,0,,,N,700
US1CASU0005,20121125,SNOW,0,,,N,700
US1CASU0005,20121126,SNOW,0,,,N,700
US1CASU0005,20121127,SNOW,0,,,N,700
US1CASU0005,20121201,PRCP,112,,,N,700
US1CASU0005,20121202,PRCP,254,,,N,700
US1CASU0005,20121203,PRCP,79,,,N,700
US1CASU0005,20121204,PRCP,0,,,N,700
US1CASU0005,20121205,PRCP,257,,,N,700
US1CASU0005,20121206,PRCP,0,,,N,700
US1CASU0005,20121207,PRCP,0,,,N,700
US1CASU0005,20121208,PRCP,0,,,N,700
US1CASU0005,20121209,PRCP,0,,,N,700
US1CASU0005,20121210,PRCP,0,,,N,700
US1CASU0005,20121211,PRCP,0,,,N,700
US1CASU0005,20121212,PRCP,5,,,N,700
US1CASU0005,20121213,PRCP,3,,,N,700
US1CASU0005,20121214,PRCP,0,,,N,700
US1CASU0005,20121215,PRCP,0,,,N,700
US1CASU0005,20121216,PRCP,36,,,N,700
US1CASU0005,20121217,PRCP,38,,,N,700
US1CASU0005,20121218,PRCP,0,,,N,700
US1CASU0005,20121219,PRCP,0,,,N,700
US1CASU0005,20121220,PRCP,0,,,N,700
US1CASU0005,20121221,PRCP,79,,,N,700
US1CASU0005,20121222,PRCP,447,,,N,700
US1CASU0005,20121223,PRCP,259,,,N,700
US1CASU0005,20121224,PRCP,5,,,N,700
US1CASU0005,20121226,PRCP,132,,,N,700
US1CASU0005,20121227,PRCP,0,,,N,700
US1CASU0005,20121228,PRCP,0,,,N,700
US1CASU0005,20121229,PRCP,0,,,N,700
US1CASU0005,20121230,PRCP,0,,,N,700
US1CASU0005,20121231,PRCP,0,,,N,700
US1CASU0005,20121204,SNOW,0,,,N,700
US1CASU0005,20121206,SNOW,0,,,N,700
US1CASU0005,20121207,SNOW,0,,,N,700
US1CASU0005,20121208,SNOW,0,,,N,700
US1CASU0005,20121209,SNOW,0,,,N,700
US1CASU0005,20121210,SNOW,0,,,N,700
US1CASU0005,20121211,SNOW,0,,,N,700
US1CASU0005,20121214,SNOW,0,,,N,700
US1CASU0005,20121215,SNOW,0,,,N,700
US1CASU0005,20121218,SNOW,0,,,N,700
US1CASU0005,20121219,SNOW,0,,,N,700
US1CASU0005,20121220,SNOW,0,,,N,700
US1CASU0005,20121227,SNOW,0,,,N,700
US1CASU0005,20121228,SNOW,0,,,N,700
US1CASU0005,20121229,SNOW,0,,,N,700
US1CASU0005,20121230,SNOW,0,,,N,700
US1CASU0005,20121231,SNOW,0,,,N,700
US1CASU0005,20130101,PRCP,0,,,N,700
US1CASU0005,20130102,PRCP,0,,,N,700
US1CASU0005,20130103,PRCP,0,,,N,700
US1CASU0005,20130104,PRCP,0,,,N,700
US1CASU0005,20130105,PRCP,0,,,N,700
US1CASU0005,20130107,PRCP,0,,,N,700
US1CASU0005,20130108,PRCP,104,,,N,700
US1CASU0005,20130109,PRCP,0,,,N,700
US1CASU0005,20130110,PRCP,8,,,N,700
US1CASU0005,20130111,PRCP,0,,,N,700
US1CASU0005,20130112,PRCP,0,,,N,700
US1CASU0005,20130113,PRCP,0,,,N,700
US1CASU0005,20130114,PRCP,0,,,N,700
US1CASU0005,20130115,PRCP,0,,,N,700
US1CASU0005,20130116,PRCP,0,,,N,700
US1CASU0005,20130117,PRCP,0,,,N,700
US1CASU0005,20130118,PRCP,0,,,N,700
US1CASU0005,20130119,PRCP,0,,,N,700
US1CASU0005,20130120,PRCP,0,,,N,700
US1CASU0005,20130121,PRCP,0,,,N,700
US1CASU0005,20130122,PRCP,0,,,N,700
US1CASU0005,20130123,PRCP,0,,,N,700
US1CASU0005,20130124,PRCP,56,,,N,700
US1CASU0005,20130125,PRCP,10,,,N,700
US1CASU0005,20130126,PRCP,0,,,N,700
US1CASU0005,20130127,PRCP,5,,,N,700
US1CASU0005,20130128,PRCP,0,,,N,700
US1CASU0005,20130129,PRCP,0,,,N,700
US1CASU0005,20130130,PRCP,0,,,N,700
US1CASU0005,20130131,PRCP,0,,,N,700
US1CASU0005,20130101,SNOW,0,,,N,700
US1CASU0005,20130102,SNOW,0,,,N,700
US1CASU0005,20130103,SNOW,0,,,N,700
US1CASU0005,20130104,SNOW,0,,,N,700
US1CASU0005,20130105,SNOW,0,,,N,700
US1CASU0005,20130107,SNOW,0,,,N,700
US1CASU0005,20130109,SNOW,0,,,N,700
US1CASU0005,20130111,SNOW,0,,,N,700
US1CASU0005,20130112,SNOW,0,,,N,700
US1CASU0005,20130113,SNOW,0,,,N,700
US1CASU0005,20130114,SNOW,0,,,N,700
US1CASU0005,20130115,SNOW,0,,,N,700
US1CASU0005,20130116,SNOW,0,,,N,700
US1CASU0005,20130117,SNOW,0,,,N,700
US1CASU0005,20130118,SNOW,0,,,N,700
US1CASU0005,20130119,SNOW,0,,,N,700
US1CASU0005,20130120,SNOW,0,,,N,700
US1CASU0005,20130121,SNOW,0,,,N,700
US1CASU0005,20130122,SNOW,0,,,N,700
US1CASU0005,20130123,SNOW,0,,,N,700
US1CASU0005,20130126,SNOW,0,,,N,700
US1CASU0005,20130128,SNOW,0,,,N,700
US1CASU0005,20130129,SNOW,0,,,N,700
US1CASU0005,20130130,SNOW,0,,,N,700
US1CASU0005,20130131,SNOW,0,,,N,700
US1CASU0005,20130201,PRCP,0,,,N,700
US1CASU0005,20130202,PRCP,0,,,N,700
US1CASU0005,20130203,PRCP,0,,,N,700
US1CASU0005,20130204,PRCP,0,,,N,700
US1CASU0005,20130205,PRCP,0,,,N,700
US1CASU0005,20130206,PRCP,0,,,N,700
US1CASU0005,20130207,PRCP,0,,,N,700
US1CASU0005,20130208,PRCP,10,,,N,700
US1CASU0005,20130209,PRCP,0,,,N,700
US1CASU0005,20130210,PRCP,0,,,N,700
US1CASU0005,20130211,PRCP,0,,,N,700
US1CASU0005,20130212,PRCP,0,,,N,700
US1CASU0005,20130213,PRCP,0,,,N,700
US1CASU0005,20130214,PRCP,0,,,N,700
US1CASU0005,20130215,PRCP,0,,,N,700
US1CASU0005,20130216,PRCP,0,,,N,700
US1CASU0005,20130217,PRCP,0,,,N,700
US1CASU0005,20130220,PRCP,86,,,N,700
US1CASU0005,20130201,SNOW,0,,,N,700
US1CASU0005,20130202,SNOW,0,,,N,700
US1CASU0005,20130203,SNOW,0,,,N,700
US1CASU0005,20130204,SNOW,0,,,N,700
US1CASU0005,20130205,SNOW,0,,,N,700
US1CASU0005,20130206,SNOW,0,,,N,700
US1CASU0005,20130207,SNOW,0,,,N,700
US1CASU0005,20130209,SNOW,0,,,N,700
US1CASU0005,20130210,SNOW,0,,,N,700
US1CASU0005,20130211,SNOW,0,,,N,700
US1CASU0005,20130212,SNOW,0,,,N,700
US1CASU0005,20130213,SNOW,0,,,N,700
US1CASU0005,20130214,SNOW,0,,,N,700
US1CASU0005,20130215,SNOW,0,,,N,700
US1CASU0005,20130216,SNOW,0,,,N,700
US1CASU0005,20130217,SNOW,0,,,N,700
US1CASU0005,20130226,DAPR,6,,,N,700
US1CASU0005,20130226,MDPR,0,,,N,700
US1CASU0005,20130306,PRCP,124,,,N,700
US1CASU0005,20130307,PRCP,0,,,N,700
US1CASU0005,20130308,PRCP,0,,,N,700
US1CASU0005,20130309,PRCP,0,,,N,700
US1CASU0005,20130310,PRCP,0,,,N,700
US1CASU0005,20130311,PRCP,0,,,N,700
US1CASU0005,20130312,PRCP,0,,,N,700
US1CASU0005,20130313,PRCP,0,,,N,700
US1CASU0005,20130314,PRCP,0,,,N,700
US1CASU0005,20130315,PRCP,0,,,N,700
US1CASU0005,20130316,PRCP,0,,,N,700
US1CASU0005,20130317,PRCP,0,,,N,700
US1CASU0005,20130318,PRCP,0,,,N,700
US1CASU0005,20130319,PRCP,3,,,N,700
US1CASU0005,20130320,PRCP,79,,,N,700
US1CASU0005,20130321,PRCP,46,,,N,700
US1CASU0005,20130322,PRCP,0,,,N,700
US1CASU0005,20130325,PRCP,0,,,N,700
US1CASU0005,20130326,PRCP,0,,,N,700
US1CASU0005,20130327,PRCP,0,,,N,700
US1CASU0005,20130329,PRCP,28,,,N,700
US1CASU0005,20130330,PRCP,0,,,N,700
US1CASU0005,20130331,PRCP,183,,,N,700
US1CASU0005,20130307,SNOW,0,,,N,700
US1CASU0005,20130308,SNOW,0,,,N,700
US1CASU0005,20130309,SNOW,0,,,N,700
US1CASU0005,20130310,SNOW,0,,,N,700
US1CASU0005,20130311,SNOW,0,,,N,700
US1CASU0005,20130312,SNOW,0,,,N,700
US1CASU0005,20130313,SNOW,0,,,N,700
US1CASU0005,20130314,SNOW,0,,,N,700
US1CASU0005,20130315,SNOW,0,,,N,700
US1CASU0005,20130316,SNOW,0,,,N,700
US1CASU0005,20130317,SNOW,0,,,N,700
US1CASU0005,20130318,SNOW,0,,,N,700
US1CASU0005,20130322,SNOW,0,,,N,700
US1CASU0005,20130325,SNOW,0,,,N,700
US1CASU0005,20130326,SNOW,0,,,N,700
US1CASU0005,20130327,SNOW,0,,,N,700
US1CASU0005,20130330,SNOW,0,,,N,700
US1CASU0005,20130401,PRCP,56,,,N,700
US1CASU0005,20130402,PRCP,0,,,N,700
US1CASU0005,20130403,PRCP,0,,,N,700
US1CASU0005,20130404,PRCP,160,,,N,700
US1CASU0005,20130405,PRCP,41,,,N,700
US1CASU0005,20130407,PRCP,0,,,N,700
US1CASU0005,20130408,PRCP,0,,,N,700
US1CASU0005,20130416,PRCP,15,,,N,700
US1CASU0005,20130417,PRCP,0,,,N,700
US1CASU0005,20130428,PRCP,0,,,N,700
US1CASU0005,20130430,PRCP,0,,,N,700
US1CASU0005,20130402,SNOW,0,,,N,700
US1CASU0005,20130403,SNOW,0,,,N,700
US1CASU0005,20130407,SNOW,0,,,N,700
US1CASU0005,20130408,SNOW,0,,,N,700
US1CASU0005,20130417,SNOW,0,,,N,700
US1CASU0005,20130428,SNOW,0,,,N,700
US1CASU0005,20130430,SNOW,0,,,N,700
US1CASU0005,20130501,PRCP,0,,,N,700
US1CASU0005,20130502,PRCP,0,,,N,700
US1CASU0005,20130503,PRCP,0,,,N,700
US1CASU0005,20130504,PRCP,0,,,N,700
US1CASU0005,20130505,PRCP,0,,,N,700
US1CASU0005,20130506,PRCP,43,,,N,700
US1CASU0005,20130507,PRCP,5,,,N,700
US1CASU0005,20130508,PRCP,0,,,N,700
US1CASU0005,20130510,PRCP,0,,,N,700
US1CASU0005,20130511,PRCP,0,,,N,700
US1CASU0005,20130512,PRCP,0,,,N,700
US1CASU0005,20130513,PRCP,0,,,N,700
US1CASU0005,20130514,PRCP,0,,,N,700
US1CASU0005,20130515,PRCP,0,,,N,700
US1CASU0005,20130516,PRCP,0,,,N,700
US1CASU0005,20130517,PRCP,0,,,N,700
US1CASU0005,20130518,PRCP,0,,,N,700
US1CASU0005,20130519,PRCP,0,,,N,700
US1CASU0005,20130520,PRCP,0,,,N,700
US1CASU0005,20130521,PRCP,0,,,N,700
US1CASU0005,20130522,PRCP,0,,,N,700
US1CASU0005,20130524,PRCP,0,,,N,700
US1CASU0005,20130526,PRCP,0,,,N,700
US1CASU0005,20130527,PRCP,0,T,,N,700
US1CASU0005,20130528,PRCP,13,,,N,700
US1CASU0005,20130529,PRCP,0,,,N,700
US1CASU0005,20130530,PRCP,0,,,N,700
US1CASU0005,20130531,PRCP,0,,,N,700
US1CASU0005,20130501,SNOW,0,,,N,700
US1CASU0005,20130502,SNOW,0,,,N,700
US1CASU0005,20130503,SNOW,0,,,N,700
US1CASU0005,20130504,SNOW,0,,,N,700
US1CASU0005,20130505,SNOW,0,,,N,700
US1CASU0005,20130508,SNOW,0,,,N,700
US1CASU0005,20130510,SNOW,0,,,N,700
US1CASU0005,20130511,SNOW,0,,,N,700
US1CASU0005,20130512,SNOW,0,,,N,700
US1CASU0005,20130513,SNOW,0,,,N,700
US1CASU0005,20130514,SNOW,0,,,N,700
US1CASU0005,20130515,SNOW,0,,,N,700
US1CASU0005,20130516,SNOW,0,,,N,700
US1CASU0005,20130517,SNOW,0,,,N,700
US1CASU0005,20130518,SNOW,0,,,N,700
US1CASU0005,20130519,SNOW,0,,,N,700
US1CASU0005,20130520,SNOW,0,,,N,700
US1CASU0005,20130521,SNOW,0,,,N,700
US1CASU0005,20130522,SNOW,0,,,N,700
US1CASU0005,20130524,SNOW,0,,,N,700
US1CASU0005,20130526,SNOW,0,,,N,700
US1CASU0005,20130529,SNOW,0,,,N,700
US1CASU0005,20130530,SNOW,0,,,N,700
US1CASU0005,20130531,SNOW,0,,,N,700
US1CASU0005,20130604,PRCP,0,,,N,700
US1CASU0005,20130609,PRCP,0,,,N,700
US1CASU0005,20130610,PRCP,3,,,N,700
US1CASU0005,20130612,PRCP,0,,,N,700
US1CASU0005,20130613,PRCP,0,,,N,700
US1CASU0005,20130614,PRCP,0,,,N,700
US1CASU0005,20130615,PRCP,0,,,N,700
US1CASU0005,20130616,PRCP,0,,,N,700
US1CASU0005,20130617,PRCP,0,,,N,700
US1CASU0005,20130618,PRCP,0,,,N,700
US1CASU0005,20130619,PRCP,0,,,N,700
US1CASU0005,20130620,PRCP,0,,,N,700
US1CASU0005,20130621,PRCP,0,,,N,700
US1CASU0005,20130622,PRCP,0,,,N,700
US1CASU0005,20130623,PRCP,0,,,N,700
US1CASU0005,20130624,PRCP,0,,,N,700
US1CASU0005,20130625,PRCP,91,,,N,700
US1CASU0005,20130626,PRCP,5,,L,N,700
US1CASU0005,20130604,SNOW,0,,,N,700
US1CASU0005,20130609,SNOW,0,,,N,700
US1CASU0005,20130612,SNOW,0,,,N,700
US1CASU0005,20130613,SNOW,0,,,N,700
US1CASU0005,20130614,SNOW,0,,,N,700
US1CASU0005,20130615,SNOW,0,,,N,700
US1CASU0005,20130616,SNOW,0,,,N,700
US1CASU0005,20130617,SNOW,0,,,N,700
US1CASU0005,20130618,SNOW,0,,,N,700
US1CASU0005,20130619,SNOW,0,,,N,700
US1CASU0005,20130620,SNOW,0,,,N,700
US1CASU0005,20130621,SNOW,0,,,N,700
US1CASU0005,20130622,SNOW,0,,,N,700
US1CASU0005,20130623,SNOW,0,,,N,700
US1CASU0005,20130624,SNOW,0,,,N,700
US1CASU0005,20130719,DAPR,24,,L,N,700
US1CASU0005,20130719,MDPR,0,,L,N,700
US1CASU0005,20130827,PRCP,0,,,N,700
US1CASU0005,20130827,SNOW,0,,,N,700
US1CASU0005,20130901,PRCP,0,T,,N,700
US1CASU0005,20130902,PRCP,0,T,,N,700
US1CASU0005,20130912,PRCP,0,,,N,700
US1CASU0005,20130920,PRCP,0,,,N,700
US1CASU0005,20130921,PRCP,0,T,,N,700
US1CASU0005,20130922,PRCP,386,,,N,700
US1CASU0005,20130923,PRCP,0,,,N,700
US1CASU0005,20130924,PRCP,0,,,N,700
US1CASU0005,20130925,PRCP,0,,,N,700
US1CASU0005,20130926,PRCP,0,,,N,700
US1CASU0005,20130927,PRCP,0,,,N,700
US1CASU0005,20130928,PRCP,0,,,N,700
US1CASU0005,20130929,PRCP,0,,,N,700
US1CASU0005,20130930,PRCP,0,,,N,700
US1CASU0005,20130912,SNOW,0,,,N,700
US1CASU0005,20130920,SNOW,0,,,N,700
US1CASU0005,20130923,SNOW,0,,,N,700
US1CASU0005,20130924,SNOW,0,,,N,700
US1CASU0005,20130925,SNOW,0,,,N,700
US1CASU0005,20130926,SNOW,0,,,N,700
US1CASU0005,20130927,SNOW,0,,,N,700
US1CASU0005,20130928,SNOW,0,,,N,700
US1CASU0005,20130929,SNOW,0,,,N,700
US1CASU0005,20130930,SNOW,0,,,N,700
US1CASU0005,20130919,DAPR,7,,,N,700
US1CASU0005,20130919,MDPR,0,,,N,700
US1CASU0005,20131001,PRCP,0,,,N,700
US1CASU0005,20131002,PRCP,0,,,N,700
US1CASU0005,20131003,PRCP,0,,,N,700
US1CASU0005,20131004,PRCP,0,,,N,700
US1CASU0005,20131005,PRCP,0,,,N,700
US1CASU0005,20131006,PRCP,0,,,N,700
US1CASU0005,20131007,PRCP,0,,,N,700
US1CASU0005,20131008,PRCP,0,,,N,700
US1CASU0005,20131011,PRCP,0,,,N,700
US1CASU0005,20131012,PRCP,0,,,N,700
US1CASU0005,20131013,PRCP,0,,,N,700
US1CASU0005,20131014,PRCP,0,,,N,700
US1CASU0005,20131015,PRCP,0,,,N,700
US1CASU0005,20131016,PRCP,0,,,N,700
US1CASU0005,20131017,PRCP,0,,,N,700
US1CASU0005,20131018,PRCP,0,,,N,700
US1CASU0005,20131019,PRCP,0,,,N,700
US1CASU0005,20131020,PRCP,0,,,N,700
US1CASU0005,20131021,PRCP,0,,,N,700
US1CASU0005,20131022,PRCP,0,,,N,700
US1CASU0005,20131023,PRCP,0,,,N,700
US1CASU0005,20131024,PRCP,0,,,N,700
US1CASU0005,20131025,PRCP,0,,,N,700
US1CASU0005,20131026,PRCP,0,,,N,700
US1CASU0005,20131027,PRCP,0,,,N,700
US1CASU0005,20131028,PRCP,0,,,N,700
US1CASU0005,20131029,PRCP,0,,,N,700
US1CASU0005,20131030,PRCP,0,,,N,700
US1CASU0005,20131031,PRCP,0,,,N,700
US1CASU0005,20131001,SNOW,0,,,N,700
US1CASU0005,20131002,SNOW,0,,,N,700
US1CASU0005,20131003,SNOW,0,,,N,700
US1CASU0005,20131004,SNOW,0,,,N,700
US1CASU0005,20131005,SNOW,0,,,N,700
US1CASU0005,20131006,SNOW,0,,,N,700
US1CASU0005,20131007,SNOW,0,,,N,700
US1CASU0005,20131008,SNOW,0,,,N,700
US1CASU0005,20131011,SNOW,0,,,N,700
US1CASU0005,20131012,SNOW,0,,,N,700
US1CASU0005,20131013,SNOW,0,,,N,700
US1CASU0005,20131014,SNOW,0,,,N,700
US1CASU0005,20131015,SNOW,0,,,N,700
US1CASU0005,20131016,SNOW,0,,,N,700
US1CASU0005,20131017,SNOW,0,,,N,700
US1CASU0005,20131018,SNOW,0,,,N,700
US1CASU0005,20131019,SNOW,0,,,N,700
US1CASU0005,20131020,SNOW,0,,,N,700
US1CASU0005,20131021,SNOW,0,,,N,700
US1CASU0005,20131022,SNOW,0,,,N,700
US1CASU0005,20131023,SNOW,0,,,N,700
US1CASU0005,20131024,SNOW,0,,,N,700
US1CASU0005,20131025,SNOW,0,,,N,700
US1CASU0005,20131026,SNOW,0,,,N,700
US1CASU0005,20131027,SNOW,0,,,N,700
US1CASU0005,20131028,SNOW,0,,,N,700
US1CASU0005,20131029,SNOW,0,,,N,700
US1CASU0005,20131030,SNOW,0,,,N,700
US1CASU0005,20131031,SNOW,0,,,N,700
US1CASU0005,20131101,PRCP,0,,,N,700
US1CASU0005,20131102,PRCP,0,,,N,700
US1CASU0005,20131103,PRCP,0,,,N,700
US1CASU0005,20131105,PRCP,0,,,N,700
US1CASU0005,20131106,PRCP,0,,,N,700
US1CASU0005,20131107,PRCP,0,,,N,700
US1CASU0005,20131108,PRCP,0,,,N,700
US1CASU0005,20131109,PRCP,0,,,N,700
US1CASU0005,20131110,PRCP,0,,,N,700
US1CASU0005,20131111,PRCP,0,,,N,700
US1CASU0005,20131112,PRCP,0,,,N,700
US1CASU0005,20131113,PRCP,0,,,N,700
US1CASU0005,20131114,PRCP,0,,,N,700
US1CASU0005,20131115,PRCP,0,,,N,700
US1CASU0005,20131116,PRCP,0,,,N,700
US1CASU0005,20131117,PRCP,0,,,N,700
US1CASU0005,20131118,PRCP,0,,,N,700
US1CASU0005,20131125,PRCP,0,,,N,700
US1CASU0005,20131101,SNOW,0,,,N,700
US1CASU0005,20131102,SNOW,0,,,N,700
US1CASU0005,20131103,SNOW,0,,,N,700
US1CASU0005,20131105,SNOW,0,,,N,700
US1CASU0005,20131106,SNOW,0,,,N,700
US1CASU0005,20131107,SNOW,0,,,N,700
US1CASU0005,20131108,SNOW,0,,,N,700
US1CASU0005,20131109,SNOW,0,,,N,700
US1CASU0005,20131110,SNOW,0,,,N,700
US1CASU0005,20131111,SNOW,0,,,N,700
US1CASU0005,20131112,SNOW,0,,,N,700
US1CASU0005,20131113,SNOW,0,,,N,700
US1CASU0005,20131114,SNOW,0,,,N,700
US1CASU0005,20131115,SNOW,0,,,N,700
US1CASU0005,20131116,SNOW,0,,,N,700
US1CASU0005,20131117,SNOW,0,,,N,700
US1CASU0005,20131118,SNOW,0,,,N,700
US1CASU0005,20131125,SNOW,0,,,N,700
US1CASU0005,20131202,PRCP,0,,,N,700
US1CASU0005,20131203,PRCP,0,,,N,700
US1CASU0005,20131204,PRCP,0,,,N,700
US1CASU0005,20131205,PRCP,0,,,N,700
US1CASU0005,20131206,PRCP,0,,,N,700
US1CASU0005,20131207,PRCP,74,,,N,700
US1CASU0005,20131208,PRCP,0,,,N,700
US1CASU0005,20131209,PRCP,0,,,N,700
US1CASU0005,20131210,PRCP,0,,,N,700
US1CASU0005,20131211,PRCP,0,,,N,700
US1CASU0005,20131212,PRCP,0,,,N,700
US1CASU0005,20131217,PRCP,0,,,N,700
US1CASU0005,20131202,SNOW,0,,,N,700
US1CASU0005,20131203,SNOW,0,,,N,700
US1CASU0005,20131204,SNOW,0,,,N,700
US1CASU0005,20131205,SNOW,0,,,N,700
US1CASU0005,20131206,SNOW,0,,,N,700
US1CASU0005,20131208,SNOW,0,,,N,700
US1CASU0005,20131209,SNOW,0,,,N,700
US1CASU0005,20131210,SNOW,0,,,N,700
US1CASU0005,20131211,SNOW,0,,,N,700
US1CASU0005,20131212,SNOW,0,,,N,700
US1CASU0005,20131217,SNOW,0,,,N,700
US1CASU0005,20140111,PRCP,3,,,N,700
US1CASU0005,20140206,PRCP,122,,,N,700
US1CASU0005,20140207,PRCP,102,,,N,700
US1CASU0005,20140208,PRCP,312,,,N,700
US1CASU0005,20140209,PRCP,279,,,N,700
US1CASU0005,20140210,PRCP,53,,,N,700
US1CASU0005,20140226,PRCP,0,,,N,700
US1CASU0005,20140227,PRCP,254,,,N,700
US1CASU0005,20140228,PRCP,102,,,N,700
US1CASU0005,20140226,SNOW,0,,,N,700
US1CASU0005,20140301,PRCP,191,,,N,700
US1CASU0005,20140302,PRCP,0,T,L,N,700
US1CASU0005,20140306,PRCP,142,,,N,700
US1CASU0005,20140327,PRCP,36,,,N,700
US1CASU0005,20140306,SNOW,0,,,N,700
US1CASU0005,20140305,DAPR,4,,L,N,700
US1CASU0005,20140326,DAPR,2,,,N,810
US1CASU0005,20140305,MDPR,272,,L,N,700
US1CASU0005,20140326,MDPR,36,,,N,810
US1CASU0005,20140427,PRCP,104,,,N,700
US1CASU0005,20140428,PRCP,0,,,N,700
US1CASU0005,20140429,PRCP,0,,,N,700
US1CASU0005,20140428,SNOW,0,,,N,700
US1CASU0005,20140429,SNOW,0,,,N,700
US1CASU0005,20140921,PRCP,5,,,N,700
US1CASU0005,20140923,PRCP,0,,,N,700
US1CASU0005,20140925,PRCP,104,,,N,700
US1CASU0005,20140926,PRCP,0,,,N,700
US1CASU0005,20140927,PRCP,0,,,N,700
US1CASU0005,20140928,PRCP,0,,,N,700
US1CASU0005,20140929,PRCP,0,,,N,700
US1CASU0005,20140923,SNOW,0,,,N,700
US1CASU0005,20140926,SNOW,0,,,N,700
US1CASU0005,20140927,SNOW,0,,,N,700
US1CASU0005,20140928,SNOW,0,,,N,700
US1CASU0005,20140929,SNOW,0,,,N,700
US1CASU0005,20141005,PRCP,0,,,N,700
US1CASU0005,20141013,PRCP,0,,,N,700
US1CASU0005,20141014,PRCP,0,,,N,700
US1CASU0005,20141015,PRCP,20,,,N,700
US1CASU0005,20141020,PRCP,0,,,N,700
US1CASU0005,20141021,PRCP,5,,,N,700
US1CASU0005,20141023,PRCP,0,,,N,700
US1CASU0005,20141025,PRCP,58,,,N,700
US1CASU0005,20141026,PRCP,23,,,N,700
US1CASU0005,20141027,PRCP,0,,,N,700
US1CASU0005,20141028,PRCP,0,,,N,700
US1CASU0005,20141029,PRCP,0,,,N,700
US1CASU0005,20141005,SNOW,0,,,N,700
US1CASU0005,20141013,SNOW,0,,,N,700
US1CASU0005,20141014,SNOW,0,,,N,700
US1CASU0005,20141020,SNOW,0,,,N,700
US1CASU0005,20141023,SNOW,0,,,N,700
US1CASU0005,20141027,SNOW,0,,,N,700
US1CASU0005,20141028,SNOW,0,,,N,700
US1CASU0005,20141029,SNOW,0,,,N,700
US1CASU0005,20141101,PRCP,175,,,N,700
US1CASU0005,20141113,PRCP,155,,,N,700
US1CASU0005,20141114,PRCP,3,,,N,700
US1CASU0005,20141210,PRCP,0,,,N,700
US1CASU0005,20141211,PRCP,226,,,N,700
US1CASU0005,20141212,PRCP,721,,,N,700
US1CASU0005,20141210,SNOW,0,,,N,700
US1CASU0005,20150207,PRCP,386,,,N,700
US1CASU0005,20150424,PRCP,0,,,N,700
US1CASU0005,20150425,PRCP,114,,,N,700
US1CASU0005,20150426,PRCP,0,,,N,700
US1CASU0005,20150427,PRCP,0,,,N,700
US1CASU0005,20150428,PRCP,0,,,N,700
US1CASU0005,20150429,PRCP,0,,,N,700
US1CASU0005,20150430,PRCP,0,,,N,700
US1CASU0005,20150424,SNOW,0,,,N,700
US1CASU0005,20150426,SNOW,0,,,N,700
US1CASU0005,20150427,SNOW,0,,,N,700
US1CASU0005,20150428,SNOW,0,,,N,700
US1CASU0005,20150429,SNOW,0,,,N,700
US1CASU0005,20150430,SNOW,0,,,N,700
US1CASU0005,20150501,PRCP,0,,,N,700
US1CASU0005,20150502,PRCP,0,,,N,700
US1CASU0005,20150503,PRCP,0,,,N,700
US1CASU0005,20150504,PRCP,0,,,N,700
US1CASU0005,20150505,PRCP,0,,,N,700
US1CASU0005,20150506,PRCP,0,,,N,700
US1CASU0005,20150507,PRCP,0,,,N,700
US1CASU0005,20150508,PRCP,0,,,N,700
US1CASU0005,20150509,PRCP,0,,,N,700
US1CASU0005,20150510,PRCP,0,,,N,700
US1CASU0005,20150512,PRCP,0,,,N,700
US1CASU0005,20150513,PRCP,0,,,N,700
US1CASU0005,20150514,PRCP,0,,,N,700
US1CASU0005,20150515,PRCP,0,,,N,700
US1CASU0005,20150516,PRCP,0,,,N,700
US1CASU0005,20150517,PRCP,0,,,N,700
US1CASU0005,20150518,PRCP,0,,,N,700
US1CASU0005,20150519,PRCP,0,,,N,700
US1CASU0005,20150520,PRCP,0,,,N,700
US1CASU0005,20150521,PRCP,0,,,N,700
US1CASU0005,20150522,PRCP,0,,,N,700
US1CASU0005,20150523,PRCP,0,,,N,700
US1CASU0005,20150524,PRCP,0,,,N,700
US1CASU0005,20150525,PRCP,0,,,N,700
US1CASU0005,20150526,PRCP,0,,,N,700
US1CASU0005,20150527,PRCP,0,,,N,700
US1CASU0005,20150528,PRCP,0,,,N,700
US1CASU0005,20150529,PRCP,0,,,N,700
US1CASU0005,20150530,PRCP,0,,,N,700
US1CASU0005,20150531,PRCP,0,,,N,700
US1CASU0005,20150501,SNOW,0,,,N,700
US1CASU0005,20150502,SNOW,0,,,N,700
US1CASU0005,20150503,SNOW,0,,,N,700
US1CASU0005,20150504,SNOW,0,,,N,700
US1CASU0005,20150505,SNOW,0,,,N,700
US1CASU0005,20150506,SNOW,0,,,N,700
US1CASU0005,20150507,SNOW,0,,,N,700
US1CASU0005,20150508,SNOW,0,,,N,700
US1CASU0005,20150509,SNOW,0,,,N,700
US1CASU0005,20150510,SNOW,0,,,N,700
US1CASU0005,20150512,SNOW,0,,,N,700
US1CASU0005,20150513,SNOW,0,,,N,700
US1CASU0005,20150514,SNOW,0,,,N,700
US1CASU0005,20150601,PRCP,0,,,N,700
US1CASU0005,20150602,PRCP,0,,,N,700
US1CASU0005,20150603,PRCP,0,,,N,700
US1CASU0005,20150606,PRCP,10,,,N,700
US1CASU0005,20150607,PRCP,3,,,N,700
US1CASU0005,20150608,PRCP,0,,,N,700
US1CASU0005,20150609,PRCP,0,,,N,700
US1CASU0005,20150610,PRCP,0,,,N,700
US1CASU0005,20150611,PRCP,3,,,N,700
US1CASU0005,20150612,PRCP,0,,,N,700
US1CASU0005,20150613,PRCP,0,,,N,700
US1CASU0005,20150614,PRCP,0,,,N,700
US1CASU0005,20150615,PRCP,0,,,N,700
US1CASU0005,20150616,PRCP,0,,,N,700
US1CASU0005,20150617,PRCP,0,,,N,700
US1CASU0005,20150618,PRCP,0,,,N,700
US1CASU0005,20150619,PRCP,0,,,N,700
US1CASU0005,20150620,PRCP,0,,,N,700
US1CASU0005,20150621,PRCP,0,,,N,700
US1CASU0005,20150622,PRCP,20,,,N,700
US1CASU0005,20150623,PRCP,0,,,N,700
US1CASU0005,20150624,PRCP,0,,,N,700
US1CASU0005,20150625,PRCP,0,,,N,700
US1CASU0005,20150626,PRCP,0,,,N,700
US1CASU0005,20150627,PRCP,0,,,N,700
US1CASU0005,20150628,PRCP,0,,,N,700
US1CASU0005,20150629,PRCP,0,,,N,700
US1CASU0005,20150630,PRCP,0,,,N,700
US1CASU0005,20150701,PRCP,0,,,N,700
US1CASU0005,20150702,PRCP,0,,,N,700
US1CASU0005,20150703,PRCP,0,,,N,700
US1CASU0005,20150704,PRCP,0,T,,N,700
US1CASU0005,20150714,PRCP,0,,,N,700
US1CASU0005,20150719,PRCP,0,,,N,700
US1CASU0005,20150730,PRCP,0,,,N,700
US1CASU0005,20150731,PRCP,0,,,N,700
US1CASU0005,20150806,PRCP,0,,,N,700
US1CASU0005,20150831,PRCP,0,,,N,700
US1CASU0005,20150917,PRCP,51,,,N,700
US1CASU0005,20151003,PRCP,0,,,N,700
US1CASU0005,20151017,PRCP,10,,,N,700
US1CASU0005,20151202,PRCP,0,,,N,700
US1CASU0005,20151203,PRCP,0,,,N,700
US1CASU0005,20161002,PRCP,0,,,N,700
US1CASU0005,20161003,PRCP,13,,,N,700
US1CASU0005,20161013,PRCP,0,,,N,700
US1CASU0005,20161014,PRCP,3,,,N,700
US1CASU0005,20161015,PRCP,46,,,N,700
US1CASU0005,20161017,PRCP,142,,,N,700
US1CASU0005,20161215,PRCP,0,T,,N,700
US1CASU0005,20161216,PRCP,409,,,N,700
US1CASU0005,20161219,PRCP,0,,,N,700
US1CASU0005,20161220,PRCP,0,,,N,700
US1CASU0005,20161221,PRCP,0,,,N,700
US1CASU0005,20161222,PRCP,0,,,N,700
US1CASU0005,20161223,PRCP,0,,,N,700
