US1CACL0001,20141102,PRCP,0,Unnamed: 4,Unnamed: 5,N,1500
US1CACL0001,20141103,PRCP,0,,,N,1600.0
US1CACL0001,20141104,PRCP,0,,,N,700.0
US1CACL0001,20141105,PRCP,0,,,N,700.0
US1CACL0001,20141106,PRCP,0,,,N,700.0
US1CACL0001,20141107,PRCP,0,,,N,700.0
US1CACL0001,20141108,PRCP,0,,,N,730.0
US1CACL0001,20141109,PRCP,0,,,N,800.0
US1CACL0001,20141110,PRCP,0,,,N,715.0
US1CACL0001,20141113,PRCP,150,,,N,700.0
US1CACL0001,20141114,PRCP,0,T,,N,730.0
US1CACL0001,20141117,PRCP,0,,,N,725.0
US1CACL0001,20141118,PRCP,0,,,N,730.0
US1CACL0001,20141119,PRCP,10,,,N,700.0
US1CACL0001,20141120,PRCP,89,,,N,700.0
US1CACL0001,20141121,PRCP,58,,,N,700.0
US1CACL0001,20141123,PRCP,5,,,N,1015.0
US1CACL0001,20141124,PRCP,0,,,N,700.0
US1CACL0001,20141125,PRCP,0,,,N,720.0
US1CACL0001,20141126,PRCP,0,,,N,830.0
US1CACL0001,20141127,PRCP,0,,,N,700.0
US1CACL0001,20141128,PRCP,0,,,N,700.0
US1CACL0001,20141130,PRCP,203,,,N,830.0
US1CACL0001,20141102,SNOW,0,,,N,1500.0
US1CACL0001,20141103,SNOW,0,,,N,1600.0
US1CACL0001,20141104,SNOW,0,,,N,700.0
US1CACL0001,20141105,SNOW,0,,,N,700.0
US1CACL0001,20141106,SNOW,0,,,N,700.0
US1CACL0001,20141107,SNOW,0,,,N,700.0
US1CACL0001,20141108,SNOW,0,,,N,730.0
US1CACL0001,20141109,SNOW,0,,,N,800.0
US1CACL0001,20141110,SNOW,0,,,N,715.0
US1CACL0001,20141117,SNOW,0,,,N,725.0
US1CACL0001,20141118,SNOW,0,,,N,730.0
US1CACL0001,20141124,SNOW,0,,,N,700.0
US1CACL0001,20141125,SNOW,0,,,N,720.0
US1CACL0001,20141126,SNOW,0,,,N,830.0
US1CACL0001,20141127,SNOW,0,,,N,700.0
US1CACL0001,20141128,SNOW,0,,,N,700.0
US1CACL0001,20141112,DAPR,2,,,N,745.0
US1CACL0001,20141116,DAPR,2,,,N,905.0
US1CACL0001,20141112,MDPR,0,,,N,745.0
US1CACL0001,20141116,MDPR,0,,,N,905.0
US1CACL0001,20141201,PRCP,56,,,N,700.0
US1CACL0001,20141202,PRCP,0,T,,N,700.0
US1CACL0001,20141203,PRCP,295,,,N,700.0
US1CACL0001,20141205,PRCP,23,,,N,700.0
US1CACL0001,20141206,PRCP,79,,,N,700.0
US1CACL0001,20141209,PRCP,3,,,N,700.0
US1CACL0001,20141210,PRCP,0,,,N,700.0
US1CACL0001,20141211,PRCP,318,,,N,700.0
US1CACL0001,20141212,PRCP,472,,,N,730.0
US1CACL0001,20141213,PRCP,10,,,N,130.0
US1CACL0001,20141214,PRCP,0,,,N,800.0
US1CACL0001,20141215,PRCP,86,,,N,700.0
US1CACL0001,20141216,PRCP,269,,,N,730.0
US1CACL0001,20141217,PRCP,102,,,N,725.0
US1CACL0001,20141218,PRCP,33,,,N,740.0
US1CACL0001,20141219,PRCP,89,,,N,700.0
US1CACL0001,20141220,PRCP,23,,L,N,1730.0
US1CACL0001,20141221,PRCP,0,,L,N,900.0
US1CACL0001,20141210,SNOW,0,,,N,700.0
US1CACL0001,20141214,SNOW,0,,,N,800.0
US1CACL0001,20141221,SNOW,0,,,N,900.0
US1CACL0001,20141227,DAPR,8,,L,N,1000.0
US1CACL0001,20141227,MDPR,0,,L,N,1000.0
US1CACL0001,20150114,PRCP,0,,,N,700.0
US1CACL0001,20150115,PRCP,0,,,N,700.0
US1CACL0001,20150116,PRCP,8,,,N,700.0
US1CACL0001,20150122,PRCP,0,,,N,700.0
US1CACL0001,20150127,PRCP,0,,,N,700.0
US1CACL0001,20150129,PRCP,0,,,N,700.0
US1CACL0001,20150130,PRCP,0,,,N,700.0
US1CACL0001,20150131,PRCP,0,,,N,700.0
US1CACL0001,20150114,SNOW,0,,,N,700.0
US1CACL0001,20150115,SNOW,0,,,N,700.0
US1CACL0001,20150122,SNOW,0,,,N,700.0
US1CACL0001,20150127,SNOW,0,,,N,700.0
US1CACL0001,20150129,SNOW,0,,,N,700.0
US1CACL0001,20150130,SNOW,0,,,N,700.0
US1CACL0001,20150131,SNOW,0,,,N,700.0
US1CACL0001,20150202,PRCP,0,,,N,700.0
US1CACL0001,20150204,PRCP,0,,,N,700.0
US1CACL0001,20150206,PRCP,0,T,,N,700.0
US1CACL0001,20150207,PRCP,411,,,N,700.0
US1CACL0001,20150208,PRCP,13,,,N,700.0
US1CACL0001,20150210,PRCP,0,T,,N,700.0
US1CACL0001,20150213,PRCP,0,,,N,700.0
US1CACL0001,20150218,PRCP,0,,,N,700.0
US1CACL0001,20150219,PRCP,0,,,N,700.0
US1CACL0001,20150225,PRCP,0,,,N,700.0
US1CACL0001,20150202,SNOW,0,,,N,700.0
US1CACL0001,20150204,SNOW,0,,,N,700.0
US1CACL0001,20150213,SNOW,0,,,N,700.0
US1CACL0001,20150218,SNOW,0,,,N,700.0
US1CACL0001,20150219,SNOW,0,,,N,700.0
US1CACL0001,20150225,SNOW,0,,,N,700.0
US1CACL0001,20150303,PRCP,0,,,N,700.0
US1CACL0001,20150312,PRCP,13,,,N,700.0
US1CACL0001,20150316,PRCP,0,,,N,700.0
US1CACL0001,20150318,PRCP,0,,,N,700.0
US1CACL0001,20150319,PRCP,0,,,N,700.0
US1CACL0001,20150320,PRCP,0,,,N,700.0
US1CACL0001,20150326,PRCP,0,,,N,700.0
US1CACL0001,20150328,PRCP,0,,,N,1000.0
US1CACL0001,20150303,SNOW,0,,,N,700.0
US1CACL0001,20150316,SNOW,0,,,N,700.0
US1CACL0001,20150318,SNOW,0,,,N,700.0
US1CACL0001,20150319,SNOW,0,,,N,700.0
US1CACL0001,20150320,SNOW,0,,,N,700.0
US1CACL0001,20150326,SNOW,0,,,N,700.0
US1CACL0001,20150328,SNOW,0,,,N,1000.0
US1CACL0001,20150305,DAPR,2,,,N,730.0
US1CACL0001,20150324,DAPR,2,,,N,700.0
US1CACL0001,20150305,MDPR,0,,,N,730.0
US1CACL0001,20150324,MDPR,5,,,N,700.0
US1CACL0001,20150407,PRCP,173,,,N,700.0
US1CACL0001,20150409,PRCP,51,,,N,700.0
US1CACL0001,20150414,PRCP,0,,,N,700.0
US1CACL0001,20150416,PRCP,0,,,N,700.0
US1CACL0001,20150423,PRCP,0,,,N,700.0
US1CACL0001,20150424,PRCP,0,,,N,700.0
US1CACL0001,20150425,PRCP,56,,,N,700.0
US1CACL0001,20150414,SNOW,0,,,N,700.0
US1CACL0001,20150416,SNOW,0,,,N,700.0
US1CACL0001,20150423,SNOW,0,,,N,700.0
US1CACL0001,20150424,SNOW,0,,,N,700.0
US1CACL0001,20150501,PRCP,0,,,N,700.0
US1CACL0001,20150502,PRCP,0,,,N,700.0
US1CACL0001,20150504,PRCP,0,,,N,700.0
US1CACL0001,20150511,PRCP,0,,,N,700.0
US1CACL0001,20150512,PRCP,0,,,N,700.0
US1CACL0001,20150513,PRCP,0,,,N,700.0
US1CACL0001,20150514,PRCP,0,,,N,700.0
US1CACL0001,20150515,PRCP,0,,,N,700.0
US1CACL0001,20150517,PRCP,0,,,N,700.0
US1CACL0001,20150518,PRCP,3,,,N,700.0
US1CACL0001,20150520,PRCP,0,,,N,700.0
US1CACL0001,20150521,PRCP,0,,,N,700.0
US1CACL0001,20150522,PRCP,0,,,N,700.0
US1CACL0001,20150526,PRCP,0,,,N,700.0
US1CACL0001,20150527,PRCP,0,,,N,700.0
US1CACL0001,20150528,PRCP,0,,,N,700.0
US1CACL0001,20150529,PRCP,0,,,N,700.0
US1CACL0001,20150501,SNOW,0,,,N,700.0
US1CACL0001,20150502,SNOW,0,,,N,700.0
US1CACL0001,20150504,SNOW,0,,,N,700.0
US1CACL0001,20150511,SNOW,0,,,N,700.0
US1CACL0001,20150512,SNOW,0,,,N,700.0
US1CACL0001,20150513,SNOW,0,,,N,700.0
US1CACL0001,20150514,SNOW,0,,,N,700.0
US1CACL0001,20150515,SNOW,0,,,N,700.0
US1CACL0001,20150517,SNOW,0,,,N,700.0
US1CACL0001,20150520,SNOW,0,,,N,700.0
US1CACL0001,20150521,SNOW,0,,,N,700.0
US1CACL0001,20150522,SNOW,0,,,N,700.0
US1CACL0001,20150526,SNOW,0,,,N,700.0
US1CACL0001,20150527,SNOW,0,,,N,700.0
US1CACL0001,20150528,SNOW,0,,,N,700.0
US1CACL0001,20150529,SNOW,0,,,N,700.0
US1CACL0001,20150601,PRCP,0,,,N,700.0
US1CACL0001,20150606,PRCP,0,,,N,700.0
US1CACL0001,20150610,PRCP,5,,,N,700.0
US1CACL0001,20150601,SNOW,0,,,N,700.0
US1CACL0001,20150606,SNOW,0,,,N,700.0
US1CACL0001,20150722,PRCP,0,,,N,700.0
US1CACL0001,20150722,SNOW,0,,,N,700.0
US1CACL0001,20150917,PRCP,5,,,N,700.0
US1CACL0001,20151102,PRCP,94,,,N,700.0
US1CACL0001,20151108,PRCP,69,,,N,700.0
US1CACL0001,20151109,PRCP,5,,,N,700.0
US1CACL0001,20151110,PRCP,150,,,N,700.0
US1CACL0001,20151115,PRCP,36,,,N,700.0
US1CACL0001,20151204,PRCP,23,,,N,700.0
US1CACL0001,20151206,PRCP,58,,,N,700.0
US1CACL0001,20151207,PRCP,20,,,N,700.0
US1CACL0001,20151209,PRCP,25,,,N,700.0
US1CACL0001,20151211,PRCP,13,,,N,700.0
US1CACL0001,20151212,PRCP,0,,,N,700.0
US1CACL0001,20151213,PRCP,91,,,N,700.0
US1CACL0001,20151221,PRCP,76,,,N,700.0
US1CACL0001,20151224,PRCP,0,,,N,700.0
US1CACL0001,20151228,PRCP,10,,,N,700.0
US1CACL0001,20151212,SNOW,0,,,N,700.0
US1CACL0001,20151224,SNOW,0,,,N,700.0
US1CACL0001,20160101,PRCP,0,,,N,700.0
US1CACL0001,20160104,PRCP,10,,,N,700.0
US1CACL0001,20160105,PRCP,231,,,N,700.0
US1CACL0001,20160107,PRCP,56,,,N,700.0
US1CACL0001,20160109,PRCP,81,,,N,700.0
US1CACL0001,20160111,PRCP,18,,,N,700.0
US1CACL0001,20160112,PRCP,3,,,N,700.0
US1CACL0001,20160113,PRCP,84,,,N,700.0
US1CACL0001,20160114,PRCP,5,,,N,700.0
US1CACL0001,20160115,PRCP,135,,,N,700.0
US1CACL0001,20160117,PRCP,41,,,N,700.0
US1CACL0001,20160118,PRCP,122,,,N,700.0
US1CACL0001,20160119,PRCP,86,,,N,700.0
US1CACL0001,20160120,PRCP,132,,,N,700.0
US1CACL0001,20160122,PRCP,23,,,N,700.0
US1CACL0001,20160123,PRCP,48,,,N,700.0
US1CACL0001,20160125,PRCP,0,,,N,700.0
US1CACL0001,20160126,PRCP,0,,,N,700.0
US1CACL0001,20160129,PRCP,23,,,N,700.0
US1CACL0001,20160101,SNOW,0,,,N,700.0
US1CACL0001,20160125,SNOW,0,,,N,700.0
US1CACL0001,20160126,SNOW,0,,,N,700.0
US1CACL0001,20160209,PRCP,0,,,N,700.0
US1CACL0001,20160218,PRCP,84,,,N,700.0
US1CACL0001,20160223,PRCP,0,,,N,700.0
US1CACL0001,20160209,SNOW,0,,,N,700.0
US1CACL0001,20160223,SNOW,0,,,N,700.0
US1CACL0001,20160305,PRCP,56,,,N,700.0
US1CACL0001,20160306,PRCP,183,,,N,700.0
US1CACL0001,20160307,PRCP,234,,,N,700.0
US1CACL0001,20160310,PRCP,28,,,N,700.0
US1CACL0001,20160312,PRCP,64,,,N,700.0
US1CACL0001,20160321,PRCP,33,,,N,700.0
US1CACL0001,20160410,PRCP,76,,,N,700.0
US1CACL0001,20160506,PRCP,89,,,N,700.0
US1CACL0001,20160507,PRCP,10,,,N,700.0
US1CACL0001,20160509,PRCP,46,,,N,700.0
US1CACL0001,20160510,PRCP,0,,,N,700.0
US1CACL0001,20160521,PRCP,10,,,N,700.0
US1CACL0001,20160510,SNOW,0,,,N,700.0
US1CACL0001,20161002,PRCP,0,,,N,800.0
US1CACL0001,20161014,PRCP,51,,,N,700.0
US1CACL0001,20161016,PRCP,127,,,N,700.0
US1CACL0001,20161022,PRCP,0,,,N,700.0
US1CACL0001,20161025,PRCP,295,,,N,700.0
US1CACL0001,20161026,PRCP,46,,,N,700.0
US1CACL0001,20161028,PRCP,46,,,N,700.0
US1CACL0001,20161002,SNOW,0,,,N,800.0
US1CACL0001,20161022,SNOW,0,,,N,700.0
US1CACL0001,20161102,PRCP,86,,,N,700.0
US1CACL0001,20161104,PRCP,0,,,N,700.0
US1CACL0001,20161106,PRCP,0,,,N,700.0
US1CACL0001,20161109,PRCP,0,,,N,700.0
US1CACL0001,20161110,PRCP,0,,,N,700.0
US1CACL0001,20161118,PRCP,0,,,N,700.0
US1CACL0001,20161119,PRCP,224,,,N,700.0
US1CACL0001,20161120,PRCP,168,,,N,700.0
US1CACL0001,20161122,PRCP,51,,,N,700.0
US1CACL0001,20161126,PRCP,53,,,N,700.0
US1CACL0001,20161128,PRCP,28,,,N,700.0
US1CACL0001,20161104,SNOW,0,,,N,700.0
US1CACL0001,20161106,SNOW,0,,,N,700.0
US1CACL0001,20161109,SNOW,0,,,N,700.0
US1CACL0001,20161110,SNOW,0,,,N,700.0
US1CACL0001,20161118,SNOW,0,,,N,700.0
US1CACL0001,20161205,PRCP,0,,,N,700.0
US1CACL0001,20161208,PRCP,122,,,N,700.0
US1CACL0001,20161209,PRCP,30,,,N,700.0
US1CACL0001,20161214,PRCP,79,,,N,700.0
US1CACL0001,20161215,PRCP,10,,,N,700.0
US1CACL0001,20161223,PRCP,89,,,N,700.0
US1CACL0001,20161205,SNOW,0,,,N,700.0
US1CACL0001,20170104,PRCP,300,,,N,800.0
US1CACL0001,20170107,PRCP,170,,,N,700.0
US1CACL0001,20170108,PRCP,351,,,N,700.0
US1CACL0001,20170110,PRCP,36,,,N,700.0
US1CACL0001,20170111,PRCP,168,,,N,700.0
US1CACL0001,20170117,PRCP,0,,,N,700.0
US1CACL0001,20170122,PRCP,216,,,N,700.0
US1CACL0001,20170117,SNOW,0,,,N,700.0
US1CACL0001,20170202,PRCP,64,,,N,700.0
US1CACL0001,20170203,PRCP,234,,,N,700.0
US1CACL0001,20170205,PRCP,0,,,N,700.0
US1CACL0001,20170206,PRCP,51,,,N,700.0
US1CACL0001,20170208,PRCP,58,,,N,700.0
US1CACL0001,20170218,PRCP,970,,,N,700.0
US1CACL0001,20170205,SNOW,0,,,N,700.0
US1CACL0001,20170305,PRCP,64,,,N,700.0
US1CACL0001,20170321,PRCP,147,,,N,700.0
US1CACL0001,20170326,PRCP,97,,,N,900.0
US1CACL0001,20170403,PRCP,0,,,N,700.0
US1CACL0001,20170407,PRCP,241,,,N,700.0
US1CACL0001,20170411,PRCP,30,,,N,700.0
US1CACL0001,20170419,PRCP,76,,,N,700.0
US1CACL0001,20170424,PRCP,0,,,N,700.0
US1CACL0001,20170425,PRCP,8,,,N,700.0
US1CACL0001,20170403,SNOW,0,,,N,700.0
US1CACL0001,20170424,SNOW,0,,,N,700.0
US1CACL0001,20170502,PRCP,0,,,N,700.0
US1CACL0001,20170504,PRCP,0,,,N,700.0
US1CACL0001,20170502,SNOW,0,,,N,700.0
US1CACL0001,20170504,SNOW,0,,,N,700.0
US1CACL0001,20171110,PRCP,157,,,N,700.0
US1CACL0001,20171115,PRCP,10,,,N,700.0
US1CACL0001,20171126,PRCP,64,,,N,700.0
US1CACL0001,20171128,PRCP,0,,,N,700.0
US1CACL0001,20171129,PRCP,0,,,N,700.0
US1CACL0001,20171128,SNOW,0,,,N,700.0
US1CACL0001,20171129,SNOW,0,,,N,700.0
US1CACL0001,20180104,PRCP,36,,,N,700.0
US1CACL0001,20180106,PRCP,18,,,N,700.0
US1CACL0001,20180108,PRCP,86,,,N,700.0
US1CACL0001,20180109,PRCP,404,,,N,700.0
US1CACL0001,20180110,PRCP,23,,,N,700.0
US1CACL0001,20180111,PRCP,0,,,N,700.0
US1CACL0001,20180113,PRCP,23,,,N,700.0
US1CACL0001,20180116,PRCP,46,,,N,700.0
US1CACL0001,20180122,PRCP,18,,,N,700.0
US1CACL0001,20180125,PRCP,46,,,N,700.0
US1CACL0001,20180111,SNOW,0,,,N,700.0
US1CACL0001,20180301,PRCP,86,,,N,700.0
US1CACL0001,20180302,PRCP,15,,,N,700.0
US1CACL0001,20180313,PRCP,76,,,N,700.0
US1CACL0001,20180321,PRCP,145,,,N,700.0
US1CACL0001,20180406,PRCP,213,,,N,700.0
US1CACL0001,20180418,PRCP,86,,,N,700.0
US1CACL0001,20181002,PRCP,36,,,N,700.0
US1CACL0001,20181121,PRCP,23,,,N,700.0
US1CACL0001,20181122,PRCP,99,,,N,700.0
US1CACL0001,20181123,PRCP,46,,,N,700.0
US1CACL0001,20181124,PRCP,15,,,N,700.0
US1CACL0001,20181127,PRCP,0,,,N,700.0
US1CACL0001,20181128,PRCP,43,,,N,700.0
US1CACL0001,20181129,PRCP,178,,,N,700.0
US1CACL0001,20181130,PRCP,208,,,N,700.0
US1CACL0001,20181127,SNOW,0,,,N,700.0
US1CACL0001,20181201,PRCP,13,,,N,830.0
US1CACL0001,20181205,PRCP,15,,,N,700.0
US1CACL0001,20181207,PRCP,0,,,N,700.0
US1CACL0001,20181215,PRCP,23,,,N,700.0
US1CACL0001,20181216,PRCP,5,,,N,700.0
US1CACL0001,20181224,PRCP,30,,,N,700.0
US1CACL0001,20181207,SNOW,0,,,N,700.0
US1CACL0001,20190105,PRCP,0,,,N,700.0
US1CACL0001,20190106,PRCP,152,,,N,700.0
US1CACL0001,20190107,PRCP,249,,,N,700.0
US1CACL0001,20190108,PRCP,5,,,N,700.0
US1CACL0001,20190109,PRCP,122,,,N,700.0
US1CACL0001,20190110,PRCP,13,,,N,700.0
US1CACL0001,20190117,PRCP,262,,,N,700.0
US1CACL0001,20190118,PRCP,23,,,N,700.0
US1CACL0001,20190120,PRCP,46,,,N,700.0
US1CACL0001,20190105,SNOW,0,,,N,700.0
US1CACL0001,20190203,PRCP,211,,,N,700.0
US1CACL0001,20190204,PRCP,173,,,N,700.0
US1CACL0001,20190214,PRCP,627,,,N,700.0
US1CACL0001,20190217,PRCP,28,,,N,700.0
US1CACL0001,20190226,PRCP,147,,,N,700.0
US1CACL0001,20190227,PRCP,422,,,N,700.0
US1CACL0001,20190302,PRCP,89,,,N,800.0
US1CACL0001,20190303,PRCP,46,,,N,700.0
US1CACL0001,20190321,PRCP,48,,,N,700.0
US1CACL0001,20190324,PRCP,142,,,N,700.0
US1CACL0001,20190326,PRCP,163,,,N,700.0
US1CACL0001,20190601,DAPR,2,,,N,700.0
US1CACL0001,20190601,MDPR,312,,,N,700.0
US1CACL0001,20191201,PRCP,358,,,N,700.0
US1CACL0001,20191202,PRCP,234,,,N,700.0
US1CACL0001,20191208,DAPR,2,,,N,700.0
US1CACL0001,20191208,MDPR,84,,,N,700.0
US1CACL0001,20200405,PRCP,91,,,N,700.0
US1CACL0001,20200513,PRCP,30,,,N,700.0
US1CACL0001,20200517,PRCP,89,,,N,700.0
US1CACL0001,20200518,PRCP,74,,,N,700.0
US1CACL0001,20200520,PRCP,76,,,N,830.0
US1CACL0001,20200530,PRCP,30,,,N,700.0
US1CACL0001,20200531,PRCP,8,,,N,1615.0
US1CACL0001,20200613,PRCP,28,,,N,700.0
US1CACL0001,20201113,PRCP,5,,,N,700.0
US1CACL0001,20201118,PRCP,15,,,N,700.0
US1CACL0001,20201212,PRCP,8,,,N,700.0
US1CACL0001,20201213,PRCP,48,,,N,700.0
US1CACL0001,20201214,PRCP,74,,,N,700.0
US1CACL0001,20201217,PRCP,180,,,N,700.0
US1CACL0001,20201226,PRCP,25,,,N,700.0
US1CACL0001,20210102,PRCP,15,,,N,700.0
US1CACL0001,20210104,PRCP,89,,,N,700.0
US1CACL0001,20210107,PRCP,46,,,N,700.0
US1CACL0001,20210108,PRCP,30,,,N,700.0
US1CACL0001,20210127,PRCP,198,,,N,700.0
US1CACL0001,20210128,PRCP,84,,,N,700.0
US1CACL0001,20210129,PRCP,135,,,N,700.0
US1CACL0001,20210115,DAPR,2,,,N,700.0
US1CACL0001,20210115,MDPR,10,,,N,700.0
US1CACL0001,20210202,PRCP,36,,,N,700.0
US1CACL0001,20210212,PRCP,51,,,N,700.0
US1CACL0001,20210213,PRCP,8,,,N,700.0
US1CACL0001,20210306,PRCP,64,,,N,700.0
US1CACL0001,20210310,PRCP,25,,,N,700.0
US1CACL0001,20210315,PRCP,28,,,N,700.0
US1CACL0001,20210318,PRCP,5,,,N,700.0
US1CACL0001,20210319,PRCP,76,,,N,700.0
US1CACL0001,20210910,PRCP,25,,,N,700.0
US1CACL0001,20211020,PRCP,58,,,N,700.0
US1CACL0001,20211021,PRCP,38,,,N,700.0
US1CACL0001,20211022,PRCP,89,,,N,700.0
US1CACL0001,20211023,PRCP,20,,,N,700.0
US1CACL0001,20211024,PRCP,516,,,N,700.0
US1CACL0001,20211025,PRCP,622,,,N,700.0
US1CACL0001,20211102,PRCP,10,,,N,700.0
US1CACL0001,20211104,PRCP,3,,,N,700.0
US1CACL0001,20211107,PRCP,15,,,N,700.0
US1CACL0001,20211109,PRCP,259,,,N,700.0
US1CACL0001,20211119,PRCP,20,,,N,700.0
US1CACL0001,20211207,PRCP,33,,,N,700.0
US1CACL0001,20211209,PRCP,13,,,N,700.0
US1CACL0001,20211213,PRCP,191,,,N,700.0
US1CACL0001,20211214,PRCP,173,,,N,700.0
US1CACL0001,20211216,PRCP,150,,,N,700.0
US1CACL0001,20211222,PRCP,183,,,N,700.0
US1CACL0001,20211223,PRCP,38,,,N,700.0
US1CACL0001,20211225,PRCP,66,,,N,700.0
US1CACL0001,20211229,PRCP,122,,,N,700.0
US1CACL0001,20220104,PRCP,5,,,N,700.0
US1CACL0001,20220105,PRCP,5,,,N,700.0
US1CACL0001,20220107,PRCP,8,,,N,700.0
US1CACL0001,20220315,PRCP,5,,,N,700.0
US1CACL0001,20220316,PRCP,28,,,N,700.0
US1CACL0001,20220320,PRCP,3,,,N,700.0
US1CACL0001,20220328,PRCP,79,,,N,700.0
US1CACL0001,20220416,PRCP,38,,,N,700.0
US1CACL0001,20220510,PRCP,61,,,N,700.0
US1CACL0001,20220605,PRCP,69,,,N,700.0
US1CACL0001,20220912,PRCP,13,,,N,700.0
US1CACL0001,20220913,PRCP,10,,,N,700.0
US1CACL0001,20220918,PRCP,28,,,N,700.0
US1CACL0001,20220919,PRCP,130,,,N,700.0
US1CACL0001,20220923,DAPR,4,,,N,700.0
US1CACL0001,20220923,MDPR,152,,,N,700.0
US1CACL0001,20221102,PRCP,5,,,N,700.0
US1CACL0001,20221103,PRCP,5,,,N,700.0
US1CACL0001,20221107,PRCP,28,,,N,700.0
US1CACL0001,20221108,PRCP,109,,,N,700.0
US1CACL0001,20221109,PRCP,104,,,N,700.0
US1CACL0001,20221201,PRCP,76,,,N,700.0
US1CACL0001,20221202,PRCP,43,,,N,700.0
US1CACL0001,20221204,PRCP,48,,,N,700.0
US1CACL0001,20221205,PRCP,69,,,N,700.0
US1CACL0001,20221206,PRCP,3,,,N,700.0
US1CACL0001,20221209,PRCP,10,,,N,700.0
US1CACL0001,20221210,PRCP,66,,,N,700.0
US1CACL0001,20221211,PRCP,112,,,N,700.0
US1CACL0001,20221212,PRCP,203,,,N,700.0
US1CACL0001,20221220,PRCP,5,,,N,700.0
US1CACL0001,20221227,PRCP,290,,,N,700.0
US1CACL0001,20221229,PRCP,97,,,N,700.0
US1CACL0001,20221230,PRCP,155,,,N,700.0
US1CACL0001,20221231,PRCP,58,,,N,700.0
US1CACL0001,20230101,PRCP,94,,,N,700.0
US1CACL0001,20230103,PRCP,81,,,N,700.0
US1CACL0001,20230104,PRCP,41,,,N,700.0
US1CACL0001,20230105,PRCP,290,,,N,700.0
US1CACL0001,20230106,PRCP,58,,,N,700.0
US1CACL0001,20230107,PRCP,13,,,N,700.0
US1CACL0001,20230108,PRCP,191,,,N,700.0
US1CACL0001,20230109,PRCP,305,,,N,700.0
US1CACL0001,20230110,PRCP,132,,,N,700.0
US1CACL0001,20230111,PRCP,38,,,N,700.0
US1CACL0001,20230112,PRCP,305,,,N,700.0
US1CACL0001,20230113,PRCP,0,,,N,700.0
US1CACL0001,20230114,PRCP,330,,,N,700.0
US1CACL0001,20230115,PRCP,25,,,N,700.0
US1CACL0001,20230116,PRCP,33,,,N,700.0
US1CACL0001,20230119,PRCP,38,,,N,700.0
US1CACL0001,20230130,PRCP,71,,,N,700.0
US1CACL0001,20230113,SNOW,0,,,N,700.0
US1CACL0001,20230203,PRCP,74,,,N,700.0
US1CACL0001,20230205,PRCP,43,,,N,700.0
US1CACL0001,20230224,PRCP,193,,,N,700.0
US1CACL0001,20230225,PRCP,74,,,N,700.0
US1CACL0001,20230227,PRCP,5,,,N,700.0
US1CACL0001,20230228,PRCP,36,,,N,700.0
US1CACL0001,20230305,PRCP,53,,,N,700.0
US1CACL0001,20230306,PRCP,25,,,N,700.0
US1CACL0001,20230307,PRCP,28,,,N,700.0
US1CACL0001,20230308,PRCP,8,,,N,700.0
US1CACL0001,20230310,PRCP,310,,,N,700.0
US1CACL0001,20230312,PRCP,48,,,N,700.0
US1CACL0001,20230313,PRCP,8,,,N,700.0
US1CACL0001,20230314,PRCP,127,,,N,700.0
US1CACL0001,20230315,PRCP,231,,,N,700.0
US1CACL0001,20230320,PRCP,155,,,N,700.0
US1CACL0001,20230321,PRCP,25,,,N,700.0
US1CACL0001,20230322,PRCP,353,,,N,700.0
US1CACL0001,20230323,PRCP,33,,,N,700.0
US1CACL0001,20230324,PRCP,18,,,N,700.0
US1CACL0001,20230328,PRCP,46,,,N,700.0
US1CACL0001,20230329,PRCP,102,,,N,700.0
US1CACL0001,20230330,PRCP,84,,,N,700.0
US1CACL0001,20230407,PRCP,86,,,N,700.0
US1CACL0001,20230502,PRCP,3,,,N,700.0
US1CACL0001,20230503,PRCP,145,,,N,700.0
US1CACL0001,20230504,PRCP,56,,,N,700.0
US1CACL0001,20230507,PRCP,13,,,N,700.0
US1CACL0001,20230524,PRCP,30,,,N,700.0
US1CACL0001,20230526,PRCP,8,,,N,700.0
US1CACL0001,20230506,DAPR,2,,,N,700.0
US1CACL0001,20230506,MDPR,56,,,N,700.0
US1CACL0001,20230607,PRCP,3,,,N,700.0
US1CACL0001,20230817,PRCP,5,,,N,700.0
US1CACL0001,20230926,PRCP,5,,,N,700.0
US1CACL0001,20230930,PRCP,56,,,N,700.0
US1CACL0001,20231023,PRCP,292,,,N,700.0
US1CACL0001,20231026,PRCP,8,,,N,700.0
US1CACL0001,20231116,PRCP,13,,,N,700.0
US1CACL0001,20231118,PRCP,89,,,N,700.0
US1CACL0001,20231119,PRCP,5,,,N,700.0
US1CACL0001,20231207,PRCP,107,,,N,700.0
US1CACL0001,20231218,PRCP,241,,,N,700.0
US1CACL0001,20231219,PRCP,239,,,N,700.0
US1CACL0001,20231220,PRCP,38,,,N,700.0
US1CACL0001,20231221,PRCP,89,,,N,700.0
US1CACL0001,20231228,PRCP,203,,,N,700.0
US1CACL0001,20231229,PRCP,10,,,N,700.0
US1CACL0001,20231230,PRCP,312,,,N,700.0
US1CACL0001,20240113,PRCP,13,,,N,700.0
US1CACL0001,20240114,PRCP,5,,,N,700.0
US1CACL0001,20240117,PRCP,142,,,N,700.0
US1CACL0001,20240120,PRCP,76,,,N,700.0
US1CACL0001,20240121,PRCP,18,,,N,700.0
US1CACL0001,20240122,PRCP,231,,,N,700.0
US1CACL0001,20240123,PRCP,20,,,N,700.0
US1CACL0001,20240124,PRCP,64,,,N,700.0
US1CACL0001,20240101,DAPR,2,,,N,700.0
US1CACL0001,20240104,DAPR,2,,,N,700.0
US1CACL0001,20240101,MDPR,20,,,N,700.0
US1CACL0001,20240104,MDPR,107,,,N,700.0
US1CACL0001,20240201,PRCP,254,,,N,700.0
US1CACL0001,20240202,PRCP,56,,,N,700.0
US1CACL0001,20240204,PRCP,457,,L,N,700.0
US1CACL0001,20240208,PRCP,91,,,N,700.0
US1CACL0001,20240215,PRCP,36,,,N,700.0
US1CACL0001,20240218,PRCP,213,,,N,700.0
US1CACL0001,20240219,PRCP,366,,,N,700.0
US1CACL0001,20240220,PRCP,127,,,N,700.0
US1CACL0001,20240221,PRCP,13,,,N,700.0
US1CACL0001,20240222,PRCP,8,,,N,700.0
US1CACL0001,20240204,DAPR,2,,L,N,700.0
US1CACL0001,20240204,MDPR,211,,L,N,700.0
US1CACL0001,20240301,PRCP,33,,,N,700.0
US1CACL0001,20240302,PRCP,53,,,N,700.0
US1CACL0001,20240303,PRCP,25,,,N,700.0
US1CACL0001,20240304,PRCP,23,,,N,700.0
US1CACL0001,20240305,PRCP,5,,,N,700.0
US1CACL0001,20240307,PRCP,3,,,N,700.0
US1CACL0001,20240311,PRCP,38,,,N,700.0
US1CACL0001,20240312,PRCP,25,,,N,700.0
US1CACL0001,20240313,PRCP,5,,,N,700.0
US1CACL0001,20240323,PRCP,53,,,N,700.0
US1CACL0001,20240324,PRCP,3,,,N,700.0
US1CACL0001,20240328,PRCP,23,,,N,700.0
US1CACL0001,20240330,PRCP,203,,,N,700.0
US1CACL0001,20240331,PRCP,13,,,N,700.0
US1CACL0001,20240405,PRCP,170,,,N,700.0
US1CACL0001,20240406,PRCP,15,,,N,700.0
US1CACL0001,20240413,PRCP,51,,,N,700.0
US1CACL0001,20240414,PRCP,81,,,N,700.0
US1CACL0001,20240415,PRCP,8,,,N,700.0
US1CACL0001,20240424,PRCP,13,,,N,700.0
US1CACL0001,20240427,PRCP,5,,,N,700.0
US1CACL0001,20240504,PRCP,28,,,N,700.0
US1CACL0001,20240505,PRCP,38,,,N,700.0
US1CACL0001,20240824,PRCP,30,,,N,700.0
US1CACL0001,20241120,PRCP,43,,,N,700.0
US1CACL0001,20241121,PRCP,597,,,N,700.0
US1CACL0001,20241122,PRCP,384,,,N,700.0
US1CACL0001,20241123,PRCP,137,,,N,700.0
US1CACL0001,20241126,PRCP,8,,,N,700.0
US1CACL0001,20241103,DAPR,3,,,N,700.0
US1CACL0001,20241112,DAPR,3,,,N,700.0
US1CACL0001,20241115,DAPR,3,,,N,700.0
US1CACL0001,20241103,MDPR,28,,,N,700.0
US1CACL0001,20241112,MDPR,30,,,N,700.0
US1CACL0001,20241115,MDPR,20,,,N,700.0
US1CACL0001,20241212,PRCP,175,,,N,700.0
US1CACL0001,20241213,PRCP,10,,,N,700.0
US1CACL0001,20241214,PRCP,345,,,N,700.0
US1CACL0001,20241215,PRCP,38,,,N,700.0
US1CACL0001,20241216,PRCP,46,,,N,700.0
US1CACL0001,20241217,PRCP,38,,,N,700.0
US1CACL0001,20241221,PRCP,10,,,N,700.0
US1CACL0001,20241222,PRCP,41,,,N,700.0
US1CACL0001,20241223,PRCP,91,,,N,700.0
US1CACL0001,20241224,PRCP,79,,,N,700.0
US1CACL0001,20241227,PRCP,41,,,N,700.0
US1CACL0001,20241229,PRCP,48,,,N,700.0
US1CACL0001,20250104,PRCP,48,,,N,700.0
US1CACL0001,20250204,PRCP,38,,,N,700.0
US1CACL0001,20250205,PRCP,452,,,N,700.0
US1CACL0001,20250207,PRCP,297,,,N,700.0
US1CACL0001,20250213,PRCP,264,,,N,700.0
US1CACL0001,20250214,PRCP,41,,,N,700.0
US1CACL0001,20250216,PRCP,58,,,N,700.0
US1CACL0001,20250217,PRCP,5,,,N,700.0
US1CACL0001,20250202,DAPR,4,,,N,700.0
US1CACL0001,20250224,DAPR,2,,,N,
US1CACL0001,20250202,MDPR,229,,,N,700.0
US1CACL0001,20250224,MDPR,5,,,N,
