US1CATL0009,20090201,PRCP,0,Unnamed: 4,Unnamed: 5,N,0700
US1CATL0009,20090202,PRCP,0,,,N,700
US1CATL0009,20090203,PRCP,0,,,N,700
US1CATL0009,20090204,PRCP,0,,,N,700
US1CATL0009,20090205,PRCP,0,,,N,700
US1CATL0009,20090206,PRCP,10,,,N,800
US1CATL0009,20090207,PRCP,287,,,N,800
US1CATL0009,20090208,PRCP,23,,,N,800
US1CATL0009,20090209,PRCP,165,,,N,800
US1CATL0009,20090210,PRCP,36,,,N,800
US1CATL0009,20090211,PRCP,5,,,N,800
US1CATL0009,20090212,PRCP,137,,,N,800
US1CATL0009,20090213,PRCP,0,,,N,700
US1CATL0009,20090214,PRCP,109,,,N,800
US1CATL0009,20090215,PRCP,0,,,N,700
US1CATL0009,20090216,PRCP,0,,,N,700
US1CATL0009,20090217,PRCP,353,,,N,800
US1CATL0009,20090218,PRCP,18,,,N,800
US1CATL0009,20090219,PRCP,0,,,N,700
US1CATL0009,20090220,PRCP,0,,,N,700
US1CATL0009,20090221,PRCP,0,,,N,700
US1CATL0009,20090222,PRCP,15,,,N,800
US1CATL0009,20090223,PRCP,86,,,N,800
US1CATL0009,20090224,PRCP,10,,,N,800
US1CATL0009,20090225,PRCP,0,,,N,700
US1CATL0009,20090226,PRCP,0,,,N,700
US1CATL0009,20090227,PRCP,0,,,N,700
US1CATL0009,20090228,PRCP,0,,,N,700
US1CATL0009,20090201,SNOW,0,,,N,700
US1CATL0009,20090202,SNOW,0,,,N,700
US1CATL0009,20090203,SNOW,0,,,N,700
US1CATL0009,20090204,SNOW,0,,,N,700
US1CATL0009,20090205,SNOW,0,,,N,700
US1CATL0009,20090212,SNOW,38,,,N,800
US1CATL0009,20090213,SNOW,0,,,N,700
US1CATL0009,20090214,SNOW,0,T,,N,800
US1CATL0009,20090215,SNOW,0,,,N,700
US1CATL0009,20090216,SNOW,0,,,N,700
US1CATL0009,20090219,SNOW,0,,,N,700
US1CATL0009,20090220,SNOW,0,,,N,700
US1CATL0009,20090221,SNOW,0,,,N,700
US1CATL0009,20090225,SNOW,0,,,N,700
US1CATL0009,20090226,SNOW,0,,,N,700
US1CATL0009,20090227,SNOW,0,,,N,700
US1CATL0009,20090228,SNOW,0,,,N,700
US1CATL0009,20090212,SNWD,25,,,N,800
US1CATL0009,20090214,SNWD,0,,,N,800
US1CATL0009,20090301,PRCP,0,,,N,700
US1CATL0009,20090302,PRCP,0,,,N,700
US1CATL0009,20090303,PRCP,0,,,N,700
US1CATL0009,20090304,PRCP,117,,,N,800
US1CATL0009,20090305,PRCP,51,,,N,800
US1CATL0009,20090306,PRCP,3,,,N,800
US1CATL0009,20090307,PRCP,28,,,N,800
US1CATL0009,20090308,PRCP,0,,,N,700
US1CATL0009,20090309,PRCP,0,,,N,700
US1CATL0009,20090310,PRCP,0,,,N,700
US1CATL0009,20090311,PRCP,0,,,N,700
US1CATL0009,20090312,PRCP,0,,,N,700
US1CATL0009,20090313,PRCP,0,,,N,700
US1CATL0009,20090314,PRCP,0,,,N,700
US1CATL0009,20090315,PRCP,0,,,N,700
US1CATL0009,20090316,PRCP,0,,,N,700
US1CATL0009,20090317,PRCP,0,,,N,700
US1CATL0009,20090318,PRCP,0,,,N,700
US1CATL0009,20090319,PRCP,0,,,N,700
US1CATL0009,20090320,PRCP,0,,,N,700
US1CATL0009,20090321,PRCP,0,,,N,700
US1CATL0009,20090322,PRCP,91,,,N,800
US1CATL0009,20090323,PRCP,86,,,N,800
US1CATL0009,20090324,PRCP,0,,,N,800
US1CATL0009,20090325,PRCP,0,,,N,700
US1CATL0009,20090326,PRCP,0,,,N,700
US1CATL0009,20090327,PRCP,0,,,N,700
US1CATL0009,20090328,PRCP,0,,,N,700
US1CATL0009,20090329,PRCP,0,,,N,700
US1CATL0009,20090330,PRCP,0,,,N,700
US1CATL0009,20090331,PRCP,0,,,N,700
US1CATL0009,20090301,SNOW,0,,,N,700
US1CATL0009,20090302,SNOW,0,,,N,700
US1CATL0009,20090303,SNOW,0,,,N,700
US1CATL0009,20090308,SNOW,0,,,N,700
US1CATL0009,20090309,SNOW,0,,,N,700
US1CATL0009,20090310,SNOW,0,,,N,700
US1CATL0009,20090311,SNOW,0,,,N,700
US1CATL0009,20090312,SNOW,0,,,N,700
US1CATL0009,20090313,SNOW,0,,,N,700
US1CATL0009,20090314,SNOW,0,,,N,700
US1CATL0009,20090315,SNOW,0,,,N,700
US1CATL0009,20090316,SNOW,0,,,N,700
US1CATL0009,20090317,SNOW,0,,,N,700
US1CATL0009,20090318,SNOW,0,,,N,700
US1CATL0009,20090319,SNOW,0,,,N,700
US1CATL0009,20090320,SNOW,0,,,N,700
US1CATL0009,20090321,SNOW,0,,,N,700
US1CATL0009,20090324,SNOW,0,,,N,800
US1CATL0009,20090325,SNOW,0,,,N,700
US1CATL0009,20090326,SNOW,0,,,N,700
US1CATL0009,20090327,SNOW,0,,,N,700
US1CATL0009,20090328,SNOW,0,,,N,700
US1CATL0009,20090329,SNOW,0,,,N,700
US1CATL0009,20090330,SNOW,0,,,N,700
US1CATL0009,20090331,SNOW,0,,,N,700
US1CATL0009,20090401,PRCP,0,,,N,700
US1CATL0009,20090402,PRCP,0,,,N,700
US1CATL0009,20090403,PRCP,0,,,N,700
US1CATL0009,20090404,PRCP,0,,,N,700
US1CATL0009,20090405,PRCP,0,,,N,700
US1CATL0009,20090406,PRCP,0,,,N,700
US1CATL0009,20090407,PRCP,0,,,N,700
US1CATL0009,20090410,PRCP,0,,,N,700
US1CATL0009,20090411,PRCP,15,,,N,800
US1CATL0009,20090412,PRCP,0,,,N,700
US1CATL0009,20090413,PRCP,0,,,N,700
US1CATL0009,20090414,PRCP,0,,,N,800
US1CATL0009,20090415,PRCP,0,T,,N,800
US1CATL0009,20090416,PRCP,0,,,N,800
US1CATL0009,20090417,PRCP,0,,,N,800
US1CATL0009,20090418,PRCP,0,,,N,700
US1CATL0009,20090419,PRCP,0,,,N,700
US1CATL0009,20090420,PRCP,0,,,N,700
US1CATL0009,20090421,PRCP,0,,,N,700
US1CATL0009,20090422,PRCP,0,,,N,700
US1CATL0009,20090423,PRCP,0,,,N,700
US1CATL0009,20090424,PRCP,0,,,N,700
US1CATL0009,20090425,PRCP,0,,,N,700
US1CATL0009,20090426,PRCP,0,,,N,700
US1CATL0009,20090427,PRCP,0,,,N,700
US1CATL0009,20090428,PRCP,0,,,N,700
US1CATL0009,20090429,PRCP,0,,,N,700
US1CATL0009,20090430,PRCP,0,,,N,700
US1CATL0009,20090401,SNOW,0,,,N,700
US1CATL0009,20090402,SNOW,0,,,N,700
US1CATL0009,20090403,SNOW,0,,,N,700
US1CATL0009,20090404,SNOW,0,,,N,700
US1CATL0009,20090405,SNOW,0,,,N,700
US1CATL0009,20090406,SNOW,0,,,N,700
US1CATL0009,20090407,SNOW,0,,,N,700
US1CATL0009,20090410,SNOW,0,,,N,700
US1CATL0009,20090412,SNOW,0,,,N,700
US1CATL0009,20090413,SNOW,0,,,N,700
US1CATL0009,20090414,SNOW,0,,,N,800
US1CATL0009,20090416,SNOW,0,,,N,800
US1CATL0009,20090417,SNOW,0,,,N,800
US1CATL0009,20090418,SNOW,0,,,N,700
US1CATL0009,20090419,SNOW,0,,,N,700
US1CATL0009,20090420,SNOW,0,,,N,700
US1CATL0009,20090421,SNOW,0,,,N,700
US1CATL0009,20090422,SNOW,0,,,N,700
US1CATL0009,20090423,SNOW,0,,,N,700
US1CATL0009,20090424,SNOW,0,,,N,700
US1CATL0009,20090425,SNOW,0,,,N,700
US1CATL0009,20090426,SNOW,0,,,N,700
US1CATL0009,20090427,SNOW,0,,,N,700
US1CATL0009,20090428,SNOW,0,,,N,700
US1CATL0009,20090429,SNOW,0,,,N,700
US1CATL0009,20090430,SNOW,0,,,N,700
US1CATL0009,20090409,DAPR,2,,,N,700
US1CATL0009,20090409,MDPR,277,,,N,700
US1CATL0009,20090501,PRCP,0,,,N,800
US1CATL0009,20090502,PRCP,170,,,N,700
US1CATL0009,20090503,PRCP,0,,,N,700
US1CATL0009,20090504,PRCP,0,,,N,700
US1CATL0009,20090505,PRCP,0,,,N,700
US1CATL0009,20090506,PRCP,0,,,N,700
US1CATL0009,20090507,PRCP,0,,,N,700
US1CATL0009,20090508,PRCP,0,,,N,700
US1CATL0009,20090509,PRCP,0,,,N,700
US1CATL0009,20090510,PRCP,0,,,N,700
US1CATL0009,20090511,PRCP,0,,,N,700
US1CATL0009,20090512,PRCP,0,,,N,700
US1CATL0009,20090513,PRCP,0,,,N,700
US1CATL0009,20090514,PRCP,0,,,N,700
US1CATL0009,20090515,PRCP,0,,,N,700
US1CATL0009,20090516,PRCP,0,,,N,700
US1CATL0009,20090517,PRCP,0,,,N,700
US1CATL0009,20090518,PRCP,0,,,N,700
US1CATL0009,20090519,PRCP,0,T,,N,800
US1CATL0009,20090520,PRCP,0,,,N,700
US1CATL0009,20090521,PRCP,0,,,N,700
US1CATL0009,20090522,PRCP,0,,,N,700
US1CATL0009,20090523,PRCP,0,,,N,700
US1CATL0009,20090524,PRCP,0,,,N,700
US1CATL0009,20090525,PRCP,0,,,N,700
US1CATL0009,20090526,PRCP,0,,,N,700
US1CATL0009,20090527,PRCP,0,,,N,700
US1CATL0009,20090528,PRCP,0,,,N,700
US1CATL0009,20090529,PRCP,0,T,,N,800
US1CATL0009,20090530,PRCP,0,T,,N,800
US1CATL0009,20090531,PRCP,0,T,,N,800
US1CATL0009,20090501,SNOW,0,,,N,800
US1CATL0009,20090502,SNOW,0,,,N,700
US1CATL0009,20090503,SNOW,0,,,N,700
US1CATL0009,20090504,SNOW,0,,,N,700
US1CATL0009,20090505,SNOW,0,,,N,700
US1CATL0009,20090506,SNOW,0,,,N,700
US1CATL0009,20090507,SNOW,0,,,N,700
US1CATL0009,20090508,SNOW,0,,,N,700
US1CATL0009,20090509,SNOW,0,,,N,700
US1CATL0009,20090510,SNOW,0,,,N,700
US1CATL0009,20090511,SNOW,0,,,N,700
US1CATL0009,20090512,SNOW,0,,,N,700
US1CATL0009,20090513,SNOW,0,,,N,700
US1CATL0009,20090514,SNOW,0,,,N,700
US1CATL0009,20090515,SNOW,0,,,N,700
US1CATL0009,20090516,SNOW,0,,,N,700
US1CATL0009,20090517,SNOW,0,,,N,700
US1CATL0009,20090518,SNOW,0,,,N,700
US1CATL0009,20090520,SNOW,0,,,N,700
US1CATL0009,20090521,SNOW,0,,,N,700
US1CATL0009,20090522,SNOW,0,,,N,700
US1CATL0009,20090523,SNOW,0,,,N,700
US1CATL0009,20090524,SNOW,0,,,N,700
US1CATL0009,20090525,SNOW,0,,,N,700
US1CATL0009,20090526,SNOW,0,,,N,700
US1CATL0009,20090527,SNOW,0,,,N,700
US1CATL0009,20090528,SNOW,0,,,N,700
US1CATL0009,20090502,WESF,0,,,N,700
US1CATL0009,20090601,PRCP,0,,,N,800
US1CATL0009,20090602,PRCP,0,,,N,700
US1CATL0009,20090603,PRCP,0,,,N,700
US1CATL0009,20090604,PRCP,8,,,N,800
US1CATL0009,20090605,PRCP,178,,,N,800
US1CATL0009,20090606,PRCP,135,,,N,800
US1CATL0009,20090607,PRCP,41,,,N,800
US1CATL0009,20090608,PRCP,0,,,N,700
US1CATL0009,20090609,PRCP,0,T,,N,800
US1CATL0009,20090610,PRCP,0,,,N,700
US1CATL0009,20090611,PRCP,0,,,N,700
US1CATL0009,20090612,PRCP,0,,,N,700
US1CATL0009,20090613,PRCP,0,,,N,700
US1CATL0009,20090614,PRCP,0,,,N,800
US1CATL0009,20090615,PRCP,0,,,N,800
US1CATL0009,20090616,PRCP,0,,,N,800
US1CATL0009,20090617,PRCP,28,,,N,800
US1CATL0009,20090618,PRCP,0,,,N,800
US1CATL0009,20090619,PRCP,0,,,N,700
US1CATL0009,20090620,PRCP,0,,,N,700
US1CATL0009,20090621,PRCP,0,,,N,700
US1CATL0009,20090622,PRCP,0,,,N,700
US1CATL0009,20090623,PRCP,0,,,N,700
US1CATL0009,20090624,PRCP,0,,,N,700
US1CATL0009,20090625,PRCP,0,,,N,700
US1CATL0009,20090626,PRCP,0,,,N,700
US1CATL0009,20090627,PRCP,0,,,N,700
US1CATL0009,20090628,PRCP,0,,,N,700
US1CATL0009,20090629,PRCP,0,,,N,700
US1CATL0009,20090630,PRCP,0,,,N,700
US1CATL0009,20090601,SNOW,0,,,N,800
US1CATL0009,20090602,SNOW,0,,,N,700
US1CATL0009,20090603,SNOW,0,,,N,700
US1CATL0009,20090608,SNOW,0,,,N,700
US1CATL0009,20090610,SNOW,0,,,N,700
US1CATL0009,20090611,SNOW,0,,,N,700
US1CATL0009,20090612,SNOW,0,,,N,700
US1CATL0009,20090613,SNOW,0,,,N,700
US1CATL0009,20090614,SNOW,0,,,N,800
US1CATL0009,20090615,SNOW,0,,,N,800
US1CATL0009,20090616,SNOW,0,,,N,800
US1CATL0009,20090618,SNOW,0,,,N,800
US1CATL0009,20090619,SNOW,0,,,N,700
US1CATL0009,20090620,SNOW,0,,,N,700
US1CATL0009,20090621,SNOW,0,,,N,700
US1CATL0009,20090622,SNOW,0,,,N,700
US1CATL0009,20090623,SNOW,0,,,N,700
US1CATL0009,20090624,SNOW,0,,,N,700
US1CATL0009,20090625,SNOW,0,,,N,700
US1CATL0009,20090626,SNOW,0,,,N,700
US1CATL0009,20090627,SNOW,0,,,N,700
US1CATL0009,20090628,SNOW,0,,,N,700
US1CATL0009,20090629,SNOW,0,,,N,700
US1CATL0009,20090630,SNOW,0,,,N,700
US1CATL0009,20090701,PRCP,0,,,N,700
US1CATL0009,20090702,PRCP,0,,,N,700
US1CATL0009,20090703,PRCP,0,,,N,700
US1CATL0009,20090704,PRCP,0,,,N,700
US1CATL0009,20090705,PRCP,0,,,N,700
US1CATL0009,20090706,PRCP,0,,,N,700
US1CATL0009,20090707,PRCP,0,,,N,700
US1CATL0009,20090708,PRCP,0,,,N,700
US1CATL0009,20090709,PRCP,0,,,N,700
US1CATL0009,20090710,PRCP,0,,,N,700
US1CATL0009,20090711,PRCP,0,,,N,700
US1CATL0009,20090712,PRCP,0,,,N,700
US1CATL0009,20090713,PRCP,0,,,N,700
US1CATL0009,20090714,PRCP,0,,,N,700
US1CATL0009,20090715,PRCP,0,,,N,700
US1CATL0009,20090716,PRCP,0,,,N,700
US1CATL0009,20090717,PRCP,0,,,N,700
US1CATL0009,20090718,PRCP,0,,,N,700
US1CATL0009,20090719,PRCP,0,,,N,700
US1CATL0009,20090720,PRCP,0,,,N,700
US1CATL0009,20090721,PRCP,0,,,N,700
US1CATL0009,20090722,PRCP,0,,,N,700
US1CATL0009,20090723,PRCP,0,,,N,700
US1CATL0009,20090724,PRCP,0,,,N,700
US1CATL0009,20090725,PRCP,0,,,N,700
US1CATL0009,20090726,PRCP,0,,,N,700
US1CATL0009,20090727,PRCP,0,,,N,700
US1CATL0009,20090728,PRCP,0,,,N,700
US1CATL0009,20090729,PRCP,0,,,N,700
US1CATL0009,20090730,PRCP,0,,,N,700
US1CATL0009,20090731,PRCP,0,,,N,700
US1CATL0009,20090701,SNOW,0,,,N,700
US1CATL0009,20090702,SNOW,0,,,N,700
US1CATL0009,20090703,SNOW,0,,,N,700
US1CATL0009,20090704,SNOW,0,,,N,700
US1CATL0009,20090705,SNOW,0,,,N,700
US1CATL0009,20090706,SNOW,0,,,N,700
US1CATL0009,20090707,SNOW,0,,,N,700
US1CATL0009,20090708,SNOW,0,,,N,700
US1CATL0009,20090709,SNOW,0,,,N,700
US1CATL0009,20090710,SNOW,0,,,N,700
US1CATL0009,20090711,SNOW,0,,,N,700
US1CATL0009,20090712,SNOW,0,,,N,700
US1CATL0009,20090713,SNOW,0,,,N,700
US1CATL0009,20090714,SNOW,0,,,N,700
US1CATL0009,20090715,SNOW,0,,,N,700
US1CATL0009,20090716,SNOW,0,,,N,700
US1CATL0009,20090717,SNOW,0,,,N,700
US1CATL0009,20090718,SNOW,0,,,N,700
US1CATL0009,20090719,SNOW,0,,,N,700
US1CATL0009,20090720,SNOW,0,,,N,700
US1CATL0009,20090721,SNOW,0,,,N,700
US1CATL0009,20090722,SNOW,0,,,N,700
US1CATL0009,20090723,SNOW,0,,,N,700
US1CATL0009,20090724,SNOW,0,,,N,700
US1CATL0009,20090725,SNOW,0,,,N,700
US1CATL0009,20090726,SNOW,0,,,N,700
US1CATL0009,20090727,SNOW,0,,,N,700
US1CATL0009,20090728,SNOW,0,,,N,700
US1CATL0009,20090729,SNOW,0,,,N,700
US1CATL0009,20090730,SNOW,0,,,N,700
US1CATL0009,20090731,SNOW,0,,,N,700
US1CATL0009,20090801,PRCP,0,,,N,700
US1CATL0009,20090802,PRCP,0,,,N,700
US1CATL0009,20090803,PRCP,0,,,N,700
US1CATL0009,20090804,PRCP,0,,,N,700
US1CATL0009,20090805,PRCP,0,,,N,700
US1CATL0009,20090806,PRCP,0,,,N,700
US1CATL0009,20090807,PRCP,0,,,N,700
US1CATL0009,20090808,PRCP,0,,,N,700
US1CATL0009,20090809,PRCP,0,,,N,700
US1CATL0009,20090810,PRCP,0,,,N,700
US1CATL0009,20090811,PRCP,0,,,N,700
US1CATL0009,20090812,PRCP,0,,,N,700
US1CATL0009,20090813,PRCP,0,,,N,700
US1CATL0009,20090814,PRCP,0,,,N,700
US1CATL0009,20090815,PRCP,0,,,N,700
US1CATL0009,20090816,PRCP,0,,,N,700
US1CATL0009,20090817,PRCP,0,,,N,700
US1CATL0009,20090818,PRCP,0,,,N,700
US1CATL0009,20090819,PRCP,0,,,N,700
US1CATL0009,20090820,PRCP,0,,,N,700
US1CATL0009,20090821,PRCP,0,,,N,700
US1CATL0009,20090822,PRCP,0,,,N,700
US1CATL0009,20090823,PRCP,10,,,N,800
US1CATL0009,20090824,PRCP,0,,,N,800
US1CATL0009,20090825,PRCP,0,,,N,700
US1CATL0009,20090826,PRCP,0,,,N,700
US1CATL0009,20090827,PRCP,0,,,N,700
US1CATL0009,20090828,PRCP,0,,,N,700
US1CATL0009,20090829,PRCP,0,,,N,700
US1CATL0009,20090830,PRCP,0,,,N,700
US1CATL0009,20090831,PRCP,0,,,N,700
US1CATL0009,20090801,SNOW,0,,,N,700
US1CATL0009,20090802,SNOW,0,,,N,700
US1CATL0009,20090803,SNOW,0,,,N,700
US1CATL0009,20090804,SNOW,0,,,N,700
US1CATL0009,20090805,SNOW,0,,,N,700
US1CATL0009,20090806,SNOW,0,,,N,700
US1CATL0009,20090807,SNOW,0,,,N,700
US1CATL0009,20090808,SNOW,0,,,N,700
US1CATL0009,20090809,SNOW,0,,,N,700
US1CATL0009,20090810,SNOW,0,,,N,700
US1CATL0009,20090811,SNOW,0,,,N,700
US1CATL0009,20090812,SNOW,0,,,N,700
US1CATL0009,20090813,SNOW,0,,,N,700
US1CATL0009,20090814,SNOW,0,,,N,700
US1CATL0009,20090815,SNOW,0,,,N,700
US1CATL0009,20090816,SNOW,0,,,N,700
US1CATL0009,20090817,SNOW,0,,,N,700
US1CATL0009,20090818,SNOW,0,,,N,700
US1CATL0009,20090819,SNOW,0,,,N,700
US1CATL0009,20090820,SNOW,0,,,N,700
US1CATL0009,20090821,SNOW,0,,,N,700
US1CATL0009,20090822,SNOW,0,,,N,700
US1CATL0009,20090824,SNOW,0,,,N,800
US1CATL0009,20090825,SNOW,0,,,N,700
US1CATL0009,20090826,SNOW,0,,,N,700
US1CATL0009,20090827,SNOW,0,,,N,700
US1CATL0009,20090828,SNOW,0,,,N,700
US1CATL0009,20090829,SNOW,0,,,N,700
US1CATL0009,20090830,SNOW,0,,,N,700
US1CATL0009,20090831,SNOW,0,,,N,700
US1CATL0009,20090901,PRCP,0,,,N,700
US1CATL0009,20090902,PRCP,0,,,N,700
US1CATL0009,20090903,PRCP,0,,,N,700
US1CATL0009,20090904,PRCP,0,,,N,700
US1CATL0009,20090905,PRCP,0,,,N,700
US1CATL0009,20090906,PRCP,0,,,N,700
US1CATL0009,20090907,PRCP,0,,,N,700
US1CATL0009,20090908,PRCP,0,,,N,700
US1CATL0009,20090909,PRCP,0,,,N,700
US1CATL0009,20090910,PRCP,0,,,N,700
US1CATL0009,20090911,PRCP,0,,,N,700
US1CATL0009,20090912,PRCP,0,,,N,700
US1CATL0009,20090913,PRCP,0,,,N,700
US1CATL0009,20090914,PRCP,0,T,,N,800
US1CATL0009,20090915,PRCP,0,T,,N,800
US1CATL0009,20090916,PRCP,0,,,N,700
US1CATL0009,20090917,PRCP,0,,,N,700
US1CATL0009,20090918,PRCP,0,,,N,700
US1CATL0009,20090919,PRCP,0,,,N,700
US1CATL0009,20090920,PRCP,0,,,N,700
US1CATL0009,20090921,PRCP,0,,,N,800
US1CATL0009,20090922,PRCP,0,,,N,800
US1CATL0009,20090923,PRCP,0,,,N,800
US1CATL0009,20090924,PRCP,0,,,N,800
US1CATL0009,20090925,PRCP,0,,,N,700
US1CATL0009,20090926,PRCP,0,,,N,700
US1CATL0009,20090927,PRCP,0,,,N,700
US1CATL0009,20090928,PRCP,0,,,N,700
US1CATL0009,20090929,PRCP,0,,,N,700
US1CATL0009,20090930,PRCP,0,T,,N,800
US1CATL0009,20090901,SNOW,0,,,N,700
US1CATL0009,20090902,SNOW,0,,,N,700
US1CATL0009,20090903,SNOW,0,,,N,700
US1CATL0009,20090904,SNOW,0,,,N,700
US1CATL0009,20090905,SNOW,0,,,N,700
US1CATL0009,20090906,SNOW,0,,,N,700
US1CATL0009,20090907,SNOW,0,,,N,700
US1CATL0009,20090908,SNOW,0,,,N,700
US1CATL0009,20090909,SNOW,0,,,N,700
US1CATL0009,20090910,SNOW,0,,,N,700
US1CATL0009,20090911,SNOW,0,,,N,700
US1CATL0009,20090912,SNOW,0,,,N,700
US1CATL0009,20090913,SNOW,0,,,N,700
US1CATL0009,20090916,SNOW,0,,,N,700
US1CATL0009,20090917,SNOW,0,,,N,700
US1CATL0009,20090918,SNOW,0,,,N,700
US1CATL0009,20090919,SNOW,0,,,N,700
US1CATL0009,20090920,SNOW,0,,,N,700
US1CATL0009,20090921,SNOW,0,,,N,800
US1CATL0009,20090922,SNOW,0,,,N,800
US1CATL0009,20090923,SNOW,0,,,N,800
US1CATL0009,20090924,SNOW,0,,,N,800
US1CATL0009,20090925,SNOW,0,,,N,700
US1CATL0009,20090926,SNOW,0,,,N,700
US1CATL0009,20090927,SNOW,0,,,N,700
US1CATL0009,20090928,SNOW,0,,,N,700
US1CATL0009,20090929,SNOW,0,,,N,700
US1CATL0009,20091001,PRCP,0,,,N,700
US1CATL0009,20091002,PRCP,0,,,N,700
US1CATL0009,20091003,PRCP,0,,,N,700
US1CATL0009,20091004,PRCP,0,,,N,800
US1CATL0009,20091005,PRCP,5,,,N,800
US1CATL0009,20091006,PRCP,0,,,N,800
US1CATL0009,20091007,PRCP,0,,,N,800
US1CATL0009,20091008,PRCP,0,,,N,800
US1CATL0009,20091009,PRCP,0,,,N,800
US1CATL0009,20091010,PRCP,0,,,N,700
US1CATL0009,20091011,PRCP,0,,,N,700
US1CATL0009,20091012,PRCP,0,,,N,700
US1CATL0009,20091013,PRCP,3,,,N,800
US1CATL0009,20091014,PRCP,828,,,N,800
US1CATL0009,20091015,PRCP,0,,,N,700
US1CATL0009,20091016,PRCP,0,,,N,700
US1CATL0009,20091017,PRCP,0,,,N,700
US1CATL0009,20091018,PRCP,0,,,N,700
US1CATL0009,20091019,PRCP,0,,,N,700
US1CATL0009,20091020,PRCP,8,,,N,800
US1CATL0009,20091021,PRCP,0,,,N,700
US1CATL0009,20091022,PRCP,0,,,N,700
US1CATL0009,20091023,PRCP,0,,,N,700
US1CATL0009,20091024,PRCP,0,,,N,700
US1CATL0009,20091025,PRCP,0,,,N,700
US1CATL0009,20091026,PRCP,0,,,N,700
US1CATL0009,20091027,PRCP,0,,,N,800
US1CATL0009,20091028,PRCP,0,,,N,700
US1CATL0009,20091029,PRCP,0,,,N,700
US1CATL0009,20091030,PRCP,0,,,N,700
US1CATL0009,20091031,PRCP,0,,,N,700
US1CATL0009,20091001,SNOW,0,,,N,700
US1CATL0009,20091002,SNOW,0,,,N,700
US1CATL0009,20091003,SNOW,0,,,N,700
US1CATL0009,20091004,SNOW,0,,,N,800
US1CATL0009,20091006,SNOW,0,,,N,800
US1CATL0009,20091007,SNOW,0,,,N,800
US1CATL0009,20091008,SNOW,0,,,N,800
US1CATL0009,20091009,SNOW,0,,,N,800
US1CATL0009,20091010,SNOW,0,,,N,700
US1CATL0009,20091011,SNOW,0,,,N,700
US1CATL0009,20091012,SNOW,0,,,N,700
US1CATL0009,20091015,SNOW,0,,,N,700
US1CATL0009,20091016,SNOW,0,,,N,700
US1CATL0009,20091017,SNOW,0,,,N,700
US1CATL0009,20091018,SNOW,0,,,N,700
US1CATL0009,20091019,SNOW,0,,,N,700
US1CATL0009,20091021,SNOW,0,,,N,700
US1CATL0009,20091022,SNOW,0,,,N,700
US1CATL0009,20091023,SNOW,0,,,N,700
US1CATL0009,20091024,SNOW,0,,,N,700
US1CATL0009,20091025,SNOW,0,,,N,700
US1CATL0009,20091026,SNOW,0,,,N,700
US1CATL0009,20091027,SNOW,0,,,N,800
US1CATL0009,20091028,SNOW,0,,,N,700
US1CATL0009,20091029,SNOW,0,,,N,700
US1CATL0009,20091030,SNOW,0,,,N,700
US1CATL0009,20091031,SNOW,0,,,N,700
US1CATL0009,20091101,PRCP,0,,,N,700
US1CATL0009,20091102,PRCP,0,,,N,800
US1CATL0009,20091103,PRCP,0,,,N,700
US1CATL0009,20091104,PRCP,0,,,N,700
US1CATL0009,20091105,PRCP,0,,,N,700
US1CATL0009,20091106,PRCP,0,,,N,700
US1CATL0009,20091107,PRCP,0,,,N,700
US1CATL0009,20091108,PRCP,0,,,N,700
US1CATL0009,20091109,PRCP,0,,,N,700
US1CATL0009,20091110,PRCP,0,,,N,700
US1CATL0009,20091111,PRCP,0,,,N,700
US1CATL0009,20091112,PRCP,0,,,N,700
US1CATL0009,20091113,PRCP,33,,,N,700
US1CATL0009,20091114,PRCP,0,,,N,700
US1CATL0009,20091115,PRCP,0,,,N,700
US1CATL0009,20091116,PRCP,0,,,N,700
US1CATL0009,20091117,PRCP,0,,,N,700
US1CATL0009,20091118,PRCP,0,,,N,700
US1CATL0009,20091119,PRCP,0,,,N,700
US1CATL0009,20091120,PRCP,0,,,N,700
US1CATL0009,20091121,PRCP,3,,,N,800
US1CATL0009,20091122,PRCP,0,,,N,700
US1CATL0009,20091123,PRCP,0,,,N,700
US1CATL0009,20091124,PRCP,0,,,N,700
US1CATL0009,20091125,PRCP,0,,,N,700
US1CATL0009,20091126,PRCP,0,,,N,700
US1CATL0009,20091127,PRCP,0,,,N,700
US1CATL0009,20091128,PRCP,46,,,N,800
US1CATL0009,20091129,PRCP,0,,,N,700
US1CATL0009,20091130,PRCP,0,,,N,700
US1CATL0009,20091101,SNOW,0,,,N,700
US1CATL0009,20091102,SNOW,0,,,N,800
US1CATL0009,20091103,SNOW,0,,,N,700
US1CATL0009,20091104,SNOW,0,,,N,700
US1CATL0009,20091105,SNOW,0,,,N,700
US1CATL0009,20091106,SNOW,0,,,N,700
US1CATL0009,20091107,SNOW,0,,,N,700
US1CATL0009,20091108,SNOW,0,,,N,700
US1CATL0009,20091109,SNOW,0,,,N,700
US1CATL0009,20091110,SNOW,0,,,N,700
US1CATL0009,20091111,SNOW,0,,,N,700
US1CATL0009,20091112,SNOW,0,,,N,700
US1CATL0009,20091114,SNOW,0,,,N,700
US1CATL0009,20091115,SNOW,0,,,N,700
US1CATL0009,20091116,SNOW,0,,,N,700
US1CATL0009,20091117,SNOW,0,,,N,700
US1CATL0009,20091118,SNOW,0,,,N,700
US1CATL0009,20091119,SNOW,0,,,N,700
US1CATL0009,20091120,SNOW,0,,,N,700
US1CATL0009,20091122,SNOW,0,,,N,700
US1CATL0009,20091123,SNOW,0,,,N,700
US1CATL0009,20091124,SNOW,0,,,N,700
US1CATL0009,20091125,SNOW,0,,,N,700
US1CATL0009,20091126,SNOW,0,,,N,700
US1CATL0009,20091127,SNOW,0,,,N,700
US1CATL0009,20091129,SNOW,0,,,N,700
US1CATL0009,20091130,SNOW,0,,,N,700
US1CATL0009,20091201,PRCP,0,,,N,700
US1CATL0009,20091202,PRCP,0,,,N,700
US1CATL0009,20091203,PRCP,0,,,N,700
US1CATL0009,20091204,PRCP,0,,,N,700
US1CATL0009,20091205,PRCP,0,,,N,700
US1CATL0009,20091206,PRCP,0,,,N,700
US1CATL0009,20091207,PRCP,8,,,N,800
US1CATL0009,20091208,PRCP,236,,,N,800
US1CATL0009,20091209,PRCP,0,,,N,800
US1CATL0009,20091210,PRCP,0,,,N,800
US1CATL0009,20091211,PRCP,193,,,N,800
US1CATL0009,20091212,PRCP,89,,,N,800
US1CATL0009,20091213,PRCP,394,,,N,800
US1CATL0009,20091214,PRCP,36,,,N,800
US1CATL0009,20091215,PRCP,0,,,N,800
US1CATL0009,20091216,PRCP,0,,,N,700
US1CATL0009,20091217,PRCP,0,,,N,700
US1CATL0009,20091218,PRCP,0,,,N,700
US1CATL0009,20091219,PRCP,0,,,N,700
US1CATL0009,20091220,PRCP,0,,,N,700
US1CATL0009,20091221,PRCP,0,,,N,700
US1CATL0009,20091201,SNOW,0,,,N,700
US1CATL0009,20091202,SNOW,0,,,N,700
US1CATL0009,20091203,SNOW,0,,,N,700
US1CATL0009,20091204,SNOW,0,,,N,700
US1CATL0009,20091205,SNOW,0,,,N,700
US1CATL0009,20091206,SNOW,0,,,N,700
US1CATL0009,20091208,SNOW,0,T,,N,800
US1CATL0009,20091209,SNOW,0,,,N,800
US1CATL0009,20091210,SNOW,0,,,N,800
US1CATL0009,20091215,SNOW,0,,,N,800
US1CATL0009,20091216,SNOW,0,,,N,700
US1CATL0009,20091217,SNOW,0,,,N,700
US1CATL0009,20091218,SNOW,0,,,N,700
US1CATL0009,20091219,SNOW,0,,,N,700
US1CATL0009,20091220,SNOW,0,,,N,700
US1CATL0009,20091221,SNOW,0,,,N,700
US1CATL0009,20091231,DAPR,10,,,N,800
US1CATL0009,20091231,MDPR,335,,,N,800
US1CATL0009,20100101,PRCP,0,,,N,700
US1CATL0009,20100102,PRCP,0,,,N,700
US1CATL0009,20100103,PRCP,0,,,N,700
US1CATL0009,20100104,PRCP,0,,,N,700
US1CATL0009,20100105,PRCP,0,,,N,700
US1CATL0009,20100106,PRCP,0,,,N,700
US1CATL0009,20100107,PRCP,0,,,N,700
US1CATL0009,20100108,PRCP,0,,,N,700
US1CATL0009,20100109,PRCP,0,,,N,700
US1CATL0009,20100110,PRCP,0,,,N,700
US1CATL0009,20100111,PRCP,0,,,N,700
US1CATL0009,20100112,PRCP,0,,,N,700
US1CATL0009,20100113,PRCP,241,,,N,800
US1CATL0009,20100114,PRCP,13,,,N,800
US1CATL0009,20100115,PRCP,0,,,N,800
US1CATL0009,20100116,PRCP,0,,,N,800
US1CATL0009,20100117,PRCP,0,,,N,700
US1CATL0009,20100118,PRCP,64,,,N,800
US1CATL0009,20100119,PRCP,132,,,N,800
US1CATL0009,20100120,PRCP,157,,,N,800
US1CATL0009,20100121,PRCP,155,,,N,800
US1CATL0009,20100122,PRCP,406,,,N,800
US1CATL0009,20100123,PRCP,132,,,N,800
US1CATL0009,20100124,PRCP,0,,,N,700
US1CATL0009,20100125,PRCP,0,,,N,700
US1CATL0009,20100126,PRCP,0,,,N,700
US1CATL0009,20100127,PRCP,5,,,N,800
US1CATL0009,20100128,PRCP,0,,,N,700
US1CATL0009,20100129,PRCP,0,,,N,700
US1CATL0009,20100130,PRCP,0,,,N,700
US1CATL0009,20100131,PRCP,0,,,N,700
US1CATL0009,20100101,SNOW,0,,,N,700
US1CATL0009,20100102,SNOW,0,,,N,700
US1CATL0009,20100103,SNOW,0,,,N,700
US1CATL0009,20100104,SNOW,0,,,N,700
US1CATL0009,20100105,SNOW,0,,,N,700
US1CATL0009,20100106,SNOW,0,,,N,700
US1CATL0009,20100107,SNOW,0,,,N,700
US1CATL0009,20100108,SNOW,0,,,N,700
US1CATL0009,20100109,SNOW,0,,,N,700
US1CATL0009,20100110,SNOW,0,,,N,700
US1CATL0009,20100111,SNOW,0,,,N,700
US1CATL0009,20100112,SNOW,0,,,N,700
US1CATL0009,20100115,SNOW,0,,,N,800
US1CATL0009,20100116,SNOW,0,,,N,800
US1CATL0009,20100117,SNOW,0,,,N,700
US1CATL0009,20100124,SNOW,0,,,N,700
US1CATL0009,20100125,SNOW,0,,,N,700
US1CATL0009,20100126,SNOW,0,,,N,700
US1CATL0009,20100128,SNOW,0,,,N,700
US1CATL0009,20100129,SNOW,0,,,N,700
US1CATL0009,20100130,SNOW,0,,,N,700
US1CATL0009,20100131,SNOW,0,,,N,700
US1CATL0009,20100201,PRCP,0,,,N,700
US1CATL0009,20100202,PRCP,0,,,N,700
US1CATL0009,20100203,PRCP,0,,,N,700
US1CATL0009,20100204,PRCP,0,,,N,700
US1CATL0009,20100205,PRCP,53,,,N,800
US1CATL0009,20100206,PRCP,142,,,N,800
US1CATL0009,20100207,PRCP,264,,,N,800
US1CATL0009,20100208,PRCP,3,,,N,800
US1CATL0009,20100209,PRCP,3,,,N,800
US1CATL0009,20100210,PRCP,56,,,N,800
US1CATL0009,20100211,PRCP,0,,,N,800
US1CATL0009,20100212,PRCP,0,,,N,700
US1CATL0009,20100213,PRCP,0,,,N,700
US1CATL0009,20100214,PRCP,0,,,N,700
US1CATL0009,20100215,PRCP,0,,,N,700
US1CATL0009,20100216,PRCP,0,,,N,700
US1CATL0009,20100217,PRCP,0,,,N,700
US1CATL0009,20100218,PRCP,0,,,N,700
US1CATL0009,20100219,PRCP,0,,,N,800
US1CATL0009,20100220,PRCP,30,,,N,800
US1CATL0009,20100221,PRCP,124,,,N,800
US1CATL0009,20100222,PRCP,211,,,N,800
US1CATL0009,20100223,PRCP,5,,,N,800
US1CATL0009,20100224,PRCP,198,,,N,800
US1CATL0009,20100225,PRCP,157,,,N,800
US1CATL0009,20100226,PRCP,0,,,N,800
US1CATL0009,20100227,PRCP,287,,,N,800
US1CATL0009,20100228,PRCP,165,,,N,800
US1CATL0009,20100201,SNOW,0,,,N,700
US1CATL0009,20100202,SNOW,0,,,N,700
US1CATL0009,20100203,SNOW,0,,,N,700
US1CATL0009,20100204,SNOW,0,,,N,700
US1CATL0009,20100211,SNOW,0,,,N,800
US1CATL0009,20100212,SNOW,0,,,N,700
US1CATL0009,20100213,SNOW,0,,,N,700
US1CATL0009,20100214,SNOW,0,,,N,700
US1CATL0009,20100215,SNOW,0,,,N,700
US1CATL0009,20100216,SNOW,0,,,N,700
US1CATL0009,20100217,SNOW,0,,,N,700
US1CATL0009,20100218,SNOW,0,,,N,700
US1CATL0009,20100219,SNOW,0,,,N,800
US1CATL0009,20100226,SNOW,0,,,N,800
US1CATL0009,20100301,PRCP,0,,,N,800
US1CATL0009,20100302,PRCP,0,,,N,800
US1CATL0009,20100303,PRCP,23,,,N,800
US1CATL0009,20100304,PRCP,221,,,N,800
US1CATL0009,20100305,PRCP,3,,,N,800
US1CATL0009,20100306,PRCP,0,,,N,800
US1CATL0009,20100307,PRCP,0,,,N,800
US1CATL0009,20100308,PRCP,112,,,N,800
US1CATL0009,20100309,PRCP,97,,,N,800
US1CATL0009,20100310,PRCP,5,,,N,800
US1CATL0009,20100311,PRCP,0,T,,N,800
US1CATL0009,20100312,PRCP,0,,,N,800
US1CATL0009,20100313,PRCP,206,,,N,800
US1CATL0009,20100314,PRCP,0,,,N,800
US1CATL0009,20100315,PRCP,0,,,N,700
US1CATL0009,20100316,PRCP,0,,,N,700
US1CATL0009,20100317,PRCP,0,,,N,700
US1CATL0009,20100318,PRCP,0,,,N,700
US1CATL0009,20100319,PRCP,0,,,N,700
US1CATL0009,20100320,PRCP,0,,,N,700
US1CATL0009,20100321,PRCP,0,,,N,700
US1CATL0009,20100322,PRCP,0,,,N,700
US1CATL0009,20100323,PRCP,0,,,N,700
US1CATL0009,20100324,PRCP,0,,,N,700
US1CATL0009,20100325,PRCP,0,,,N,700
US1CATL0009,20100326,PRCP,0,,,N,800
US1CATL0009,20100327,PRCP,0,,,N,700
US1CATL0009,20100328,PRCP,0,,,N,700
US1CATL0009,20100329,PRCP,0,,,N,700
US1CATL0009,20100330,PRCP,0,,,N,700
US1CATL0009,20100301,SNOW,0,,,N,800
US1CATL0009,20100302,SNOW,0,,,N,800
US1CATL0009,20100306,SNOW,0,,,N,800
US1CATL0009,20100307,SNOW,0,,,N,800
US1CATL0009,20100312,SNOW,0,,,N,800
US1CATL0009,20100314,SNOW,0,,,N,800
US1CATL0009,20100315,SNOW,0,,,N,700
US1CATL0009,20100316,SNOW,0,,,N,700
US1CATL0009,20100317,SNOW,0,,,N,700
US1CATL0009,20100318,SNOW,0,,,N,700
US1CATL0009,20100319,SNOW,0,,,N,700
US1CATL0009,20100320,SNOW,0,,,N,700
US1CATL0009,20100321,SNOW,0,,,N,700
US1CATL0009,20100322,SNOW,0,,,N,700
US1CATL0009,20100323,SNOW,0,,,N,700
US1CATL0009,20100324,SNOW,0,,,N,700
US1CATL0009,20100325,SNOW,0,,,N,700
US1CATL0009,20100326,SNOW,0,,,N,800
US1CATL0009,20100327,SNOW,0,,,N,700
US1CATL0009,20100328,SNOW,0,,,N,700
US1CATL0009,20100329,SNOW,0,,,N,700
US1CATL0009,20100330,SNOW,0,,,N,700
US1CATL0009,20100407,PRCP,0,,,N,700
US1CATL0009,20100408,PRCP,0,,,N,700
US1CATL0009,20100409,PRCP,0,,,N,700
US1CATL0009,20100410,PRCP,0,,,N,700
US1CATL0009,20100411,PRCP,0,,,N,700
US1CATL0009,20100412,PRCP,325,,,N,800
US1CATL0009,20100413,PRCP,150,,,N,800
US1CATL0009,20100414,PRCP,0,,,N,700
US1CATL0009,20100415,PRCP,0,,,N,700
US1CATL0009,20100416,PRCP,0,,,N,700
US1CATL0009,20100417,PRCP,0,,,N,700
US1CATL0009,20100418,PRCP,0,,,N,700
US1CATL0009,20100419,PRCP,0,,,N,700
US1CATL0009,20100420,PRCP,0,,,N,700
US1CATL0009,20100421,PRCP,546,,,N,800
US1CATL0009,20100422,PRCP,18,,,N,800
US1CATL0009,20100423,PRCP,0,,,N,800
US1CATL0009,20100424,PRCP,0,,,N,700
US1CATL0009,20100425,PRCP,0,,,N,700
US1CATL0009,20100426,PRCP,0,,,N,700
US1CATL0009,20100427,PRCP,0,,,N,700
US1CATL0009,20100428,PRCP,173,,,N,800
US1CATL0009,20100429,PRCP,33,,,N,800
US1CATL0009,20100430,PRCP,64,,,N,800
US1CATL0009,20100407,SNOW,0,,,N,700
US1CATL0009,20100408,SNOW,0,,,N,700
US1CATL0009,20100409,SNOW,0,,,N,700
US1CATL0009,20100410,SNOW,0,,,N,700
US1CATL0009,20100411,SNOW,0,,,N,700
US1CATL0009,20100414,SNOW,0,,,N,700
US1CATL0009,20100415,SNOW,0,,,N,700
US1CATL0009,20100416,SNOW,0,,,N,700
US1CATL0009,20100417,SNOW,0,,,N,700
US1CATL0009,20100418,SNOW,0,,,N,700
US1CATL0009,20100419,SNOW,0,,,N,700
US1CATL0009,20100420,SNOW,0,,,N,700
US1CATL0009,20100423,SNOW,0,,,N,800
US1CATL0009,20100424,SNOW,0,,,N,700
US1CATL0009,20100425,SNOW,0,,,N,700
US1CATL0009,20100426,SNOW,0,,,N,700
US1CATL0009,20100427,SNOW,0,,,N,700
US1CATL0009,20100406,DAPR,7,,,N,800
US1CATL0009,20100406,MDPR,201,,,N,800
US1CATL0009,20100501,PRCP,0,,,N,800
US1CATL0009,20100502,PRCP,0,,,N,700
US1CATL0009,20100503,PRCP,0,,,N,700
US1CATL0009,20100504,PRCP,0,,,N,700
US1CATL0009,20100505,PRCP,0,,,N,700
US1CATL0009,20100506,PRCP,0,,,N,700
US1CATL0009,20100507,PRCP,0,,,N,700
US1CATL0009,20100508,PRCP,0,,,N,700
US1CATL0009,20100509,PRCP,0,,,N,700
US1CATL0009,20100510,PRCP,8,,,N,800
US1CATL0009,20100511,PRCP,10,,,N,800
US1CATL0009,20100512,PRCP,0,,,N,800
US1CATL0009,20100513,PRCP,0,,,N,800
US1CATL0009,20100514,PRCP,0,,,N,800
US1CATL0009,20100515,PRCP,0,,,N,700
US1CATL0009,20100516,PRCP,0,,,N,700
US1CATL0009,20100517,PRCP,0,,,N,700
US1CATL0009,20100518,PRCP,30,,,N,800
US1CATL0009,20100519,PRCP,0,,,N,800
US1CATL0009,20100520,PRCP,0,,,N,800
US1CATL0009,20100521,PRCP,0,,,N,700
US1CATL0009,20100522,PRCP,0,,,N,700
US1CATL0009,20100523,PRCP,0,,,N,700
US1CATL0009,20100524,PRCP,3,,,N,800
US1CATL0009,20100525,PRCP,0,,,N,700
US1CATL0009,20100526,PRCP,0,,,N,800
US1CATL0009,20100527,PRCP,0,,,N,700
US1CATL0009,20100528,PRCP,38,,,N,730
US1CATL0009,20100529,PRCP,0,,,N,700
US1CATL0009,20100530,PRCP,0,,,N,700
US1CATL0009,20100531,PRCP,0,,,N,700
US1CATL0009,20100501,SNOW,0,,,N,800
US1CATL0009,20100502,SNOW,0,,,N,700
US1CATL0009,20100503,SNOW,0,,,N,700
US1CATL0009,20100504,SNOW,0,,,N,700
US1CATL0009,20100505,SNOW,0,,,N,700
US1CATL0009,20100506,SNOW,0,,,N,700
US1CATL0009,20100507,SNOW,0,,,N,700
US1CATL0009,20100508,SNOW,0,,,N,700
US1CATL0009,20100509,SNOW,0,,,N,700
US1CATL0009,20100512,SNOW,0,,,N,800
US1CATL0009,20100513,SNOW,0,,,N,800
US1CATL0009,20100514,SNOW,0,,,N,800
US1CATL0009,20100515,SNOW,0,,,N,700
US1CATL0009,20100516,SNOW,0,,,N,700
US1CATL0009,20100517,SNOW,0,,,N,700
US1CATL0009,20100519,SNOW,0,,,N,800
US1CATL0009,20100520,SNOW,0,,,N,800
US1CATL0009,20100521,SNOW,0,,,N,700
US1CATL0009,20100522,SNOW,0,,,N,700
US1CATL0009,20100523,SNOW,0,,,N,700
US1CATL0009,20100525,SNOW,0,,,N,700
US1CATL0009,20100526,SNOW,0,,,N,800
US1CATL0009,20100527,SNOW,0,,,N,700
US1CATL0009,20100529,SNOW,0,,,N,700
US1CATL0009,20100530,SNOW,0,,,N,700
US1CATL0009,20100531,SNOW,0,,,N,700
US1CATL0009,20100601,PRCP,0,,,N,700
US1CATL0009,20100602,PRCP,0,,,N,700
US1CATL0009,20100603,PRCP,0,,,N,700
US1CATL0009,20100604,PRCP,0,,,N,700
US1CATL0009,20100605,PRCP,0,,,N,700
US1CATL0009,20100606,PRCP,0,,,N,700
US1CATL0009,20100607,PRCP,0,,,N,700
US1CATL0009,20100608,PRCP,0,,,N,700
US1CATL0009,20100609,PRCP,0,,,N,700
US1CATL0009,20100610,PRCP,0,,,N,700
US1CATL0009,20100611,PRCP,0,,,N,700
US1CATL0009,20100612,PRCP,0,,,N,700
US1CATL0009,20100613,PRCP,0,,,N,700
US1CATL0009,20100614,PRCP,0,,,N,700
US1CATL0009,20100615,PRCP,0,,,N,700
US1CATL0009,20100616,PRCP,0,,,N,700
US1CATL0009,20100617,PRCP,0,,,N,700
US1CATL0009,20100618,PRCP,0,,,N,700
US1CATL0009,20100619,PRCP,0,,,N,700
US1CATL0009,20100620,PRCP,0,,,N,700
US1CATL0009,20100621,PRCP,0,,,N,700
US1CATL0009,20100622,PRCP,0,,,N,700
US1CATL0009,20100623,PRCP,0,,,N,700
US1CATL0009,20100624,PRCP,0,,,N,700
US1CATL0009,20100625,PRCP,0,,,N,700
US1CATL0009,20100626,PRCP,0,,,N,700
US1CATL0009,20100627,PRCP,0,,,N,700
US1CATL0009,20100628,PRCP,0,,,N,700
US1CATL0009,20100629,PRCP,0,,,N,700
US1CATL0009,20100630,PRCP,0,,,N,700
US1CATL0009,20100601,SNOW,0,,,N,700
US1CATL0009,20100602,SNOW,0,,,N,700
US1CATL0009,20100603,SNOW,0,,,N,700
US1CATL0009,20100604,SNOW,0,,,N,700
US1CATL0009,20100605,SNOW,0,,,N,700
US1CATL0009,20100606,SNOW,0,,,N,700
US1CATL0009,20100607,SNOW,0,,,N,700
US1CATL0009,20100608,SNOW,0,,,N,700
US1CATL0009,20100609,SNOW,0,,,N,700
US1CATL0009,20100610,SNOW,0,,,N,700
US1CATL0009,20100611,SNOW,0,,,N,700
US1CATL0009,20100612,SNOW,0,,,N,700
US1CATL0009,20100613,SNOW,0,,,N,700
US1CATL0009,20100614,SNOW,0,,,N,700
US1CATL0009,20100615,SNOW,0,,,N,700
US1CATL0009,20100616,SNOW,0,,,N,700
US1CATL0009,20100617,SNOW,0,,,N,700
US1CATL0009,20100618,SNOW,0,,,N,700
US1CATL0009,20100619,SNOW,0,,,N,700
US1CATL0009,20100620,SNOW,0,,,N,700
US1CATL0009,20100621,SNOW,0,,,N,700
US1CATL0009,20100622,SNOW,0,,,N,700
US1CATL0009,20100623,SNOW,0,,,N,700
US1CATL0009,20100624,SNOW,0,,,N,700
US1CATL0009,20100625,SNOW,0,,,N,700
US1CATL0009,20100626,SNOW,0,,,N,700
US1CATL0009,20100627,SNOW,0,,,N,700
US1CATL0009,20100628,SNOW,0,,,N,700
US1CATL0009,20100629,SNOW,0,,,N,700
US1CATL0009,20100630,SNOW,0,,,N,700
