US1CAVT0036,20230401,PRCP,0,Unnamed: 4,Unnamed: 5,N,0700
US1CAVT0036,20230402,PRCP,0,,,N,700.0
US1CAVT0036,20230403,PRCP,0,,,N,700.0
US1CAVT0036,20230404,PRCP,0,,,N,700.0
US1CAVT0036,20230405,PRCP,0,,,N,700.0
US1CAVT0036,20230406,PRCP,0,,,N,700.0
US1CAVT0036,20230407,PRCP,0,,,N,700.0
US1CAVT0036,20230408,PRCP,0,,,N,700.0
US1CAVT0036,20230409,PRCP,0,,,N,700.0
US1CAVT0036,20230410,PRCP,0,,,N,700.0
US1CAVT0036,20230411,PRCP,0,,,N,700.0
US1CAVT0036,20230412,PRCP,0,,,N,700.0
US1CAVT0036,20230413,PRCP,0,T,,N,700.0
US1CAVT0036,20230414,PRCP,0,,,N,700.0
US1CAVT0036,20230415,PRCP,0,,,N,700.0
US1CAVT0036,20230416,PRCP,0,,,N,700.0
US1CAVT0036,20230417,PRCP,0,,,N,700.0
US1CAVT0036,20230418,PRCP,0,,,N,700.0
US1CAVT0036,20230419,PRCP,0,,,N,700.0
US1CAVT0036,20230420,PRCP,0,,,N,700.0
US1CAVT0036,20230424,PRCP,0,,,N,700.0
US1CAVT0036,20230425,PRCP,0,,,N,700.0
US1CAVT0036,20230426,PRCP,0,,,N,700.0
US1CAVT0036,20230427,PRCP,0,,,N,700.0
US1CAVT0036,20230428,PRCP,0,,,N,700.0
US1CAVT0036,20230430,PRCP,0,,,N,700.0
US1CAVT0036,20230401,SNOW,0,,,N,700.0
US1CAVT0036,20230402,SNOW,0,,,N,700.0
US1CAVT0036,20230403,SNOW,0,,,N,700.0
US1CAVT0036,20230404,SNOW,0,,,N,700.0
US1CAVT0036,20230405,SNOW,0,,,N,700.0
US1CAVT0036,20230406,SNOW,0,,,N,700.0
US1CAVT0036,20230407,SNOW,0,,,N,700.0
US1CAVT0036,20230408,SNOW,0,,,N,700.0
US1CAVT0036,20230409,SNOW,0,,,N,700.0
US1CAVT0036,20230410,SNOW,0,,,N,700.0
US1CAVT0036,20230411,SNOW,0,,,N,700.0
US1CAVT0036,20230412,SNOW,0,,,N,700.0
US1CAVT0036,20230414,SNOW,0,,,N,700.0
US1CAVT0036,20230415,SNOW,0,,,N,700.0
US1CAVT0036,20230416,SNOW,0,,,N,700.0
US1CAVT0036,20230417,SNOW,0,,,N,700.0
US1CAVT0036,20230418,SNOW,0,,,N,700.0
US1CAVT0036,20230419,SNOW,0,,,N,700.0
US1CAVT0036,20230420,SNOW,0,,,N,700.0
US1CAVT0036,20230424,SNOW,0,,,N,700.0
US1CAVT0036,20230425,SNOW,0,,,N,700.0
US1CAVT0036,20230426,SNOW,0,,,N,700.0
US1CAVT0036,20230427,SNOW,0,,,N,700.0
US1CAVT0036,20230428,SNOW,0,,,N,700.0
US1CAVT0036,20230430,SNOW,0,,,N,700.0
US1CAVT0036,20230501,PRCP,5,,,N,700.0
US1CAVT0036,20230502,PRCP,0,,,N,700.0
US1CAVT0036,20230503,PRCP,0,,,N,700.0
US1CAVT0036,20230504,PRCP,114,,,N,700.0
US1CAVT0036,20230505,PRCP,3,,,N,700.0
US1CAVT0036,20230506,PRCP,0,,,N,700.0
US1CAVT0036,20230507,PRCP,0,,,N,700.0
US1CAVT0036,20230508,PRCP,0,,,N,700.0
US1CAVT0036,20230509,PRCP,0,,,N,700.0
US1CAVT0036,20230510,PRCP,0,,,N,700.0
US1CAVT0036,20230511,PRCP,0,,,N,700.0
US1CAVT0036,20230512,PRCP,0,,,N,700.0
US1CAVT0036,20230522,PRCP,0,T,,N,700.0
US1CAVT0036,20230523,PRCP,5,,,N,700.0
US1CAVT0036,20230525,PRCP,0,,,N,700.0
US1CAVT0036,20230526,PRCP,0,,,N,700.0
US1CAVT0036,20230527,PRCP,0,,,N,700.0
US1CAVT0036,20230528,PRCP,0,,,N,700.0
US1CAVT0036,20230529,PRCP,0,,,N,700.0
US1CAVT0036,20230530,PRCP,0,,,N,700.0
US1CAVT0036,20230502,SNOW,0,,,N,700.0
US1CAVT0036,20230503,SNOW,0,,,N,700.0
US1CAVT0036,20230506,SNOW,0,,,N,700.0
US1CAVT0036,20230507,SNOW,0,,,N,700.0
US1CAVT0036,20230508,SNOW,0,,,N,700.0
US1CAVT0036,20230509,SNOW,0,,,N,700.0
US1CAVT0036,20230510,SNOW,0,,,N,700.0
US1CAVT0036,20230511,SNOW,0,,,N,700.0
US1CAVT0036,20230512,SNOW,0,,,N,700.0
US1CAVT0036,20230525,SNOW,0,,,N,700.0
US1CAVT0036,20230526,SNOW,0,,,N,700.0
US1CAVT0036,20230527,SNOW,0,,,N,700.0
US1CAVT0036,20230528,SNOW,0,,,N,700.0
US1CAVT0036,20230529,SNOW,0,,,N,700.0
US1CAVT0036,20230530,SNOW,0,,,N,700.0
US1CAVT0036,20230601,PRCP,0,,,N,700.0
US1CAVT0036,20230602,PRCP,0,,,N,700.0
US1CAVT0036,20230605,PRCP,0,,,N,700.0
US1CAVT0036,20230606,PRCP,0,,,N,700.0
US1CAVT0036,20230607,PRCP,13,,,N,700.0
US1CAVT0036,20230608,PRCP,3,,,N,700.0
US1CAVT0036,20230609,PRCP,0,,,N,700.0
US1CAVT0036,20230610,PRCP,0,T,,N,700.0
US1CAVT0036,20230611,PRCP,20,,,N,700.0
US1CAVT0036,20230612,PRCP,0,,,N,700.0
US1CAVT0036,20230613,PRCP,0,,,N,700.0
US1CAVT0036,20230614,PRCP,0,,,N,700.0
US1CAVT0036,20230615,PRCP,5,,,N,700.0
US1CAVT0036,20230616,PRCP,0,,,N,700.0
US1CAVT0036,20230617,PRCP,0,,,N,700.0
US1CAVT0036,20230629,PRCP,0,,,N,700.0
US1CAVT0036,20230630,PRCP,0,,,N,700.0
US1CAVT0036,20230601,SNOW,0,,,N,700.0
US1CAVT0036,20230602,SNOW,0,,,N,700.0
US1CAVT0036,20230605,SNOW,0,,,N,700.0
US1CAVT0036,20230606,SNOW,0,,,N,700.0
US1CAVT0036,20230609,SNOW,0,,,N,700.0
US1CAVT0036,20230612,SNOW,0,,,N,700.0
US1CAVT0036,20230613,SNOW,0,,,N,700.0
US1CAVT0036,20230614,SNOW,0,,,N,700.0
US1CAVT0036,20230616,SNOW,0,,,N,700.0
US1CAVT0036,20230617,SNOW,0,,,N,700.0
US1CAVT0036,20230629,SNOW,0,,,N,700.0
US1CAVT0036,20230630,SNOW,0,,,N,700.0
US1CAVT0036,20230701,PRCP,0,,,N,700.0
US1CAVT0036,20230702,PRCP,0,,,N,700.0
US1CAVT0036,20230703,PRCP,0,,,N,700.0
US1CAVT0036,20230704,PRCP,0,,,N,700.0
US1CAVT0036,20230705,PRCP,0,,,N,700.0
US1CAVT0036,20230706,PRCP,0,,,N,700.0
US1CAVT0036,20230707,PRCP,0,,,N,700.0
US1CAVT0036,20230708,PRCP,0,,,N,700.0
US1CAVT0036,20230709,PRCP,0,,,N,700.0
US1CAVT0036,20230710,PRCP,0,,,N,700.0
US1CAVT0036,20230711,PRCP,0,,,N,700.0
US1CAVT0036,20230712,PRCP,0,,,N,700.0
US1CAVT0036,20230713,PRCP,0,,,N,700.0
US1CAVT0036,20230714,PRCP,0,,,N,700.0
US1CAVT0036,20230715,PRCP,0,,,N,700.0
US1CAVT0036,20230716,PRCP,0,,,N,700.0
US1CAVT0036,20230717,PRCP,0,,,N,700.0
US1CAVT0036,20230719,PRCP,0,,,N,700.0
US1CAVT0036,20230721,PRCP,0,,,N,700.0
US1CAVT0036,20230722,PRCP,0,,,N,700.0
US1CAVT0036,20230723,PRCP,0,,,N,700.0
US1CAVT0036,20230725,PRCP,0,,,N,700.0
US1CAVT0036,20230726,PRCP,0,,,N,700.0
US1CAVT0036,20230727,PRCP,0,,,N,700.0
US1CAVT0036,20230728,PRCP,0,,,N,700.0
US1CAVT0036,20230729,PRCP,0,,,N,700.0
US1CAVT0036,20230730,PRCP,0,,,N,700.0
US1CAVT0036,20230731,PRCP,0,,,N,700.0
US1CAVT0036,20230701,SNOW,0,,,N,700.0
US1CAVT0036,20230702,SNOW,0,,,N,700.0
US1CAVT0036,20230703,SNOW,0,,,N,700.0
US1CAVT0036,20230704,SNOW,0,,,N,700.0
US1CAVT0036,20230705,SNOW,0,,,N,700.0
US1CAVT0036,20230706,SNOW,0,,,N,700.0
US1CAVT0036,20230707,SNOW,0,,,N,700.0
US1CAVT0036,20230708,SNOW,0,,,N,700.0
US1CAVT0036,20230709,SNOW,0,,,N,700.0
US1CAVT0036,20230710,SNOW,0,,,N,700.0
US1CAVT0036,20230711,SNOW,0,,,N,700.0
US1CAVT0036,20230712,SNOW,0,,,N,700.0
US1CAVT0036,20230713,SNOW,0,,,N,700.0
US1CAVT0036,20230714,SNOW,0,,,N,700.0
US1CAVT0036,20230715,SNOW,0,,,N,700.0
US1CAVT0036,20230716,SNOW,0,,,N,700.0
US1CAVT0036,20230717,SNOW,0,,,N,700.0
US1CAVT0036,20230719,SNOW,0,,,N,700.0
US1CAVT0036,20230721,SNOW,0,,,N,700.0
US1CAVT0036,20230722,SNOW,0,,,N,700.0
US1CAVT0036,20230723,SNOW,0,,,N,700.0
US1CAVT0036,20230725,SNOW,0,,,N,700.0
US1CAVT0036,20230726,SNOW,0,,,N,700.0
US1CAVT0036,20230727,SNOW,0,,,N,700.0
US1CAVT0036,20230728,SNOW,0,,,N,700.0
US1CAVT0036,20230729,SNOW,0,,,N,700.0
US1CAVT0036,20230730,SNOW,0,,,N,700.0
US1CAVT0036,20230731,SNOW,0,,,N,700.0
US1CAVT0036,20230801,PRCP,0,,,N,700.0
US1CAVT0036,20230802,PRCP,0,,,N,700.0
US1CAVT0036,20230803,PRCP,0,,,N,700.0
US1CAVT0036,20230804,PRCP,0,,,N,700.0
US1CAVT0036,20230805,PRCP,0,,,N,700.0
US1CAVT0036,20230806,PRCP,0,,,N,700.0
US1CAVT0036,20230807,PRCP,0,,,N,700.0
US1CAVT0036,20230808,PRCP,0,,,N,700.0
US1CAVT0036,20230809,PRCP,0,T,,N,700.0
US1CAVT0036,20230810,PRCP,0,T,,N,700.0
US1CAVT0036,20230811,PRCP,0,,,N,700.0
US1CAVT0036,20230812,PRCP,0,,,N,700.0
US1CAVT0036,20230814,PRCP,0,,,N,700.0
US1CAVT0036,20230815,PRCP,0,,,N,700.0
US1CAVT0036,20230816,PRCP,0,,,N,700.0
US1CAVT0036,20230817,PRCP,0,,,N,700.0
US1CAVT0036,20230818,PRCP,0,,,N,700.0
US1CAVT0036,20230820,PRCP,0,,,N,700.0
US1CAVT0036,20230821,PRCP,953,,,N,700.0
US1CAVT0036,20230822,PRCP,0,,,N,700.0
US1CAVT0036,20230801,SNOW,0,,,N,700.0
US1CAVT0036,20230802,SNOW,0,,,N,700.0
US1CAVT0036,20230803,SNOW,0,,,N,700.0
US1CAVT0036,20230804,SNOW,0,,,N,700.0
US1CAVT0036,20230805,SNOW,0,,,N,700.0
US1CAVT0036,20230806,SNOW,0,,,N,700.0
US1CAVT0036,20230807,SNOW,0,,,N,700.0
US1CAVT0036,20230808,SNOW,0,,,N,700.0
US1CAVT0036,20230811,SNOW,0,,,N,700.0
US1CAVT0036,20230812,SNOW,0,,,N,700.0
US1CAVT0036,20230814,SNOW,0,,,N,700.0
US1CAVT0036,20230815,SNOW,0,,,N,700.0
US1CAVT0036,20230816,SNOW,0,,,N,700.0
US1CAVT0036,20230817,SNOW,0,,,N,700.0
US1CAVT0036,20230818,SNOW,0,,,N,700.0
US1CAVT0036,20230820,SNOW,0,,,N,700.0
US1CAVT0036,20230822,SNOW,0,,,N,700.0
US1CAVT0036,20230901,PRCP,0,,,N,700.0
US1CAVT0036,20230902,PRCP,33,,,N,700.0
US1CAVT0036,20230903,PRCP,0,,,N,700.0
US1CAVT0036,20230904,PRCP,0,,,N,700.0
US1CAVT0036,20230905,PRCP,0,,,N,700.0
US1CAVT0036,20230906,PRCP,0,,,N,700.0
US1CAVT0036,20230907,PRCP,0,,,N,700.0
US1CAVT0036,20230909,PRCP,0,,,N,700.0
US1CAVT0036,20230910,PRCP,0,,,N,700.0
US1CAVT0036,20230911,PRCP,0,,,N,700.0
US1CAVT0036,20230914,PRCP,0,,,N,700.0
US1CAVT0036,20230915,PRCP,0,,,N,700.0
US1CAVT0036,20230916,PRCP,0,T,,N,700.0
US1CAVT0036,20230917,PRCP,5,,,N,700.0
US1CAVT0036,20230918,PRCP,0,T,,N,700.0
US1CAVT0036,20230919,PRCP,0,,,N,700.0
US1CAVT0036,20230920,PRCP,0,,,N,700.0
US1CAVT0036,20230921,PRCP,0,,,N,700.0
US1CAVT0036,20230924,PRCP,0,,,N,700.0
US1CAVT0036,20230929,PRCP,0,,,N,700.0
US1CAVT0036,20230930,PRCP,0,,,N,700.0
US1CAVT0036,20230901,SNOW,0,,,N,700.0
US1CAVT0036,20230903,SNOW,0,,,N,700.0
US1CAVT0036,20230904,SNOW,0,,,N,700.0
US1CAVT0036,20230905,SNOW,0,,,N,700.0
US1CAVT0036,20230906,SNOW,0,,,N,700.0
US1CAVT0036,20230907,SNOW,0,,,N,700.0
US1CAVT0036,20230909,SNOW,0,,,N,700.0
US1CAVT0036,20230910,SNOW,0,,,N,700.0
US1CAVT0036,20230911,SNOW,0,,,N,700.0
US1CAVT0036,20230914,SNOW,0,,,N,700.0
US1CAVT0036,20230915,SNOW,0,,,N,700.0
US1CAVT0036,20230919,SNOW,0,,,N,700.0
US1CAVT0036,20230920,SNOW,0,,,N,700.0
US1CAVT0036,20230921,SNOW,0,,,N,700.0
US1CAVT0036,20230924,SNOW,0,,,N,700.0
US1CAVT0036,20230929,SNOW,0,,,N,700.0
US1CAVT0036,20230930,SNOW,0,,,N,700.0
US1CAVT0036,20231001,PRCP,0,,,N,700.0
US1CAVT0036,20231002,PRCP,0,,,N,700.0
US1CAVT0036,20231004,PRCP,0,,,N,700.0
US1CAVT0036,20231005,PRCP,0,,,N,700.0
US1CAVT0036,20231006,PRCP,0,,,N,700.0
US1CAVT0036,20231007,PRCP,0,,,N,700.0
US1CAVT0036,20231008,PRCP,0,,,N,700.0
US1CAVT0036,20231009,PRCP,0,,,N,700.0
US1CAVT0036,20231010,PRCP,0,,,N,700.0
US1CAVT0036,20231011,PRCP,0,,,N,700.0
US1CAVT0036,20231012,PRCP,0,,,N,700.0
US1CAVT0036,20231013,PRCP,0,,,N,700.0
US1CAVT0036,20231014,PRCP,0,,,N,700.0
US1CAVT0036,20231015,PRCP,0,,,N,700.0
US1CAVT0036,20231016,PRCP,0,,,N,700.0
US1CAVT0036,20231017,PRCP,0,,,N,700.0
US1CAVT0036,20231018,PRCP,0,,,N,700.0
US1CAVT0036,20231019,PRCP,0,,,N,700.0
US1CAVT0036,20231020,PRCP,0,,,N,700.0
US1CAVT0036,20231021,PRCP,0,,,N,700.0
US1CAVT0036,20231022,PRCP,0,,,N,700.0
US1CAVT0036,20231023,PRCP,0,,,N,700.0
US1CAVT0036,20231024,PRCP,0,,,N,700.0
US1CAVT0036,20231025,PRCP,0,,,N,700.0
US1CAVT0036,20231026,PRCP,0,,,N,700.0
US1CAVT0036,20231027,PRCP,0,,,N,700.0
US1CAVT0036,20231028,PRCP,0,,,N,700.0
US1CAVT0036,20231029,PRCP,0,,,N,700.0
US1CAVT0036,20231030,PRCP,0,,,N,700.0
US1CAVT0036,20231031,PRCP,0,,,N,700.0
US1CAVT0036,20231001,SNOW,0,,,N,700.0
US1CAVT0036,20231002,SNOW,0,,,N,700.0
US1CAVT0036,20231004,SNOW,0,,,N,700.0
US1CAVT0036,20231005,SNOW,0,,,N,700.0
US1CAVT0036,20231006,SNOW,0,,,N,700.0
US1CAVT0036,20231007,SNOW,0,,,N,700.0
US1CAVT0036,20231008,SNOW,0,,,N,700.0
US1CAVT0036,20231009,SNOW,0,,,N,700.0
US1CAVT0036,20231010,SNOW,0,,,N,700.0
US1CAVT0036,20231011,SNOW,0,,,N,700.0
US1CAVT0036,20231012,SNOW,0,,,N,700.0
US1CAVT0036,20231013,SNOW,0,,,N,700.0
US1CAVT0036,20231014,SNOW,0,,,N,700.0
US1CAVT0036,20231015,SNOW,0,,,N,700.0
US1CAVT0036,20231016,SNOW,0,,,N,700.0
US1CAVT0036,20231017,SNOW,0,,,N,700.0
US1CAVT0036,20231018,SNOW,0,,,N,700.0
US1CAVT0036,20231019,SNOW,0,,,N,700.0
US1CAVT0036,20231020,SNOW,0,,,N,700.0
US1CAVT0036,20231021,SNOW,0,,,N,700.0
US1CAVT0036,20231022,SNOW,0,,,N,700.0
US1CAVT0036,20231023,SNOW,0,,,N,700.0
US1CAVT0036,20231024,SNOW,0,,,N,700.0
US1CAVT0036,20231025,SNOW,0,,,N,700.0
US1CAVT0036,20231026,SNOW,0,,,N,700.0
US1CAVT0036,20231027,SNOW,0,,,N,700.0
US1CAVT0036,20231028,SNOW,0,,,N,700.0
US1CAVT0036,20231029,SNOW,0,,,N,700.0
US1CAVT0036,20231030,SNOW,0,,,N,700.0
US1CAVT0036,20231031,SNOW,0,,,N,700.0
US1CAVT0036,20231101,PRCP,0,,,N,700.0
US1CAVT0036,20231102,PRCP,0,,,N,700.0
US1CAVT0036,20231103,PRCP,0,,,N,700.0
US1CAVT0036,20231104,PRCP,0,,,N,700.0
US1CAVT0036,20231105,PRCP,0,,,N,700.0
US1CAVT0036,20231106,PRCP,0,,,N,700.0
US1CAVT0036,20231107,PRCP,0,,,N,700.0
US1CAVT0036,20231108,PRCP,0,,,N,700.0
US1CAVT0036,20231109,PRCP,0,,,N,700.0
US1CAVT0036,20231110,PRCP,0,,,N,700.0
US1CAVT0036,20231111,PRCP,0,,,N,700.0
US1CAVT0036,20231112,PRCP,0,,,N,700.0
US1CAVT0036,20231113,PRCP,0,,,N,700.0
US1CAVT0036,20231114,PRCP,0,,,N,700.0
US1CAVT0036,20231115,PRCP,0,,,N,700.0
US1CAVT0036,20231116,PRCP,56,,,N,700.0
US1CAVT0036,20231117,PRCP,0,,,N,700.0
US1CAVT0036,20231118,PRCP,51,,,N,700.0
US1CAVT0036,20231119,PRCP,20,,,N,700.0
US1CAVT0036,20231129,PRCP,0,,,N,700.0
US1CAVT0036,20231130,PRCP,0,,,N,700.0
US1CAVT0036,20231101,SNOW,0,,,N,700.0
US1CAVT0036,20231102,SNOW,0,,,N,700.0
US1CAVT0036,20231103,SNOW,0,,,N,700.0
US1CAVT0036,20231104,SNOW,0,,,N,700.0
US1CAVT0036,20231105,SNOW,0,,,N,700.0
US1CAVT0036,20231106,SNOW,0,,,N,700.0
US1CAVT0036,20231107,SNOW,0,,,N,700.0
US1CAVT0036,20231108,SNOW,0,,,N,700.0
US1CAVT0036,20231109,SNOW,0,,,N,700.0
US1CAVT0036,20231110,SNOW,0,,,N,700.0
US1CAVT0036,20231111,SNOW,0,,,N,700.0
US1CAVT0036,20231112,SNOW,0,,,N,700.0
US1CAVT0036,20231113,SNOW,0,,,N,700.0
US1CAVT0036,20231114,SNOW,0,,,N,700.0
US1CAVT0036,20231115,SNOW,0,,,N,700.0
US1CAVT0036,20231117,SNOW,0,,,N,700.0
US1CAVT0036,20231129,SNOW,0,,,N,700.0
US1CAVT0036,20231130,SNOW,0,,,N,700.0
US1CAVT0036,20231201,PRCP,0,,,N,700.0
US1CAVT0036,20231202,PRCP,0,,,N,700.0
US1CAVT0036,20231203,PRCP,0,,,N,700.0
US1CAVT0036,20231204,PRCP,0,,,N,700.0
US1CAVT0036,20231205,PRCP,0,,,N,700.0
US1CAVT0036,20231206,PRCP,0,,,N,700.0
US1CAVT0036,20231207,PRCP,0,,,N,700.0
US1CAVT0036,20231208,PRCP,0,,,N,700.0
US1CAVT0036,20231209,PRCP,0,,,N,700.0
US1CAVT0036,20231210,PRCP,0,,,N,700.0
US1CAVT0036,20231211,PRCP,0,,,N,700.0
US1CAVT0036,20231212,PRCP,0,,,N,700.0
US1CAVT0036,20231215,PRCP,0,,,N,700.0
US1CAVT0036,20231217,PRCP,0,,,N,700.0
US1CAVT0036,20231218,PRCP,0,,,N,700.0
US1CAVT0036,20231219,PRCP,15,,,N,700.0
US1CAVT0036,20231220,PRCP,127,,,N,700.0
US1CAVT0036,20231221,PRCP,264,,,N,700.0
US1CAVT0036,20231222,PRCP,224,,,N,700.0
US1CAVT0036,20231223,PRCP,5,,,N,700.0
US1CAVT0036,20231224,PRCP,0,,,N,700.0
US1CAVT0036,20231225,PRCP,3,,,N,700.0
US1CAVT0036,20231226,PRCP,0,,,N,700.0
US1CAVT0036,20231227,PRCP,0,,,N,700.0
US1CAVT0036,20231228,PRCP,0,,,N,700.0
US1CAVT0036,20231229,PRCP,0,,,N,700.0
US1CAVT0036,20231230,PRCP,140,,,N,700.0
US1CAVT0036,20231231,PRCP,3,,,N,700.0
US1CAVT0036,20231201,SNOW,0,,,N,700.0
US1CAVT0036,20231202,SNOW,0,,,N,700.0
US1CAVT0036,20231203,SNOW,0,,,N,700.0
US1CAVT0036,20231204,SNOW,0,,,N,700.0
US1CAVT0036,20231205,SNOW,0,,,N,700.0
US1CAVT0036,20231206,SNOW,0,,,N,700.0
US1CAVT0036,20231207,SNOW,0,,,N,700.0
US1CAVT0036,20231208,SNOW,0,,,N,700.0
US1CAVT0036,20231209,SNOW,0,,,N,700.0
US1CAVT0036,20231210,SNOW,0,,,N,700.0
US1CAVT0036,20231211,SNOW,0,,,N,700.0
US1CAVT0036,20231212,SNOW,0,,,N,700.0
US1CAVT0036,20231215,SNOW,0,,,N,700.0
US1CAVT0036,20231217,SNOW,0,,,N,700.0
US1CAVT0036,20231218,SNOW,0,,,N,700.0
US1CAVT0036,20231224,SNOW,0,,,N,700.0
US1CAVT0036,20231226,SNOW,0,,,N,700.0
US1CAVT0036,20231227,SNOW,0,,,N,700.0
US1CAVT0036,20231228,SNOW,0,,,N,700.0
US1CAVT0036,20231229,SNOW,0,,,N,700.0
US1CAVT0036,20240101,PRCP,0,,,N,700.0
US1CAVT0036,20240102,PRCP,0,,,N,700.0
US1CAVT0036,20240103,PRCP,36,,,N,700.0
US1CAVT0036,20240104,PRCP,3,,,N,700.0
US1CAVT0036,20240105,PRCP,0,,,N,700.0
US1CAVT0036,20240106,PRCP,0,,,N,700.0
US1CAVT0036,20240107,PRCP,0,,,N,700.0
US1CAVT0036,20240108,PRCP,0,,,N,700.0
US1CAVT0036,20240109,PRCP,0,,,N,700.0
US1CAVT0036,20240110,PRCP,0,,,N,700.0
US1CAVT0036,20240111,PRCP,0,,,N,700.0
US1CAVT0036,20240112,PRCP,0,,,N,700.0
US1CAVT0036,20240113,PRCP,0,,,N,700.0
US1CAVT0036,20240114,PRCP,0,,,N,700.0
US1CAVT0036,20240116,PRCP,0,,,N,700.0
US1CAVT0036,20240117,PRCP,0,,,N,700.0
US1CAVT0036,20240122,PRCP,147,,,N,700.0
US1CAVT0036,20240123,PRCP,58,,,N,700.0
US1CAVT0036,20240101,SNOW,0,,,N,700.0
US1CAVT0036,20240102,SNOW,0,,,N,700.0
US1CAVT0036,20240105,SNOW,0,,,N,700.0
US1CAVT0036,20240106,SNOW,0,,,N,700.0
US1CAVT0036,20240107,SNOW,0,,,N,700.0
US1CAVT0036,20240108,SNOW,0,,,N,700.0
US1CAVT0036,20240109,SNOW,0,,,N,700.0
US1CAVT0036,20240110,SNOW,0,,,N,700.0
US1CAVT0036,20240111,SNOW,0,,,N,700.0
US1CAVT0036,20240112,SNOW,0,,,N,700.0
US1CAVT0036,20240113,SNOW,0,,,N,700.0
US1CAVT0036,20240114,SNOW,0,,,N,700.0
US1CAVT0036,20240116,SNOW,0,,,N,700.0
US1CAVT0036,20240117,SNOW,0,,,N,700.0
US1CAVT0036,20240204,PRCP,8,,,N,700.0
US1CAVT0036,20240205,PRCP,373,,,N,700.0
US1CAVT0036,20240206,PRCP,323,,,N,700.0
US1CAVT0036,20240207,PRCP,127,,,N,700.0
US1CAVT0036,20240208,PRCP,84,,,N,700.0
US1CAVT0036,20240209,PRCP,0,,,N,700.0
US1CAVT0036,20240210,PRCP,0,,,N,700.0
US1CAVT0036,20240211,PRCP,0,,,N,700.0
US1CAVT0036,20240212,PRCP,0,,,N,700.0
US1CAVT0036,20240213,PRCP,0,,,N,700.0
US1CAVT0036,20240214,PRCP,0,,,N,700.0
US1CAVT0036,20240215,PRCP,0,,,N,700.0
US1CAVT0036,20240216,PRCP,0,,,N,700.0
US1CAVT0036,20240217,PRCP,0,,,N,700.0
US1CAVT0036,20240218,PRCP,5,,,N,700.0
US1CAVT0036,20240219,PRCP,310,,,N,700.0
US1CAVT0036,20240220,PRCP,277,,,N,700.0
US1CAVT0036,20240221,PRCP,84,,,N,700.0
US1CAVT0036,20240222,PRCP,0,,,N,700.0
US1CAVT0036,20240223,PRCP,0,,,N,700.0
US1CAVT0036,20240224,PRCP,0,,,N,700.0
US1CAVT0036,20240225,PRCP,0,,,N,700.0
US1CAVT0036,20240226,PRCP,0,,,N,700.0
US1CAVT0036,20240227,PRCP,25,,,N,700.0
US1CAVT0036,20240228,PRCP,0,,,N,700.0
US1CAVT0036,20240229,PRCP,0,,,N,700.0
US1CAVT0036,20240209,SNOW,0,,,N,700.0
US1CAVT0036,20240210,SNOW,0,,,N,700.0
US1CAVT0036,20240211,SNOW,0,,,N,700.0
US1CAVT0036,20240212,SNOW,0,,,N,700.0
US1CAVT0036,20240213,SNOW,0,,,N,700.0
US1CAVT0036,20240214,SNOW,0,,,N,700.0
US1CAVT0036,20240215,SNOW,0,,,N,700.0
US1CAVT0036,20240216,SNOW,0,,,N,700.0
US1CAVT0036,20240217,SNOW,0,,,N,700.0
US1CAVT0036,20240222,SNOW,0,,,N,700.0
US1CAVT0036,20240223,SNOW,0,,,N,700.0
US1CAVT0036,20240224,SNOW,0,,,N,700.0
US1CAVT0036,20240225,SNOW,0,,,N,700.0
US1CAVT0036,20240226,SNOW,0,,,N,700.0
US1CAVT0036,20240228,SNOW,0,,,N,700.0
US1CAVT0036,20240229,SNOW,0,,,N,700.0
US1CAVT0036,20240301,PRCP,0,,,N,700.0
US1CAVT0036,20240302,PRCP,137,,,N,700.0
US1CAVT0036,20240303,PRCP,130,,,N,700.0
US1CAVT0036,20240304,PRCP,0,,,N,700.0
US1CAVT0036,20240305,PRCP,0,,,N,700.0
US1CAVT0036,20240306,PRCP,0,,,N,700.0
US1CAVT0036,20240307,PRCP,241,,,N,700.0
US1CAVT0036,20240308,PRCP,0,T,,N,700.0
US1CAVT0036,20240309,PRCP,0,,,N,700.0
US1CAVT0036,20240310,PRCP,0,,,N,700.0
US1CAVT0036,20240311,PRCP,0,,,N,700.0
US1CAVT0036,20240312,PRCP,0,,,N,700.0
US1CAVT0036,20240314,PRCP,0,,,N,700.0
US1CAVT0036,20240315,PRCP,0,,,N,700.0
US1CAVT0036,20240316,PRCP,0,,,N,700.0
US1CAVT0036,20240317,PRCP,0,,,N,700.0
US1CAVT0036,20240318,PRCP,0,,,N,700.0
US1CAVT0036,20240319,PRCP,0,T,,N,700.0
US1CAVT0036,20240320,PRCP,0,,,N,700.0
US1CAVT0036,20240321,PRCP,0,,,N,700.0
US1CAVT0036,20240322,PRCP,0,,,N,700.0
US1CAVT0036,20240323,PRCP,64,,,N,700.0
US1CAVT0036,20240324,PRCP,51,,,N,700.0
US1CAVT0036,20240325,PRCP,0,,,N,700.0
US1CAVT0036,20240327,PRCP,0,,,N,700.0
US1CAVT0036,20240328,PRCP,0,,,N,700.0
US1CAVT0036,20240329,PRCP,0,,,N,700.0
US1CAVT0036,20240330,PRCP,206,,,N,700.0
US1CAVT0036,20240331,PRCP,51,,,N,700.0
US1CAVT0036,20240301,SNOW,0,,,N,700.0
US1CAVT0036,20240304,SNOW,0,,,N,700.0
US1CAVT0036,20240305,SNOW,0,,,N,700.0
US1CAVT0036,20240306,SNOW,0,,,N,700.0
US1CAVT0036,20240309,SNOW,0,,,N,700.0
US1CAVT0036,20240310,SNOW,0,,,N,700.0
US1CAVT0036,20240311,SNOW,0,,,N,700.0
US1CAVT0036,20240312,SNOW,0,,,N,700.0
US1CAVT0036,20240314,SNOW,0,,,N,700.0
US1CAVT0036,20240315,SNOW,0,,,N,700.0
US1CAVT0036,20240316,SNOW,0,,,N,700.0
US1CAVT0036,20240317,SNOW,0,,,N,700.0
US1CAVT0036,20240318,SNOW,0,,,N,700.0
US1CAVT0036,20240320,SNOW,0,,,N,700.0
US1CAVT0036,20240321,SNOW,0,,,N,700.0
US1CAVT0036,20240322,SNOW,0,,,N,700.0
US1CAVT0036,20240325,SNOW,0,,,N,700.0
US1CAVT0036,20240327,SNOW,0,,,N,700.0
US1CAVT0036,20240328,SNOW,0,,,N,700.0
US1CAVT0036,20240329,SNOW,0,,,N,700.0
US1CAVT0036,20240401,PRCP,38,,,N,700.0
US1CAVT0036,20240402,PRCP,0,,,N,700.0
US1CAVT0036,20240403,PRCP,0,,,N,700.0
US1CAVT0036,20240404,PRCP,0,,,N,700.0
US1CAVT0036,20240405,PRCP,56,,,N,700.0
US1CAVT0036,20240410,PRCP,0,,,N,700.0
US1CAVT0036,20240412,PRCP,0,,,N,700.0
US1CAVT0036,20240413,PRCP,0,,,N,700.0
US1CAVT0036,20240414,PRCP,107,,,N,700.0
US1CAVT0036,20240415,PRCP,46,,,N,700.0
US1CAVT0036,20240416,PRCP,3,,,N,700.0
US1CAVT0036,20240417,PRCP,0,,,N,700.0
US1CAVT0036,20240418,PRCP,0,,,N,700.0
US1CAVT0036,20240419,PRCP,0,,,N,700.0
US1CAVT0036,20240420,PRCP,0,,,N,700.0
US1CAVT0036,20240421,PRCP,0,,,N,700.0
US1CAVT0036,20240423,PRCP,5,,,N,700.0
US1CAVT0036,20240425,PRCP,0,,,N,700.0
US1CAVT0036,20240426,PRCP,0,,,N,700.0
US1CAVT0036,20240427,PRCP,0,,,N,700.0
US1CAVT0036,20240428,PRCP,0,,,N,700.0
US1CAVT0036,20240429,PRCP,0,,,N,700.0
US1CAVT0036,20240430,PRCP,0,,,N,700.0
US1CAVT0036,20240402,SNOW,0,,,N,700.0
US1CAVT0036,20240403,SNOW,0,,,N,700.0
US1CAVT0036,20240404,SNOW,0,,,N,700.0
US1CAVT0036,20240410,SNOW,0,,,N,700.0
US1CAVT0036,20240412,SNOW,0,,,N,700.0
US1CAVT0036,20240413,SNOW,0,,,N,700.0
US1CAVT0036,20240417,SNOW,0,,,N,700.0
US1CAVT0036,20240418,SNOW,0,,,N,700.0
US1CAVT0036,20240419,SNOW,0,,,N,700.0
US1CAVT0036,20240420,SNOW,0,,,N,700.0
US1CAVT0036,20240421,SNOW,0,,,N,700.0
US1CAVT0036,20240425,SNOW,0,,,N,700.0
US1CAVT0036,20240426,SNOW,0,,,N,700.0
US1CAVT0036,20240427,SNOW,0,,,N,700.0
US1CAVT0036,20240428,SNOW,0,,,N,700.0
US1CAVT0036,20240429,SNOW,0,,,N,700.0
US1CAVT0036,20240430,SNOW,0,,,N,700.0
US1CAVT0036,20240501,PRCP,0,,,N,700.0
US1CAVT0036,20240505,PRCP,13,,,N,700.0
US1CAVT0036,20240506,PRCP,0,,,N,700.0
US1CAVT0036,20240507,PRCP,0,,,N,700.0
US1CAVT0036,20240508,PRCP,0,,,N,700.0
US1CAVT0036,20240509,PRCP,0,,,N,700.0
US1CAVT0036,20240511,PRCP,0,T,,N,700.0
US1CAVT0036,20240512,PRCP,0,,,N,700.0
US1CAVT0036,20240513,PRCP,0,,,N,700.0
US1CAVT0036,20240514,PRCP,0,,,N,700.0
US1CAVT0036,20240515,PRCP,0,T,,N,700.0
US1CAVT0036,20240516,PRCP,0,,,N,700.0
US1CAVT0036,20240517,PRCP,0,,,N,700.0
US1CAVT0036,20240522,PRCP,0,,,N,700.0
US1CAVT0036,20240524,PRCP,0,T,,N,700.0
US1CAVT0036,20240525,PRCP,0,,,N,700.0
US1CAVT0036,20240526,PRCP,0,,,N,700.0
US1CAVT0036,20240527,PRCP,0,,,N,700.0
US1CAVT0036,20240528,PRCP,0,,,N,700.0
US1CAVT0036,20240529,PRCP,0,,,N,700.0
US1CAVT0036,20240530,PRCP,0,,,N,700.0
US1CAVT0036,20240531,PRCP,0,T,,N,700.0
US1CAVT0036,20240501,SNOW,0,,,N,700.0
US1CAVT0036,20240506,SNOW,0,,,N,700.0
US1CAVT0036,20240507,SNOW,0,,,N,700.0
US1CAVT0036,20240508,SNOW,0,,,N,700.0
US1CAVT0036,20240509,SNOW,0,,,N,700.0
US1CAVT0036,20240512,SNOW,0,,,N,700.0
US1CAVT0036,20240513,SNOW,0,,,N,700.0
US1CAVT0036,20240514,SNOW,0,,,N,700.0
US1CAVT0036,20240516,SNOW,0,,,N,700.0
US1CAVT0036,20240517,SNOW,0,,,N,700.0
US1CAVT0036,20240522,SNOW,0,,,N,700.0
US1CAVT0036,20240525,SNOW,0,,,N,700.0
US1CAVT0036,20240526,SNOW,0,,,N,700.0
US1CAVT0036,20240527,SNOW,0,,,N,700.0
US1CAVT0036,20240528,SNOW,0,,,N,700.0
US1CAVT0036,20240529,SNOW,0,,,N,700.0
US1CAVT0036,20240530,SNOW,0,,,N,700.0
US1CAVT0036,20240601,PRCP,0,T,,N,700.0
US1CAVT0036,20240602,PRCP,0,,,N,700.0
US1CAVT0036,20240603,PRCP,0,T,,N,700.0
US1CAVT0036,20240607,PRCP,0,,,N,700.0
US1CAVT0036,20240608,PRCP,0,T,,N,700.0
US1CAVT0036,20240609,PRCP,0,T,,N,700.0
US1CAVT0036,20240610,PRCP,0,,,N,700.0
US1CAVT0036,20240613,PRCP,0,,,N,700.0
US1CAVT0036,20240615,PRCP,0,,,N,700.0
US1CAVT0036,20240616,PRCP,0,,,N,700.0
US1CAVT0036,20240617,PRCP,0,,,N,700.0
US1CAVT0036,20240618,PRCP,0,,,N,700.0
US1CAVT0036,20240619,PRCP,0,,,N,700.0
US1CAVT0036,20240620,PRCP,0,,,N,700.0
US1CAVT0036,20240623,PRCP,0,,,N,700.0
US1CAVT0036,20240624,PRCP,0,,,N,700.0
US1CAVT0036,20240602,SNOW,0,,,N,700.0
US1CAVT0036,20240607,SNOW,0,,,N,700.0
US1CAVT0036,20240610,SNOW,0,,,N,700.0
US1CAVT0036,20240613,SNOW,0,,,N,700.0
US1CAVT0036,20240615,SNOW,0,,,N,700.0
US1CAVT0036,20240616,SNOW,0,,,N,700.0
US1CAVT0036,20240617,SNOW,0,,,N,700.0
US1CAVT0036,20240618,SNOW,0,,,N,700.0
US1CAVT0036,20240619,SNOW,0,,,N,700.0
US1CAVT0036,20240620,SNOW,0,,,N,700.0
US1CAVT0036,20240623,SNOW,0,,,N,700.0
US1CAVT0036,20240624,SNOW,0,,,N,700.0
US1CAVT0036,20240713,PRCP,0,T,,N,700.0
US1CAVT0036,20240714,PRCP,0,,,N,700.0
US1CAVT0036,20240715,PRCP,0,,,N,700.0
US1CAVT0036,20240716,PRCP,0,,,N,700.0
US1CAVT0036,20240717,PRCP,0,,,N,700.0
US1CAVT0036,20240718,PRCP,0,,,N,700.0
US1CAVT0036,20240724,PRCP,0,,,N,700.0
US1CAVT0036,20240725,PRCP,0,,,N,700.0
US1CAVT0036,20240726,PRCP,0,,,N,700.0
US1CAVT0036,20240727,PRCP,0,,,N,700.0
US1CAVT0036,20240728,PRCP,0,,,N,700.0
US1CAVT0036,20240729,PRCP,0,,,N,700.0
US1CAVT0036,20240730,PRCP,0,,,N,700.0
US1CAVT0036,20240731,PRCP,0,,,N,700.0
US1CAVT0036,20240714,SNOW,0,,,N,700.0
US1CAVT0036,20240715,SNOW,0,,,N,700.0
US1CAVT0036,20240716,SNOW,0,,,N,700.0
US1CAVT0036,20240717,SNOW,0,,,N,700.0
US1CAVT0036,20240718,SNOW,0,,,N,700.0
US1CAVT0036,20240724,SNOW,0,,,N,700.0
US1CAVT0036,20240725,SNOW,0,,,N,700.0
US1CAVT0036,20240726,SNOW,0,,,N,700.0
US1CAVT0036,20240727,SNOW,0,,,N,700.0
US1CAVT0036,20240728,SNOW,0,,,N,700.0
US1CAVT0036,20240729,SNOW,0,,,N,700.0
US1CAVT0036,20240730,SNOW,0,,,N,700.0
US1CAVT0036,20240731,SNOW,0,,,N,700.0
US1CAVT0036,20240801,PRCP,0,,,N,700.0
US1CAVT0036,20240802,PRCP,0,T,,N,700.0
US1CAVT0036,20240803,PRCP,0,,,N,700.0
US1CAVT0036,20240805,PRCP,0,,,N,700.0
US1CAVT0036,20240806,PRCP,0,,,N,700.0
US1CAVT0036,20240807,PRCP,0,,,N,700.0
US1CAVT0036,20240808,PRCP,0,,,N,700.0
US1CAVT0036,20240809,PRCP,0,,,N,700.0
US1CAVT0036,20240810,PRCP,0,,,N,700.0
US1CAVT0036,20240811,PRCP,0,,,N,700.0
US1CAVT0036,20240812,PRCP,0,,,N,700.0
US1CAVT0036,20240813,PRCP,0,,,N,700.0
US1CAVT0036,20240814,PRCP,0,,,N,700.0
US1CAVT0036,20240815,PRCP,0,,,N,700.0
US1CAVT0036,20240816,PRCP,0,,,N,700.0
US1CAVT0036,20240817,PRCP,0,,,N,700.0
US1CAVT0036,20240818,PRCP,0,,,N,700.0
US1CAVT0036,20240819,PRCP,0,,,N,700.0
US1CAVT0036,20240820,PRCP,0,,,N,700.0
US1CAVT0036,20240821,PRCP,0,,,N,700.0
US1CAVT0036,20240823,PRCP,0,,,N,700.0
US1CAVT0036,20240825,PRCP,0,,,N,700.0
US1CAVT0036,20240826,PRCP,0,,,N,700.0
US1CAVT0036,20240827,PRCP,0,,,N,700.0
US1CAVT0036,20240828,PRCP,0,,,N,700.0
US1CAVT0036,20240829,PRCP,0,,,N,700.0
US1CAVT0036,20240830,PRCP,0,,,N,700.0
US1CAVT0036,20240831,PRCP,0,,,N,700.0
US1CAVT0036,20240801,SNOW,0,,,N,700.0
US1CAVT0036,20240803,SNOW,0,,,N,700.0
US1CAVT0036,20240805,SNOW,0,,,N,700.0
US1CAVT0036,20240806,SNOW,0,,,N,700.0
US1CAVT0036,20240807,SNOW,0,,,N,700.0
US1CAVT0036,20240808,SNOW,0,,,N,700.0
US1CAVT0036,20240809,SNOW,0,,,N,700.0
US1CAVT0036,20240810,SNOW,0,,,N,700.0
US1CAVT0036,20240811,SNOW,0,,,N,700.0
US1CAVT0036,20240812,SNOW,0,,,N,700.0
US1CAVT0036,20240813,SNOW,0,,,N,700.0
US1CAVT0036,20240814,SNOW,0,,,N,700.0
US1CAVT0036,20240815,SNOW,0,,,N,700.0
US1CAVT0036,20240816,SNOW,0,,,N,700.0
US1CAVT0036,20240817,SNOW,0,,,N,700.0
US1CAVT0036,20240818,SNOW,0,,,N,700.0
US1CAVT0036,20240819,SNOW,0,,,N,700.0
US1CAVT0036,20240820,SNOW,0,,,N,700.0
US1CAVT0036,20240821,SNOW,0,,,N,700.0
US1CAVT0036,20240823,SNOW,0,,,N,700.0
US1CAVT0036,20240825,SNOW,0,,,N,700.0
US1CAVT0036,20240826,SNOW,0,,,N,700.0
US1CAVT0036,20240827,SNOW,0,,,N,700.0
US1CAVT0036,20240828,SNOW,0,,,N,700.0
US1CAVT0036,20240829,SNOW,0,,,N,700.0
US1CAVT0036,20240830,SNOW,0,,,N,700.0
US1CAVT0036,20240831,SNOW,0,,,N,700.0
US1CAVT0036,20240901,PRCP,0,,,N,700.0
US1CAVT0036,20240902,PRCP,0,,,N,700.0
US1CAVT0036,20240903,PRCP,0,,,N,700.0
US1CAVT0036,20240904,PRCP,0,,,N,700.0
US1CAVT0036,20240905,PRCP,0,,,N,700.0
US1CAVT0036,20240906,PRCP,0,,,N,700.0
US1CAVT0036,20240907,PRCP,0,,,N,700.0
US1CAVT0036,20240908,PRCP,0,,,N,700.0
US1CAVT0036,20240909,PRCP,0,,,N,700.0
US1CAVT0036,20240910,PRCP,0,,,N,700.0
US1CAVT0036,20240911,PRCP,0,,,N,700.0
US1CAVT0036,20240912,PRCP,0,,,N,700.0
US1CAVT0036,20240913,PRCP,0,,,N,700.0
US1CAVT0036,20240914,PRCP,0,,,N,700.0
US1CAVT0036,20240915,PRCP,0,,,N,700.0
US1CAVT0036,20240916,PRCP,0,,,N,700.0
US1CAVT0036,20240917,PRCP,0,,,N,700.0
US1CAVT0036,20240918,PRCP,0,,,N,700.0
US1CAVT0036,20240919,PRCP,0,,,N,700.0
US1CAVT0036,20240920,PRCP,0,,,N,700.0
US1CAVT0036,20240921,PRCP,0,T,,N,700.0
US1CAVT0036,20240922,PRCP,0,,,N,700.0
US1CAVT0036,20240923,PRCP,0,,,N,700.0
US1CAVT0036,20240925,PRCP,0,T,,N,700.0
US1CAVT0036,20240926,PRCP,0,,,N,700.0
US1CAVT0036,20240927,PRCP,0,,,N,700.0
US1CAVT0036,20240928,PRCP,0,,,N,700.0
US1CAVT0036,20240929,PRCP,0,T,,N,700.0
US1CAVT0036,20240901,SNOW,0,,,N,700.0
US1CAVT0036,20240902,SNOW,0,,,N,700.0
US1CAVT0036,20240903,SNOW,0,,,N,700.0
US1CAVT0036,20240904,SNOW,0,,,N,700.0
US1CAVT0036,20240905,SNOW,0,,,N,700.0
US1CAVT0036,20240906,SNOW,0,,,N,700.0
US1CAVT0036,20240907,SNOW,0,,,N,700.0
US1CAVT0036,20240908,SNOW,0,,,N,700.0
US1CAVT0036,20240909,SNOW,0,,,N,700.0
US1CAVT0036,20240910,SNOW,0,,,N,700.0
US1CAVT0036,20240911,SNOW,0,,,N,700.0
US1CAVT0036,20240912,SNOW,0,,,N,700.0
US1CAVT0036,20240913,SNOW,0,,,N,700.0
US1CAVT0036,20240914,SNOW,0,,,N,700.0
US1CAVT0036,20240915,SNOW,0,,,N,700.0
US1CAVT0036,20240916,SNOW,0,,,N,700.0
US1CAVT0036,20240917,SNOW,0,,,N,700.0
US1CAVT0036,20240918,SNOW,0,,,N,700.0
US1CAVT0036,20240919,SNOW,0,,,N,700.0
US1CAVT0036,20240920,SNOW,0,,,N,700.0
US1CAVT0036,20240922,SNOW,0,,,N,700.0
US1CAVT0036,20240923,SNOW,0,,,N,700.0
US1CAVT0036,20240926,SNOW,0,,,N,700.0
US1CAVT0036,20240927,SNOW,0,,,N,700.0
US1CAVT0036,20240928,SNOW,0,,,N,700.0
US1CAVT0036,20241001,PRCP,0,,,N,700.0
US1CAVT0036,20241002,PRCP,0,,,N,700.0
US1CAVT0036,20241003,PRCP,0,T,,N,700.0
US1CAVT0036,20241004,PRCP,0,,,N,700.0
US1CAVT0036,20241010,PRCP,0,,,N,700.0
US1CAVT0036,20241011,PRCP,0,,,N,700.0
US1CAVT0036,20241012,PRCP,0,,,N,700.0
US1CAVT0036,20241013,PRCP,0,,,N,700.0
US1CAVT0036,20241014,PRCP,0,,,N,700.0
US1CAVT0036,20241015,PRCP,0,,,N,700.0
US1CAVT0036,20241016,PRCP,0,,,N,700.0
US1CAVT0036,20241021,PRCP,0,,,N,700.0
US1CAVT0036,20241022,PRCP,0,,,N,700.0
US1CAVT0036,20241023,PRCP,0,,,N,700.0
US1CAVT0036,20241024,PRCP,0,,,N,700.0
US1CAVT0036,20241025,PRCP,0,,,N,700.0
US1CAVT0036,20241026,PRCP,0,,,N,700.0
US1CAVT0036,20241027,PRCP,0,,,N,700.0
US1CAVT0036,20241028,PRCP,0,,,N,700.0
US1CAVT0036,20241029,PRCP,0,,,N,700.0
US1CAVT0036,20241030,PRCP,0,,,N,700.0
US1CAVT0036,20241031,PRCP,0,,,N,700.0
US1CAVT0036,20241001,SNOW,0,,,N,700.0
US1CAVT0036,20241002,SNOW,0,,,N,700.0
US1CAVT0036,20241004,SNOW,0,,,N,700.0
US1CAVT0036,20241010,SNOW,0,,,N,700.0
US1CAVT0036,20241011,SNOW,0,,,N,700.0
US1CAVT0036,20241012,SNOW,0,,,N,700.0
US1CAVT0036,20241013,SNOW,0,,,N,700.0
US1CAVT0036,20241014,SNOW,0,,,N,700.0
US1CAVT0036,20241015,SNOW,0,,,N,700.0
US1CAVT0036,20241016,SNOW,0,,,N,700.0
US1CAVT0036,20241021,SNOW,0,,,N,700.0
US1CAVT0036,20241022,SNOW,0,,,N,700.0
US1CAVT0036,20241023,SNOW,0,,,N,700.0
US1CAVT0036,20241024,SNOW,0,,,N,700.0
US1CAVT0036,20241025,SNOW,0,,,N,700.0
US1CAVT0036,20241026,SNOW,0,,,N,700.0
US1CAVT0036,20241027,SNOW,0,,,N,700.0
US1CAVT0036,20241028,SNOW,0,,,N,700.0
US1CAVT0036,20241029,SNOW,0,,,N,700.0
US1CAVT0036,20241030,SNOW,0,,,N,700.0
US1CAVT0036,20241031,SNOW,0,,,N,700.0
US1CAVT0036,20241101,PRCP,0,,,N,700.0
US1CAVT0036,20241102,PRCP,0,,,N,700.0
US1CAVT0036,20241103,PRCP,3,,,N,700.0
US1CAVT0036,20241104,PRCP,0,,,N,700.0
US1CAVT0036,20241105,PRCP,0,,,N,700.0
US1CAVT0036,20241106,PRCP,0,,,N,700.0
US1CAVT0036,20241107,PRCP,0,,,N,700.0
US1CAVT0036,20241110,PRCP,0,,,N,700.0
US1CAVT0036,20241112,PRCP,0,,,N,700.0
US1CAVT0036,20241113,PRCP,0,,,N,700.0
US1CAVT0036,20241115,PRCP,0,,,N,700.0
US1CAVT0036,20241124,PRCP,74,,,N,700.0
US1CAVT0036,20241125,PRCP,0,,,N,700.0
US1CAVT0036,20241126,PRCP,0,,,N,700.0
US1CAVT0036,20241127,PRCP,53,,,N,700.0
US1CAVT0036,20241128,PRCP,0,,,N,700.0
US1CAVT0036,20241129,PRCP,0,,,N,700.0
US1CAVT0036,20241130,PRCP,0,,,N,700.0
US1CAVT0036,20241101,SNOW,0,,,N,700.0
US1CAVT0036,20241102,SNOW,0,,,N,700.0
US1CAVT0036,20241104,SNOW,0,,,N,700.0
US1CAVT0036,20241105,SNOW,0,,,N,700.0
US1CAVT0036,20241106,SNOW,0,,,N,700.0
US1CAVT0036,20241107,SNOW,0,,,N,700.0
US1CAVT0036,20241110,SNOW,0,,,N,700.0
US1CAVT0036,20241112,SNOW,0,,,N,700.0
US1CAVT0036,20241113,SNOW,0,,,N,700.0
US1CAVT0036,20241115,SNOW,0,,,N,700.0
US1CAVT0036,20241125,SNOW,0,,,N,700.0
US1CAVT0036,20241126,SNOW,0,,,N,700.0
US1CAVT0036,20241128,SNOW,0,,,N,700.0
US1CAVT0036,20241129,SNOW,0,,,N,700.0
US1CAVT0036,20241130,SNOW,0,,,N,700.0
US1CAVT0036,20241201,PRCP,0,,,N,700.0
US1CAVT0036,20241202,PRCP,0,,,N,700.0
US1CAVT0036,20241204,PRCP,0,,,N,700.0
US1CAVT0036,20241205,PRCP,0,,,N,700.0
US1CAVT0036,20241206,PRCP,0,,,N,700.0
US1CAVT0036,20241207,PRCP,0,,,N,700.0
US1CAVT0036,20241208,PRCP,0,,,N,700.0
US1CAVT0036,20241209,PRCP,0,,,N,700.0
US1CAVT0036,20241210,PRCP,0,,,N,700.0
US1CAVT0036,20241213,PRCP,0,,,N,700.0
US1CAVT0036,20241214,PRCP,0,,,N,700.0
US1CAVT0036,20241215,PRCP,0,T,,N,700.0
US1CAVT0036,20241217,PRCP,0,,,N,700.0
US1CAVT0036,20241218,PRCP,0,,,N,700.0
US1CAVT0036,20241219,PRCP,0,,,N,700.0
US1CAVT0036,20241221,PRCP,0,,,N,700.0
US1CAVT0036,20241222,PRCP,0,,,N,700.0
US1CAVT0036,20241223,PRCP,0,,,N,700.0
US1CAVT0036,20241224,PRCP,0,,,N,700.0
US1CAVT0036,20241225,PRCP,0,T,,N,700.0
US1CAVT0036,20241227,PRCP,0,,,N,700.0
US1CAVT0036,20241228,PRCP,0,T,,N,700.0
US1CAVT0036,20241229,PRCP,0,T,,N,700.0
US1CAVT0036,20241230,PRCP,0,T,,N,700.0
US1CAVT0036,20241231,PRCP,0,,,N,700.0
US1CAVT0036,20241201,SNOW,0,,,N,700.0
US1CAVT0036,20241202,SNOW,0,,,N,700.0
US1CAVT0036,20241204,SNOW,0,,,N,700.0
US1CAVT0036,20241205,SNOW,0,,,N,700.0
US1CAVT0036,20241206,SNOW,0,,,N,700.0
US1CAVT0036,20241207,SNOW,0,,,N,700.0
US1CAVT0036,20241208,SNOW,0,,,N,700.0
US1CAVT0036,20241209,SNOW,0,,,N,700.0
US1CAVT0036,20241210,SNOW,0,,,N,700.0
US1CAVT0036,20241213,SNOW,0,,,N,700.0
US1CAVT0036,20241214,SNOW,0,,,N,700.0
US1CAVT0036,20241217,SNOW,0,,,N,700.0
US1CAVT0036,20241218,SNOW,0,,,N,700.0
US1CAVT0036,20241219,SNOW,0,,,N,700.0
US1CAVT0036,20241221,SNOW,0,,,N,700.0
US1CAVT0036,20241222,SNOW,0,,,N,700.0
US1CAVT0036,20241223,SNOW,0,,,N,700.0
US1CAVT0036,20241224,SNOW,0,,,N,700.0
US1CAVT0036,20241227,SNOW,0,,,N,700.0
US1CAVT0036,20241231,SNOW,0,,,N,700.0
US1CAVT0036,20250101,PRCP,0,,,N,700.0
US1CAVT0036,20250102,PRCP,0,,,N,700.0
US1CAVT0036,20250103,PRCP,0,,,N,700.0
US1CAVT0036,20250104,PRCP,0,,,N,700.0
US1CAVT0036,20250105,PRCP,0,,,N,700.0
US1CAVT0036,20250106,PRCP,0,,,N,700.0
US1CAVT0036,20250107,PRCP,0,,,N,700.0
US1CAVT0036,20250108,PRCP,0,,,N,700.0
US1CAVT0036,20250109,PRCP,0,,,N,700.0
US1CAVT0036,20250110,PRCP,0,,,N,700.0
US1CAVT0036,20250111,PRCP,0,,,N,700.0
US1CAVT0036,20250112,PRCP,0,,,N,700.0
US1CAVT0036,20250113,PRCP,0,,,N,700.0
US1CAVT0036,20250114,PRCP,0,,,N,700.0
US1CAVT0036,20250115,PRCP,0,,,N,700.0
US1CAVT0036,20250116,PRCP,0,,,N,700.0
US1CAVT0036,20250117,PRCP,0,,,N,700.0
US1CAVT0036,20250126,PRCP,30,,,N,700.0
US1CAVT0036,20250127,PRCP,41,,,N,700.0
US1CAVT0036,20250129,PRCP,0,,,N,700.0
US1CAVT0036,20250131,PRCP,0,,,N,700.0
US1CAVT0036,20250101,SNOW,0,,,N,700.0
US1CAVT0036,20250102,SNOW,0,,,N,700.0
US1CAVT0036,20250103,SNOW,0,,,N,700.0
US1CAVT0036,20250104,SNOW,0,,,N,700.0
US1CAVT0036,20250105,SNOW,0,,,N,700.0
US1CAVT0036,20250106,SNOW,0,,,N,700.0
US1CAVT0036,20250107,SNOW,0,,,N,700.0
US1CAVT0036,20250108,SNOW,0,,,N,700.0
US1CAVT0036,20250109,SNOW,0,,,N,700.0
US1CAVT0036,20250110,SNOW,0,,,N,700.0
US1CAVT0036,20250111,SNOW,0,,,N,700.0
US1CAVT0036,20250112,SNOW,0,,,N,700.0
US1CAVT0036,20250113,SNOW,0,,,N,700.0
US1CAVT0036,20250114,SNOW,0,,,N,700.0
US1CAVT0036,20250115,SNOW,0,,,N,700.0
US1CAVT0036,20250116,SNOW,0,,,N,700.0
US1CAVT0036,20250117,SNOW,0,,,N,700.0
US1CAVT0036,20250129,SNOW,0,,,N,700.0
US1CAVT0036,20250131,SNOW,0,,,N,700.0
US1CAVT0036,20250201,PRCP,0,,,N,700.0
US1CAVT0036,20250202,PRCP,0,,,N,700.0
US1CAVT0036,20250203,PRCP,0,,,N,700.0
US1CAVT0036,20250206,PRCP,66,,,N,700.0
US1CAVT0036,20250207,PRCP,279,,,N,700.0
US1CAVT0036,20250208,PRCP,0,,,N,700.0
US1CAVT0036,20250209,PRCP,0,,,N,700.0
US1CAVT0036,20250210,PRCP,0,,,N,700.0
US1CAVT0036,20250211,PRCP,0,,,N,700.0
US1CAVT0036,20250212,PRCP,20,,,N,700.0
US1CAVT0036,20250213,PRCP,135,,,N,700.0
US1CAVT0036,20250214,PRCP,180,,,N,700.0
US1CAVT0036,20250216,PRCP,0,,,N,700.0
US1CAVT0036,20250217,PRCP,0,,,N,700.0
US1CAVT0036,20250218,PRCP,0,,,N,700.0
US1CAVT0036,20250219,PRCP,0,,,N,700.0
US1CAVT0036,20250220,PRCP,0,,,N,700.0
US1CAVT0036,20250221,PRCP,0,,,N,700.0
US1CAVT0036,20250222,PRCP,0,,,N,
US1CAVT0036,20250201,SNOW,0,,,N,700.0
US1CAVT0036,20250202,SNOW,0,,,N,700.0
US1CAVT0036,20250203,SNOW,0,,,N,700.0
US1CAVT0036,20250208,SNOW,0,,,N,700.0
US1CAVT0036,20250209,SNOW,0,,,N,700.0
US1CAVT0036,20250210,SNOW,0,,,N,700.0
US1CAVT0036,20250211,SNOW,0,,,N,700.0
US1CAVT0036,20250216,SNOW,0,,,N,700.0
US1CAVT0036,20250217,SNOW,0,,,N,700.0
US1CAVT0036,20250218,SNOW,0,,,N,700.0
US1CAVT0036,20250219,SNOW,0,,,N,700.0
US1CAVT0036,20250220,SNOW,0,,,N,700.0
US1CAVT0036,20250221,SNOW,0,,,N,700.0
US1CAVT0036,20250222,SNOW,0,,,N,
