US1CAHM0020,20090322,PRCP,99,Unnamed: 4,Unnamed: 5,N,0001
US1CAHM0020,20090323,PRCP,170,,,N,1
US1CAHM0020,20090324,PRCP,0,,,N,1
US1CAHM0020,20090325,PRCP,0,,,N,1
US1CAHM0020,20090326,PRCP,8,,,N,1
US1CAHM0020,20090327,PRCP,0,,,N,1
US1CAHM0020,20090328,PRCP,3,,,N,1
US1CAHM0020,20090329,PRCP,10,,,N,1
US1CAHM0020,20090330,PRCP,0,,,N,1
US1CAHM0020,20090324,SNOW,0,,,N,1
US1CAHM0020,20090325,SNOW,0,,,N,1
US1CAHM0020,20090327,SNOW,0,,,N,1
US1CAHM0020,20090330,SNOW,0,,,N,1
US1CAHM0020,20090401,PRCP,0,,,N,1
US1CAHM0020,20090402,PRCP,0,,,N,1
US1CAHM0020,20090403,PRCP,51,,,N,1
US1CAHM0020,20090404,PRCP,10,,,N,1
US1CAHM0020,20090405,PRCP,0,,,N,1
US1CAHM0020,20090406,PRCP,0,,,N,1
US1CAHM0020,20090407,PRCP,0,,,N,1
US1CAHM0020,20090408,PRCP,0,,,N,620
US1CAHM0020,20090409,PRCP,10,,,N,620
US1CAHM0020,20090410,PRCP,89,,,N,620
US1CAHM0020,20090411,PRCP,20,,,N,620
US1CAHM0020,20090412,PRCP,8,,,N,620
US1CAHM0020,20090413,PRCP,20,,,N,620
US1CAHM0020,20090414,PRCP,8,,,N,620
US1CAHM0020,20090415,PRCP,5,,,N,620
US1CAHM0020,20090416,PRCP,0,,,N,620
US1CAHM0020,20090417,PRCP,0,,,N,620
US1CAHM0020,20090418,PRCP,0,,,N,620
US1CAHM0020,20090419,PRCP,0,,,N,620
US1CAHM0020,20090421,PRCP,0,,,N,620
US1CAHM0020,20090422,PRCP,0,,,N,620
US1CAHM0020,20090425,PRCP,0,,,N,620
US1CAHM0020,20090426,PRCP,0,,,N,620
US1CAHM0020,20090428,PRCP,0,,,N,620
US1CAHM0020,20090401,SNOW,0,,,N,1
US1CAHM0020,20090402,SNOW,0,,,N,1
US1CAHM0020,20090405,SNOW,0,,,N,1
US1CAHM0020,20090406,SNOW,0,,,N,1
US1CAHM0020,20090407,SNOW,0,,,N,1
US1CAHM0020,20090408,SNOW,0,,,N,620
US1CAHM0020,20090416,SNOW,0,,,N,620
US1CAHM0020,20090417,SNOW,0,,,N,620
US1CAHM0020,20090418,SNOW,0,,,N,620
US1CAHM0020,20090419,SNOW,0,,,N,620
US1CAHM0020,20090421,SNOW,0,,,N,620
US1CAHM0020,20090422,SNOW,0,,,N,620
US1CAHM0020,20090425,SNOW,0,,,N,620
US1CAHM0020,20090426,SNOW,0,,,N,620
US1CAHM0020,20090428,SNOW,0,,,N,620
US1CAHM0020,20090501,PRCP,51,,,N,620
US1CAHM0020,20090502,PRCP,61,,,N,620
US1CAHM0020,20090503,PRCP,71,,,N,620
US1CAHM0020,20090505,PRCP,290,,,N,620
US1CAHM0020,20090506,PRCP,0,,,N,620
US1CAHM0020,20090507,PRCP,0,,,N,620
US1CAHM0020,20090511,PRCP,0,,,N,620
US1CAHM0020,20090512,PRCP,0,,,N,620
US1CAHM0020,20090513,PRCP,0,,,N,620
US1CAHM0020,20090515,PRCP,3,,,N,620
US1CAHM0020,20090518,PRCP,0,,,N,620
US1CAHM0020,20090519,PRCP,0,,,N,620
US1CAHM0020,20090520,PRCP,0,,,N,620
US1CAHM0020,20090529,PRCP,0,,,N,620
US1CAHM0020,20090530,PRCP,0,,,N,620
US1CAHM0020,20090531,PRCP,0,,,N,620
US1CAHM0020,20090506,SNOW,0,,,N,620
US1CAHM0020,20090507,SNOW,0,,,N,620
US1CAHM0020,20090511,SNOW,0,,,N,620
US1CAHM0020,20090512,SNOW,0,,,N,620
US1CAHM0020,20090513,SNOW,0,,,N,620
US1CAHM0020,20090518,SNOW,0,,,N,620
US1CAHM0020,20090519,SNOW,0,,,N,620
US1CAHM0020,20090520,SNOW,0,,,N,620
US1CAHM0020,20090529,SNOW,0,,,N,620
US1CAHM0020,20090530,SNOW,0,,,N,620
US1CAHM0020,20090531,SNOW,0,,,N,620
US1CAHM0020,20090601,PRCP,0,,,N,620
US1CAHM0020,20090602,PRCP,0,,,N,620
US1CAHM0020,20090604,PRCP,5,,,N,620
US1CAHM0020,20090605,PRCP,0,,,N,1
US1CAHM0020,20090606,PRCP,0,,,N,1
US1CAHM0020,20090608,PRCP,0,,,N,620
US1CAHM0020,20090609,PRCP,0,,,N,620
US1CAHM0020,20090610,PRCP,0,,,N,620
US1CAHM0020,20090611,PRCP,0,,,N,620
US1CAHM0020,20090612,PRCP,0,,,N,620
US1CAHM0020,20090613,PRCP,0,,,N,620
US1CAHM0020,20090614,PRCP,0,,,N,620
US1CAHM0020,20090615,PRCP,0,,,N,620
US1CAHM0020,20090616,PRCP,0,,,N,620
US1CAHM0020,20090617,PRCP,0,,,N,620
US1CAHM0020,20090618,PRCP,3,,,N,620
US1CAHM0020,20090619,PRCP,3,,,N,620
US1CAHM0020,20090620,PRCP,5,,,N,620
US1CAHM0020,20090621,PRCP,0,,,N,620
US1CAHM0020,20090622,PRCP,0,,,N,620
US1CAHM0020,20090623,PRCP,0,,,N,620
US1CAHM0020,20090626,PRCP,0,,,N,620
US1CAHM0020,20090627,PRCP,0,,,N,620
US1CAHM0020,20090628,PRCP,0,,,N,620
US1CAHM0020,20090629,PRCP,0,,,N,620
US1CAHM0020,20090630,PRCP,0,,,N,620
US1CAHM0020,20090601,SNOW,0,,,N,620
US1CAHM0020,20090602,SNOW,0,,,N,620
US1CAHM0020,20090605,SNOW,0,,,N,1
US1CAHM0020,20090606,SNOW,0,,,N,1
US1CAHM0020,20090608,SNOW,0,,,N,620
US1CAHM0020,20090609,SNOW,0,,,N,620
US1CAHM0020,20090610,SNOW,0,,,N,620
US1CAHM0020,20090611,SNOW,0,,,N,620
US1CAHM0020,20090612,SNOW,0,,,N,620
US1CAHM0020,20090613,SNOW,0,,,N,620
US1CAHM0020,20090614,SNOW,0,,,N,620
US1CAHM0020,20090615,SNOW,0,,,N,620
US1CAHM0020,20090616,SNOW,0,,,N,620
US1CAHM0020,20090617,SNOW,0,,,N,620
US1CAHM0020,20090621,SNOW,0,,,N,620
US1CAHM0020,20090622,SNOW,0,,,N,620
US1CAHM0020,20090623,SNOW,0,,,N,620
US1CAHM0020,20090626,SNOW,0,,,N,620
US1CAHM0020,20090627,SNOW,0,,,N,620
US1CAHM0020,20090628,SNOW,0,,,N,620
US1CAHM0020,20090629,SNOW,0,,,N,620
US1CAHM0020,20090630,SNOW,0,,,N,620
US1CAHM0020,20090701,PRCP,0,,,N,620
US1CAHM0020,20090703,PRCP,0,,,N,620
US1CAHM0020,20090705,PRCP,0,,,N,620
US1CAHM0020,20090706,PRCP,0,,,N,620
US1CAHM0020,20090707,PRCP,0,,,N,620
US1CAHM0020,20090708,PRCP,0,,,N,620
US1CAHM0020,20090709,PRCP,0,,,N,620
US1CAHM0020,20090710,PRCP,0,,,N,620
US1CAHM0020,20090712,PRCP,20,,,N,620
US1CAHM0020,20090715,PRCP,0,,,N,620
US1CAHM0020,20090717,PRCP,0,,,N,620
US1CAHM0020,20090718,PRCP,0,,,N,620
US1CAHM0020,20090722,PRCP,0,,,N,620
US1CAHM0020,20090723,PRCP,0,,,N,620
US1CAHM0020,20090725,PRCP,0,,,N,620
US1CAHM0020,20090726,PRCP,0,,,N,620
US1CAHM0020,20090727,PRCP,0,,,N,620
US1CAHM0020,20090728,PRCP,0,,,N,620
US1CAHM0020,20090730,PRCP,0,,,N,620
US1CAHM0020,20090731,PRCP,0,,,N,620
US1CAHM0020,20090701,SNOW,0,,,N,620
US1CAHM0020,20090703,SNOW,0,,,N,620
US1CAHM0020,20090705,SNOW,0,,,N,620
US1CAHM0020,20090706,SNOW,0,,,N,620
US1CAHM0020,20090707,SNOW,0,,,N,620
US1CAHM0020,20090708,SNOW,0,,,N,620
US1CAHM0020,20090709,SNOW,0,,,N,620
US1CAHM0020,20090710,SNOW,0,,,N,620
US1CAHM0020,20090715,SNOW,0,,,N,620
US1CAHM0020,20090717,SNOW,0,,,N,620
US1CAHM0020,20090718,SNOW,0,,,N,620
US1CAHM0020,20090722,SNOW,0,,,N,620
US1CAHM0020,20090723,SNOW,0,,,N,620
US1CAHM0020,20090725,SNOW,0,,,N,620
US1CAHM0020,20090726,SNOW,0,,,N,620
US1CAHM0020,20090727,SNOW,0,,,N,620
US1CAHM0020,20090728,SNOW,0,,,N,620
US1CAHM0020,20090730,SNOW,0,,,N,620
US1CAHM0020,20090731,SNOW,0,,,N,620
US1CAHM0020,20090802,PRCP,0,,,N,620
US1CAHM0020,20090804,PRCP,0,,,N,620
US1CAHM0020,20090806,PRCP,3,,,N,620
US1CAHM0020,20090807,PRCP,0,,,N,620
US1CAHM0020,20090809,PRCP,0,,,N,620
US1CAHM0020,20090812,PRCP,0,,,N,620
US1CAHM0020,20090813,PRCP,0,,,N,620
US1CAHM0020,20090815,PRCP,0,,,N,620
US1CAHM0020,20090816,PRCP,0,,,N,620
US1CAHM0020,20090817,PRCP,0,,,N,515
US1CAHM0020,20090818,PRCP,0,,,N,620
US1CAHM0020,20090820,PRCP,0,,,N,620
US1CAHM0020,20090821,PRCP,0,,,N,620
US1CAHM0020,20090824,PRCP,0,,,N,515
US1CAHM0020,20090825,PRCP,0,,,N,620
US1CAHM0020,20090826,PRCP,0,,,N,620
US1CAHM0020,20090802,SNOW,0,,,N,620
US1CAHM0020,20090804,SNOW,0,,,N,620
US1CAHM0020,20090807,SNOW,0,,,N,620
US1CAHM0020,20090809,SNOW,0,,,N,620
US1CAHM0020,20090812,SNOW,0,,,N,620
US1CAHM0020,20090813,SNOW,0,,,N,620
US1CAHM0020,20090815,SNOW,0,,,N,620
US1CAHM0020,20090816,SNOW,0,,,N,620
US1CAHM0020,20090817,SNOW,0,,,N,515
US1CAHM0020,20090818,SNOW,0,,,N,620
US1CAHM0020,20090820,SNOW,0,,,N,620
US1CAHM0020,20090821,SNOW,0,,,N,620
US1CAHM0020,20090824,SNOW,0,,,N,515
US1CAHM0020,20090825,SNOW,0,,,N,620
US1CAHM0020,20090826,SNOW,0,,,N,620
US1CAHM0020,20090901,PRCP,0,,,N,620
US1CAHM0020,20090902,PRCP,0,,,N,620
US1CAHM0020,20090903,PRCP,0,,,N,620
US1CAHM0020,20090906,PRCP,0,,,N,515
US1CAHM0020,20090908,PRCP,0,,,N,620
US1CAHM0020,20090909,PRCP,0,,,N,620
US1CAHM0020,20090910,PRCP,0,,,N,620
US1CAHM0020,20090911,PRCP,0,,,N,620
US1CAHM0020,20090913,PRCP,0,,,N,620
US1CAHM0020,20090914,PRCP,170,,,N,620
US1CAHM0020,20090915,PRCP,0,,,N,620
US1CAHM0020,20090916,PRCP,0,,,N,620
US1CAHM0020,20090917,PRCP,0,,,N,620
US1CAHM0020,20090918,PRCP,0,,,N,620
US1CAHM0020,20090919,PRCP,0,,,N,620
US1CAHM0020,20090920,PRCP,0,,,N,620
US1CAHM0020,20090921,PRCP,0,,,N,620
US1CAHM0020,20090922,PRCP,0,,,N,620
US1CAHM0020,20090923,PRCP,0,,,N,620
US1CAHM0020,20090926,PRCP,0,,,N,620
US1CAHM0020,20090929,PRCP,0,,,N,620
US1CAHM0020,20090930,PRCP,0,,,N,620
US1CAHM0020,20090901,SNOW,0,,,N,620
US1CAHM0020,20090902,SNOW,0,,,N,620
US1CAHM0020,20090903,SNOW,0,,,N,620
US1CAHM0020,20090906,SNOW,0,,,N,515
US1CAHM0020,20090908,SNOW,0,,,N,620
US1CAHM0020,20090909,SNOW,0,,,N,620
US1CAHM0020,20090910,SNOW,0,,,N,620
US1CAHM0020,20090911,SNOW,0,,,N,620
US1CAHM0020,20090913,SNOW,0,,,N,620
US1CAHM0020,20090915,SNOW,0,,,N,620
US1CAHM0020,20090916,SNOW,0,,,N,620
US1CAHM0020,20090917,SNOW,0,,,N,620
US1CAHM0020,20090918,SNOW,0,,,N,620
US1CAHM0020,20090919,SNOW,0,,,N,620
US1CAHM0020,20090920,SNOW,0,,,N,620
US1CAHM0020,20090921,SNOW,0,,,N,620
US1CAHM0020,20090922,SNOW,0,,,N,620
US1CAHM0020,20090923,SNOW,0,,,N,620
US1CAHM0020,20090926,SNOW,0,,,N,620
US1CAHM0020,20090929,SNOW,0,,,N,620
US1CAHM0020,20090930,SNOW,0,,,N,620
US1CAHM0020,20091001,PRCP,0,,,N,620
US1CAHM0020,20091002,PRCP,0,,,N,620
US1CAHM0020,20091003,PRCP,0,,,N,620
US1CAHM0020,20091006,PRCP,0,,,N,620
US1CAHM0020,20091007,PRCP,0,,,N,620
US1CAHM0020,20091008,PRCP,0,,,N,620
US1CAHM0020,20091009,PRCP,0,,,N,620
US1CAHM0020,20091010,PRCP,0,,,N,620
US1CAHM0020,20091011,PRCP,0,,,N,620
US1CAHM0020,20091013,PRCP,89,,,N,620
US1CAHM0020,20091014,PRCP,292,,,N,620
US1CAHM0020,20091016,PRCP,0,,,N,620
US1CAHM0020,20091018,PRCP,10,,,N,515
US1CAHM0020,20091019,PRCP,20,,,N,602
US1CAHM0020,20091020,PRCP,5,,,N,620
US1CAHM0020,20091021,PRCP,0,,,N,620
US1CAHM0020,20091022,PRCP,0,,,N,620
US1CAHM0020,20091023,PRCP,0,,,N,620
US1CAHM0020,20091026,PRCP,0,,,N,620
US1CAHM0020,20091027,PRCP,30,,,N,620
US1CAHM0020,20091028,PRCP,0,,,N,620
US1CAHM0020,20091030,PRCP,3,,,N,620
US1CAHM0020,20091001,SNOW,0,,,N,620
US1CAHM0020,20091002,SNOW,0,,,N,620
US1CAHM0020,20091003,SNOW,0,,,N,620
US1CAHM0020,20091006,SNOW,0,,,N,620
US1CAHM0020,20091007,SNOW,0,,,N,620
US1CAHM0020,20091008,SNOW,0,,,N,620
US1CAHM0020,20091009,SNOW,0,,,N,620
US1CAHM0020,20091010,SNOW,0,,,N,620
US1CAHM0020,20091011,SNOW,0,,,N,620
US1CAHM0020,20091016,SNOW,0,,,N,620
US1CAHM0020,20091021,SNOW,0,,,N,620
US1CAHM0020,20091022,SNOW,0,,,N,620
US1CAHM0020,20091023,SNOW,0,,,N,620
US1CAHM0020,20091026,SNOW,0,,,N,620
US1CAHM0020,20091028,SNOW,0,,,N,620
US1CAHM0020,20091103,PRCP,0,,,N,620
US1CAHM0020,20091104,PRCP,0,,,N,620
US1CAHM0020,20091105,PRCP,0,,,N,620
US1CAHM0020,20091106,PRCP,81,,,N,620
US1CAHM0020,20091108,PRCP,10,,,N,620
US1CAHM0020,20091110,PRCP,10,,,N,620
US1CAHM0020,20091111,PRCP,0,,,N,620
US1CAHM0020,20091112,PRCP,8,,,N,620
US1CAHM0020,20091113,PRCP,0,,,N,620
US1CAHM0020,20091114,PRCP,5,,,N,620
US1CAHM0020,20091117,PRCP,10,,,N,620
US1CAHM0020,20091118,PRCP,211,,,N,620
US1CAHM0020,20091119,PRCP,0,,,N,620
US1CAHM0020,20091120,PRCP,109,,,N,655
US1CAHM0020,20091121,PRCP,351,,,N,620
US1CAHM0020,20091122,PRCP,30,,,N,620
US1CAHM0020,20091124,PRCP,0,,,N,620
US1CAHM0020,20091125,PRCP,0,,,N,620
US1CAHM0020,20091127,PRCP,61,,,N,620
US1CAHM0020,20091103,SNOW,0,,,N,620
US1CAHM0020,20091104,SNOW,0,,,N,620
US1CAHM0020,20091105,SNOW,0,,,N,620
US1CAHM0020,20091111,SNOW,0,,,N,620
US1CAHM0020,20091113,SNOW,0,,,N,620
US1CAHM0020,20091119,SNOW,0,,,N,620
US1CAHM0020,20091124,SNOW,0,,,N,620
US1CAHM0020,20091125,SNOW,0,,,N,620
US1CAHM0020,20091201,PRCP,0,,,N,620
US1CAHM0020,20091202,PRCP,0,,,N,620
US1CAHM0020,20091203,PRCP,0,,,N,620
US1CAHM0020,20091204,PRCP,0,,,N,620
US1CAHM0020,20091205,PRCP,0,,,N,620
US1CAHM0020,20091207,PRCP,3,,,N,620
US1CAHM0020,20091208,PRCP,0,,,N,620
US1CAHM0020,20091209,PRCP,0,,,N,620
US1CAHM0020,20091210,PRCP,0,,,N,620
US1CAHM0020,20091211,PRCP,30,,,N,620
US1CAHM0020,20091212,PRCP,10,,,N,620
US1CAHM0020,20091215,PRCP,10,,,N,620
US1CAHM0020,20091216,PRCP,340,,,N,620
US1CAHM0020,20091217,PRCP,0,,,N,620
US1CAHM0020,20091218,PRCP,8,,,N,620
US1CAHM0020,20091221,PRCP,61,,,N,620
US1CAHM0020,20091222,PRCP,150,,,N,620
US1CAHM0020,20091223,PRCP,0,,,N,620
US1CAHM0020,20091227,PRCP,61,,,N,620
US1CAHM0020,20091230,PRCP,10,,,N,620
US1CAHM0020,20091231,PRCP,10,,,N,620
US1CAHM0020,20091201,SNOW,0,,,N,620
US1CAHM0020,20091202,SNOW,0,,,N,620
US1CAHM0020,20091203,SNOW,0,,,N,620
US1CAHM0020,20091204,SNOW,0,,,N,620
US1CAHM0020,20091205,SNOW,0,,,N,620
US1CAHM0020,20091208,SNOW,0,,,N,620
US1CAHM0020,20091209,SNOW,0,,,N,620
US1CAHM0020,20091210,SNOW,0,,,N,620
US1CAHM0020,20091217,SNOW,0,,,N,620
US1CAHM0020,20091223,SNOW,0,,,N,620
US1CAHM0020,20100102,PRCP,81,,,N,620
US1CAHM0020,20100103,PRCP,0,,,N,620
US1CAHM0020,20100105,PRCP,0,,,N,620
US1CAHM0020,20100112,PRCP,178,,,N,620
US1CAHM0020,20100113,PRCP,251,,,N,620
US1CAHM0020,20100117,PRCP,0,,,N,620
US1CAHM0020,20100118,PRCP,130,,,N,602
US1CAHM0020,20100120,PRCP,320,,,N,620
US1CAHM0020,20100121,PRCP,251,,,N,655
US1CAHM0020,20100122,PRCP,48,,,N,620
US1CAHM0020,20100126,PRCP,71,,,N,620
US1CAHM0020,20100127,PRCP,0,,,N,620
US1CAHM0020,20100128,PRCP,0,,,N,620
US1CAHM0020,20100129,PRCP,0,,,N,620
US1CAHM0020,20100103,SNOW,0,,,N,620
US1CAHM0020,20100105,SNOW,0,,,N,620
US1CAHM0020,20100117,SNOW,0,,,N,620
US1CAHM0020,20100127,SNOW,0,,,N,620
US1CAHM0020,20100128,SNOW,0,,,N,620
US1CAHM0020,20100129,SNOW,0,,,N,620
US1CAHM0020,20100201,PRCP,10,,,N,615
US1CAHM0020,20100202,PRCP,5,,,N,620
US1CAHM0020,20100203,PRCP,41,,,N,620
US1CAHM0020,20100204,PRCP,3,,,N,620
US1CAHM0020,20100205,PRCP,160,,,N,620
US1CAHM0020,20100206,PRCP,33,,,N,620
US1CAHM0020,20100207,PRCP,86,,,N,620
US1CAHM0020,20100209,PRCP,3,,,N,620
US1CAHM0020,20100210,PRCP,0,,,N,620
US1CAHM0020,20100211,PRCP,30,,,N,620
US1CAHM0020,20100213,PRCP,3,,,N,620
US1CAHM0020,20100214,PRCP,3,,,N,620
US1CAHM0020,20100216,PRCP,0,,,N,620
US1CAHM0020,20100218,PRCP,0,,,N,620
US1CAHM0020,20100219,PRCP,0,,,N,620
US1CAHM0020,20100220,PRCP,0,,,N,620
US1CAHM0020,20100222,PRCP,0,,,N,602
US1CAHM0020,20100223,PRCP,0,,,N,620
US1CAHM0020,20100224,PRCP,170,,,N,620
US1CAHM0020,20100226,PRCP,145,,,N,1
US1CAHM0020,20100227,PRCP,371,,,N,620
US1CAHM0020,20100210,SNOW,0,,,N,620
US1CAHM0020,20100216,SNOW,0,,,N,620
US1CAHM0020,20100218,SNOW,0,,,N,620
US1CAHM0020,20100219,SNOW,0,,,N,620
US1CAHM0020,20100220,SNOW,0,,,N,620
US1CAHM0020,20100222,SNOW,0,,,N,602
US1CAHM0020,20100223,SNOW,0,,,N,620
US1CAHM0020,20100302,PRCP,157,,,N,620
US1CAHM0020,20100303,PRCP,198,,,N,620
US1CAHM0020,20100304,PRCP,84,,,N,620
US1CAHM0020,20100305,PRCP,0,,,N,620
US1CAHM0020,20100308,PRCP,61,,,N,620
US1CAHM0020,20100310,PRCP,81,,,N,620
US1CAHM0020,20100311,PRCP,0,,,N,620
US1CAHM0020,20100312,PRCP,20,,,N,1
US1CAHM0020,20100313,PRCP,211,,,N,620
US1CAHM0020,20100314,PRCP,0,,,N,620
US1CAHM0020,20100315,PRCP,0,,,N,620
US1CAHM0020,20100316,PRCP,0,,,N,620
US1CAHM0020,20100317,PRCP,5,,,N,620
US1CAHM0020,20100318,PRCP,0,,,N,620
US1CAHM0020,20100319,PRCP,0,,,N,620
US1CAHM0020,20100321,PRCP,10,,,N,620
US1CAHM0020,20100324,PRCP,0,,,N,620
US1CAHM0020,20100325,PRCP,91,,,N,620
US1CAHM0020,20100326,PRCP,51,,,N,620
US1CAHM0020,20100329,PRCP,10,,,N,545
US1CAHM0020,20100330,PRCP,81,,,N,610
US1CAHM0020,20100331,PRCP,150,,,N,620
US1CAHM0020,20100305,SNOW,0,,,N,620
US1CAHM0020,20100311,SNOW,0,,,N,620
US1CAHM0020,20100314,SNOW,0,,,N,620
US1CAHM0020,20100315,SNOW,0,,,N,620
US1CAHM0020,20100316,SNOW,0,,,N,620
US1CAHM0020,20100318,SNOW,0,,,N,620
US1CAHM0020,20100319,SNOW,0,,,N,620
US1CAHM0020,20100324,SNOW,0,,,N,620
US1CAHM0020,20100401,PRCP,10,,,N,620
US1CAHM0020,20100402,PRCP,8,,,N,620
US1CAHM0020,20100405,PRCP,241,,,N,602
US1CAHM0020,20100407,PRCP,10,,,N,620
US1CAHM0020,20100409,PRCP,0,,,N,620
US1CAHM0020,20100412,PRCP,130,,,N,620
US1CAHM0020,20100413,PRCP,71,,,N,620
US1CAHM0020,20100414,PRCP,10,,,N,620
US1CAHM0020,20100415,PRCP,69,,,N,620
US1CAHM0020,20100416,PRCP,0,,,N,620
US1CAHM0020,20100421,PRCP,122,,,N,620
US1CAHM0020,20100422,PRCP,10,,,N,620
US1CAHM0020,20100423,PRCP,0,,,N,620
US1CAHM0020,20100426,PRCP,0,,,N,620
US1CAHM0020,20100427,PRCP,229,,,N,600
US1CAHM0020,20100428,PRCP,130,,,N,620
US1CAHM0020,20100429,PRCP,79,,,N,1
US1CAHM0020,20100430,PRCP,30,,,N,620
US1CAHM0020,20100409,SNOW,0,,,N,620
US1CAHM0020,20100416,SNOW,0,,,N,620
US1CAHM0020,20100423,SNOW,0,,,N,620
US1CAHM0020,20100426,SNOW,0,,,N,620
US1CAHM0020,20100506,PRCP,0,,,N,620
US1CAHM0020,20100507,PRCP,0,,,N,620
US1CAHM0020,20100510,PRCP,20,,,N,620
US1CAHM0020,20100520,PRCP,5,,,N,620
US1CAHM0020,20100521,PRCP,3,,,N,620
US1CAHM0020,20100526,PRCP,135,,,N,620
US1CAHM0020,20100506,SNOW,0,,,N,620
US1CAHM0020,20100507,SNOW,0,,,N,620
US1CAHM0020,20100602,PRCP,0,,,N,620
US1CAHM0020,20100603,PRCP,249,,,N,620
US1CAHM0020,20100604,PRCP,226,,,N,1
US1CAHM0020,20100606,PRCP,0,,,N,620
US1CAHM0020,20100615,PRCP,0,,,N,620
US1CAHM0020,20100616,PRCP,0,,,N,620
US1CAHM0020,20100623,PRCP,0,,,N,620
US1CAHM0020,20100629,PRCP,0,,,N,620
US1CAHM0020,20100602,SNOW,0,,,N,620
US1CAHM0020,20100606,SNOW,0,,,N,620
US1CAHM0020,20100615,SNOW,0,,,N,620
US1CAHM0020,20100616,SNOW,0,,,N,620
US1CAHM0020,20100623,SNOW,0,,,N,620
US1CAHM0020,20100629,SNOW,0,,,N,620
US1CAHM0020,20100702,PRCP,0,,,N,620
US1CAHM0020,20100704,PRCP,0,,,N,620
US1CAHM0020,20100705,PRCP,0,,,N,620
US1CAHM0020,20100709,PRCP,0,,,N,620
US1CAHM0020,20100710,PRCP,0,,,N,620
US1CAHM0020,20100713,PRCP,0,,,N,620
US1CAHM0020,20100714,PRCP,0,,,N,620
US1CAHM0020,20100715,PRCP,0,,,N,620
US1CAHM0020,20100719,PRCP,0,,,N,600
US1CAHM0020,20100721,PRCP,0,,,N,620
US1CAHM0020,20100722,PRCP,0,,,N,620
US1CAHM0020,20100725,PRCP,0,,,N,620
US1CAHM0020,20100731,PRCP,8,,,N,1
US1CAHM0020,20100702,SNOW,0,,,N,620
US1CAHM0020,20100704,SNOW,0,,,N,620
US1CAHM0020,20100705,SNOW,0,,,N,620
US1CAHM0020,20100709,SNOW,0,,,N,620
US1CAHM0020,20100710,SNOW,0,,,N,620
US1CAHM0020,20100713,SNOW,0,,,N,620
US1CAHM0020,20100714,SNOW,0,,,N,620
US1CAHM0020,20100715,SNOW,0,,,N,620
US1CAHM0020,20100719,SNOW,0,,,N,600
US1CAHM0020,20100721,SNOW,0,,,N,620
US1CAHM0020,20100722,SNOW,0,,,N,620
US1CAHM0020,20100725,SNOW,0,,,N,620
US1CAHM0020,20100802,PRCP,3,,,N,1
US1CAHM0020,20100810,PRCP,3,,,N,620
US1CAHM0020,20100812,PRCP,0,,,N,620
US1CAHM0020,20100813,PRCP,0,,,N,620
US1CAHM0020,20100821,PRCP,0,,,N,620
US1CAHM0020,20100828,PRCP,3,,,N,600
US1CAHM0020,20100812,SNOW,0,,,N,620
US1CAHM0020,20100813,SNOW,0,,,N,620
US1CAHM0020,20100821,SNOW,0,,,N,620
US1CAHM0020,20101024,PRCP,335,,,N,658
US1CAHM0020,20101026,PRCP,30,,,N,554
US1CAHM0020,20101031,PRCP,5,,,N,620
US1CAHM0020,20101107,PRCP,178,,,N,658
US1CAHM0020,20101108,PRCP,18,,,N,600
US1CAHM0020,20101110,PRCP,97,,,N,554
US1CAHM0020,20101114,PRCP,5,,,N,620
US1CAHM0020,20101116,PRCP,0,,,N,559
US1CAHM0020,20101118,PRCP,0,,,N,600
US1CAHM0020,20101116,SNOW,0,,,N,559
US1CAHM0020,20101118,SNOW,0,,,N,600
US1CAHM0020,20101201,PRCP,13,,,N,520
US1CAHM0020,20101202,PRCP,81,,,N,539
US1CAHM0020,20101205,PRCP,13,,,N,539
US1CAHM0020,20101207,PRCP,10,,,N,534
US1CAHM0020,20101208,PRCP,119,,,N,2200
US1CAHM0020,20101210,PRCP,51,,,N,534
US1CAHM0020,20101211,PRCP,10,,,N,529
US1CAHM0020,20101213,PRCP,0,,,N,539
US1CAHM0020,20101214,PRCP,122,,,N,529
US1CAHM0020,20101218,PRCP,69,,,N,620
US1CAHM0020,20101219,PRCP,257,,,N,529
US1CAHM0020,20101220,PRCP,264,,,N,529
US1CAHM0020,20101221,PRCP,109,,,N,530
US1CAHM0020,20101226,PRCP,310,,,N,529
US1CAHM0020,20101228,PRCP,97,,,N,525
US1CAHM0020,20101229,PRCP,422,,,N,525
US1CAHM0020,20101231,PRCP,5,,,N,534
US1CAHM0020,20101213,SNOW,0,,,N,539
US1CAHM0020,20110113,PRCP,25,,,N,530
US1CAHM0020,20110114,PRCP,140,,,N,539
US1CAHM0020,20110116,PRCP,18,,,N,539
US1CAHM0020,20110119,PRCP,18,,,N,520
US1CAHM0020,20110121,PRCP,0,,,N,529
US1CAHM0020,20110122,PRCP,0,,,N,620
US1CAHM0020,20110121,SNOW,0,,,N,529
US1CAHM0020,20110122,SNOW,0,,,N,620
US1CAHM0020,20110219,PRCP,183,,,N,658
US1CAHM0020,20110223,PRCP,5,,,N,620
US1CAHM0020,20110225,PRCP,102,,,N,529
US1CAHM0020,20110226,PRCP,18,,,N,630
US1CAHM0020,20110303,PRCP,79,,,N,630
US1CAHM0020,20110305,PRCP,3,,,N,630
US1CAHM0020,20110314,PRCP,114,,,N,630
US1CAHM0020,20110316,PRCP,114,,,N,523
US1CAHM0020,20110319,PRCP,274,,,N,539
US1CAHM0020,20110321,PRCP,48,,,N,523
US1CAHM0020,20110323,PRCP,64,,,N,445
US1CAHM0020,20110324,PRCP,290,,,N,530
US1CAHM0020,20110325,PRCP,366,,,N,520
US1CAHM0020,20110326,PRCP,206,,,N,525
US1CAHM0020,20110327,PRCP,71,,,N,539
US1CAHM0020,20110408,PRCP,36,,,N,520
US1CAHM0020,20110416,PRCP,345,,,N,525
US1CAHM0020,20110418,PRCP,91,,,N,534
US1CAHM0020,20110419,PRCP,10,,,N,530
US1CAHM0020,20110421,PRCP,48,,,N,520
US1CAHM0020,20110423,PRCP,0,,,N,520
US1CAHM0020,20110424,PRCP,23,,,N,518
US1CAHM0020,20110425,PRCP,61,,,N,529
US1CAHM0020,20110427,PRCP,0,,,N,539
US1CAHM0020,20110428,PRCP,0,,,N,520
US1CAHM0020,20110429,PRCP,10,,,N,529
US1CAHM0020,20110423,SNOW,0,,,N,520
US1CAHM0020,20110427,SNOW,0,,,N,539
US1CAHM0020,20110428,SNOW,0,,,N,520
US1CAHM0020,20111005,PRCP,173,,,N,520
US1CAHM0020,20111006,PRCP,206,,,N,525
US1CAHM0020,20111007,PRCP,15,,,N,520
US1CAHM0020,20111009,PRCP,0,,,N,715
US1CAHM0020,20111010,PRCP,81,,,N,520
US1CAHM0020,20111011,PRCP,185,,,N,530
US1CAHM0020,20111009,SNOW,0,,,N,715
US1CAHM0020,20111103,PRCP,66,,,N,530
US1CAHM0020,20111104,PRCP,135,,,N,525
US1CAHM0020,20111106,PRCP,168,,,N,745
US1CAHM0020,20111107,PRCP,86,,,N,530
US1CAHM0020,20111118,PRCP,140,,,N,525
US1CAHM0020,20111119,PRCP,122,,,N,525
US1CAHM0020,20111120,PRCP,142,,,N,600
US1CAHM0020,20111122,PRCP,155,,,N,2100
US1CAHM0020,20111124,PRCP,300,,,N,600
US1CAHM0020,20111125,PRCP,51,,,N,600
US1CAHM0020,20111126,PRCP,0,,,N,540
US1CAHM0020,20111126,SNOW,0,,,N,540
US1CAHM0020,20111215,PRCP,130,,,N,530
US1CAHM0020,20111216,PRCP,3,,,N,525
US1CAHM0020,20111228,PRCP,13,,,N,530
US1CAHM0020,20111229,PRCP,48,,,N,515
US1CAHM0020,20111230,PRCP,5,,,N,530
US1CAHM0020,20111231,PRCP,135,,,N,540
US1CAHM0020,20120105,PRCP,15,,,N,530
US1CAHM0020,20120106,PRCP,3,,,N,540
US1CAHM0020,20120117,PRCP,5,,,N,530
US1CAHM0020,20120118,PRCP,5,,,N,530
US1CAHM0020,20120119,PRCP,213,,,N,530
US1CAHM0020,20120120,PRCP,592,,,N,525
US1CAHM0020,20120121,PRCP,503,,,N,600
US1CAHM0020,20120122,PRCP,33,,,N,709
US1CAHM0020,20120123,PRCP,218,,,N,530
US1CAHM0020,20120124,PRCP,0,,,N,525
US1CAHM0020,20120125,PRCP,168,,,N,525
US1CAHM0020,20120126,PRCP,114,,,N,530
US1CAHM0020,20120127,PRCP,41,,,N,540
US1CAHM0020,20120128,PRCP,0,,,N,600
US1CAHM0020,20120130,PRCP,5,,,N,540
US1CAHM0020,20120124,SNOW,0,,,N,525
US1CAHM0020,20120128,SNOW,0,,,N,600
US1CAHM0020,20120201,PRCP,48,,,N,540
US1CAHM0020,20120207,PRCP,48,,,N,525
US1CAHM0020,20120210,PRCP,28,,,N,525
US1CAHM0020,20120211,PRCP,33,,,N,530
US1CAHM0020,20120212,PRCP,3,,,N,600
US1CAHM0020,20120213,PRCP,284,,,N,530
US1CAHM0020,20120214,PRCP,25,,,N,530
US1CAHM0020,20120215,PRCP,15,,,N,525
US1CAHM0020,20120218,PRCP,18,,,N,540
US1CAHM0020,20120219,PRCP,10,,,N,600
US1CAHM0020,20120222,PRCP,0,,,N,530
US1CAHM0020,20120229,PRCP,180,,,N,530
US1CAHM0020,20120222,SNOW,0,,,N,530
US1CAHM0020,20120306,PRCP,56,,,N,530
US1CAHM0020,20120307,PRCP,13,,,N,530
US1CAHM0020,20120312,PRCP,15,,,N,540
US1CAHM0020,20120313,PRCP,371,,,N,530
US1CAHM0020,20120314,PRCP,5,,,N,530
US1CAHM0020,20120315,PRCP,0,,,N,530
US1CAHM0020,20120316,PRCP,216,,,N,530
US1CAHM0020,20120317,PRCP,203,,,N,600
US1CAHM0020,20120318,PRCP,79,,,N,600
US1CAHM0020,20120322,PRCP,51,,,N,540
US1CAHM0020,20120324,PRCP,53,,,N,540
US1CAHM0020,20120325,PRCP,28,,,N,600
US1CAHM0020,20120326,PRCP,5,,,N,525
US1CAHM0020,20120327,PRCP,226,,,N,530
US1CAHM0020,20120330,PRCP,500,,,N,615
US1CAHM0020,20120315,SNOW,0,,,N,530
US1CAHM0020,20120401,PRCP,277,,,N,750
US1CAHM0020,20120402,PRCP,18,,,N,530
US1CAHM0020,20120404,PRCP,132,,,N,530
US1CAHM0020,20120406,PRCP,18,,,N,520
US1CAHM0020,20120409,PRCP,0,,,N,525
US1CAHM0020,20120410,PRCP,13,,,N,525
US1CAHM0020,20120412,PRCP,152,,,N,530
US1CAHM0020,20120413,PRCP,249,,,N,520
US1CAHM0020,20120414,PRCP,13,,,N,650
US1CAHM0020,20120415,PRCP,0,,,N,709
US1CAHM0020,20120417,PRCP,15,,,N,530
US1CAHM0020,20120419,PRCP,69,,,N,530
US1CAHM0020,20120420,PRCP,3,,,N,615
US1CAHM0020,20120426,PRCP,61,,,N,530
US1CAHM0020,20120427,PRCP,38,,,N,645
US1CAHM0020,20120409,SNOW,0,,,N,525
US1CAHM0020,20120415,SNOW,0,,,N,709
US1CAHM0020,20120505,PRCP,18,,,N,615
US1CAHM0020,20120523,PRCP,18,,,N,540
US1CAHM0020,20120525,PRCP,30,,,N,615
US1CAHM0020,20120604,PRCP,28,,,N,530
US1CAHM0020,20120605,PRCP,201,,,N,540
US1CAHM0020,20120622,PRCP,13,,,N,615
US1CAHM0020,20120623,PRCP,91,,,N,615
US1CAHM0020,20120624,PRCP,3,,,N,645
US1CAHM0020,20120626,PRCP,3,,,N,645
US1CAHM0020,20120701,PRCP,5,,,N,600
US1CAHM0020,20120720,PRCP,3,,,N,615
US1CAHM0020,20121016,PRCP,51,,,N,540
US1CAHM0020,20121017,PRCP,30,,,N,540
US1CAHM0020,20121022,PRCP,218,,,N,525
US1CAHM0020,20121023,PRCP,117,,,N,540
US1CAHM0020,20121027,PRCP,23,,,N,540
US1CAHM0020,20121029,PRCP,15,,,N,525
US1CAHM0020,20121031,PRCP,53,,,N,540
US1CAHM0020,20121101,PRCP,130,,,N,540
US1CAHM0020,20121103,PRCP,76,,,N,615
US1CAHM0020,20121109,PRCP,112,,,N,459
US1CAHM0020,20121110,PRCP,74,,,N,705
US1CAHM0020,20121111,PRCP,18,,,N,615
US1CAHM0020,20121113,PRCP,15,,,N,615
US1CAHM0020,20121119,PRCP,20,,,N,645
US1CAHM0020,20121120,PRCP,145,,,N,615
US1CAHM0020,20121122,PRCP,5,,,N,615
US1CAHM0020,20121128,PRCP,419,,,N,645
US1CAHM0020,20121129,PRCP,475,,,N,645
US1CAHM0020,20121130,PRCP,668,,,N,705
US1CAHM0020,20121202,PRCP,1191,,,N,705
US1CAHM0020,20121203,PRCP,13,,,N,645
US1CAHM0020,20121205,PRCP,140,,,N,645
US1CAHM0020,20121218,PRCP,58,,,N,600
US1CAHM0020,20121219,PRCP,41,,,N,645
US1CAHM0020,20121220,PRCP,185,,,N,615
US1CAHM0020,20121221,PRCP,533,,,N,600
US1CAHM0020,20121222,PRCP,439,,,N,330
US1CAHM0020,20121225,PRCP,13,,,N,705
US1CAHM0020,20121226,PRCP,64,,,N,525
US1CAHM0020,20130106,PRCP,18,,,N,615
US1CAHM0020,20130107,PRCP,3,,,N,645
US1CAHM0020,20130111,PRCP,130,,,N,615
US1CAHM0020,20130124,PRCP,198,,,N,615
US1CAHM0020,20130126,PRCP,51,,,N,540
US1CAHM0020,20131119,PRCP,104,,,N,600
US1CAHM0020,20131207,PRCP,99,,,N,600
US1CAHM0020,20131221,PRCP,3,,,N,628
US1CAHM0020,20140130,PRCP,76,,,N,1
US1CAHM0020,20140207,PRCP,51,,,N,615
US1CAHM0020,20140208,PRCP,74,,,N,600
US1CAHM0020,20140209,PRCP,99,,,N,628
US1CAHM0020,20140213,PRCP,163,,,N,615
US1CAHM0020,20140214,PRCP,81,,,N,628
US1CAHM0020,20140216,PRCP,168,,,N,545
US1CAHM0020,20140219,PRCP,109,,,N,615
US1CAHM0020,20140227,PRCP,193,,,N,545
US1CAHM0020,20140228,PRCP,79,,,N,615
US1CAHM0020,20140301,PRCP,8,,,N,730
US1CAHM0020,20140304,PRCP,89,,,N,628
US1CAHM0020,20140305,PRCP,15,,,N,628
US1CAHM0020,20140306,PRCP,71,,,N,628
US1CAHM0020,20140309,PRCP,69,,,N,545
US1CAHM0020,20140310,PRCP,445,,,N,628
US1CAHM0020,20140311,PRCP,0,,,N,615
US1CAHM0020,20140317,PRCP,56,,,N,628
US1CAHM0020,20140325,PRCP,38,,,N,628
US1CAHM0020,20140326,PRCP,91,,,N,615
US1CAHM0020,20140327,PRCP,81,,,N,615
US1CAHM0020,20140329,PRCP,173,,,N,612
US1CAHM0020,20140330,PRCP,5,,,N,540
US1CAHM0020,20140311,SNOW,0,,,N,615
US1CAHM0020,20140402,PRCP,18,,,N,628
US1CAHM0020,20140422,PRCP,119,,,N,628
US1CAHM0020,20140423,PRCP,5,,,N,628
US1CAHM0020,20140424,PRCP,64,,,N,615
US1CAHM0020,20140425,PRCP,41,,,N,628
US1CAHM0020,20140426,PRCP,20,,,N,545
US1CAHM0020,20140427,PRCP,18,,,N,628
US1CAHM0020,20140505,PRCP,43,,,N,628
US1CAHM0020,20140506,PRCP,30,,,N,615
US1CAHM0020,20140508,PRCP,5,,,N,628
US1CAHM0020,20140510,PRCP,10,,,N,612
US1CAHM0020,20140511,PRCP,56,,,N,630
US1CAHM0020,20140518,PRCP,3,,,N,545
US1CAHM0020,20140520,PRCP,25,,,N,615
US1CAHM0020,20141122,PRCP,267,,,N,500
US1CAHM0020,20141211,PRCP,460,,,N,600
US1CAHM0020,20141212,PRCP,132,,,N,613
US1CAHM0020,20141213,PRCP,69,,,N,613
US1CAHM0020,20141215,PRCP,13,,,N,613
US1CAHM0020,20141216,PRCP,66,,,N,613
US1CAHM0020,20141217,PRCP,302,,,N,540
US1CAHM0020,20141220,PRCP,168,,,N,545
US1CAHM0020,20141221,PRCP,569,,,N,900
US1CAHM0020,20141222,PRCP,142,,,N,630
US1CAHM0020,20150205,PRCP,64,,,N,630
US1CAHM0020,20150206,PRCP,632,,,N,615
US1CAHM0020,20150207,PRCP,577,,,N,545
US1CAHM0020,20150406,PRCP,119,,,N,615
US1CAHM0020,20150414,PRCP,86,,,N,630
US1CAHM0020,20151018,PRCP,76,,,N,557
US1CAHM0020,20151020,PRCP,53,,,N,620
US1CAHM0020,20151028,PRCP,51,,,N,630
US1CAHM0020,20151102,PRCP,33,,,N,600
US1CAHM0020,20151103,PRCP,15,,,N,600
US1CAHM0020,20151109,PRCP,119,,,N,600
US1CAHM0020,20151115,PRCP,290,,,N,530
US1CAHM0020,20151116,PRCP,127,,,N,600
US1CAHM0020,20151118,PRCP,89,,,N,600
US1CAHM0020,20151124,PRCP,140,,,N,630
US1CAHM0020,20151125,PRCP,114,,,N,620
US1CAHM0020,20151202,PRCP,13,,,N,620
US1CAHM0020,20151204,PRCP,381,,,N,630
US1CAHM0020,20151206,PRCP,165,,,N,530
US1CAHM0020,20151207,PRCP,23,,,N,555
US1CAHM0020,20151209,PRCP,104,,,N,550
US1CAHM0020,20151211,PRCP,147,,,N,615
US1CAHM0020,20151212,PRCP,226,,,N,530
US1CAHM0020,20151213,PRCP,191,,,N,544
US1CAHM0020,20151215,PRCP,13,,,N,620
US1CAHM0020,20151217,PRCP,10,,,N,615
US1CAHM0020,20151218,PRCP,168,,,N,600
US1CAHM0020,20151220,PRCP,53,,,N,845
US1CAHM0020,20151222,PRCP,404,,,N,615
US1CAHM0020,20151223,PRCP,56,,,N,620
US1CAHM0020,20151224,PRCP,155,,,N,600
US1CAHM0020,20151225,PRCP,191,,,N,600
US1CAHM0020,20151226,PRCP,13,,,N,544
US1CAHM0020,20151228,PRCP,140,,,N,615
US1CAHM0020,20160105,PRCP,272,,,N,620
US1CAHM0020,20160106,PRCP,147,,,N,620
US1CAHM0020,20160107,PRCP,28,,,N,620
US1CAHM0020,20160108,PRCP,69,,,N,620
US1CAHM0020,20160109,PRCP,51,,,N,600
US1CAHM0020,20160110,PRCP,51,,,N,550
US1CAHM0020,20160113,PRCP,305,,,N,615
US1CAHM0020,20160114,PRCP,89,,,N,600
US1CAHM0020,20160115,PRCP,122,,,N,600
US1CAHM0020,20160116,PRCP,157,,,N,555
US1CAHM0020,20160117,PRCP,160,,,N,600
US1CAHM0020,20160119,PRCP,71,,,N,600
US1CAHM0020,20160120,PRCP,5,,,N,615
US1CAHM0020,20160123,PRCP,208,,,N,550
US1CAHM0020,20160124,PRCP,56,,,N,557
US1CAHM0020,20160129,PRCP,343,,,N,600
US1CAHM0020,20160130,PRCP,163,,,N,550
US1CAHM0020,20160131,PRCP,13,,,N,715
US1CAHM0020,20160218,PRCP,150,,,N,615
US1CAHM0020,20160219,PRCP,112,,,N,615
US1CAHM0020,20160220,PRCP,155,,,N,544
US1CAHM0020,20160222,PRCP,18,,,N,620
US1CAHM0020,20160227,PRCP,46,,,N,544
US1CAHM0020,20160229,PRCP,8,,,N,600
US1CAHM0020,20160302,PRCP,36,,,N,600
US1CAHM0020,20160303,PRCP,76,,,N,544
US1CAHM0020,20160305,PRCP,61,,,N,715
US1CAHM0020,20160306,PRCP,470,,,N,715
US1CAHM0020,20160307,PRCP,140,,,N,555
US1CAHM0020,20160309,PRCP,71,,,N,630
US1CAHM0020,20160310,PRCP,267,,,N,600
US1CAHM0020,20160311,PRCP,30,,,N,620
US1CAHM0020,20160312,PRCP,97,,,N,615
US1CAHM0020,20160313,PRCP,196,,,N,620
US1CAHM0020,20160315,PRCP,48,,,N,600
US1CAHM0020,20160319,PRCP,5,,,N,555
US1CAHM0020,20160321,PRCP,150,,,N,615
US1CAHM0020,20160327,PRCP,10,,,N,544
US1CAHM0020,20160328,PRCP,23,,,N,615
US1CAHM0020,20160413,PRCP,13,,,N,544
US1CAHM0020,20160423,PRCP,122,,,N,600
US1CAHM0020,20160424,PRCP,56,,,N,600
US1CAHM0020,20160427,PRCP,41,,,N,615
US1CAHM0020,20160428,PRCP,127,,,N,620
US1CAHM0020,20160429,PRCP,5,,,N,600
US1CAHM0020,20160504,PRCP,3,,,N,600
US1CAHM0020,20160506,PRCP,20,,,N,620
US1CAHM0020,20160520,PRCP,38,,,N,615
US1CAHM0020,20160521,PRCP,51,,,N,555
US1CAHM0020,20160522,PRCP,89,,,N,550
US1CAHM0020,20160617,PRCP,23,,,N,615
US1CAHM0020,20161014,PRCP,328,,,N,800
US1CAHM0020,20161015,PRCP,10,,,N,955
US1CAHM0020,20161016,PRCP,437,,,N,735
US1CAHM0020,20161017,PRCP,198,,,N,815
US1CAHM0020,20161024,PRCP,91,,,N,845
US1CAHM0020,20161025,PRCP,56,,,N,830
US1CAHM0020,20161026,PRCP,30,,,N,914
US1CAHM0020,20161027,PRCP,226,,,N,555
US1CAHM0020,20161028,PRCP,290,,,N,830
US1CAHM0020,20161030,PRCP,117,,,N,735
US1CAHM0020,20161031,PRCP,145,,,N,845
US1CAHM0020,20161101,PRCP,99,,,N,845
US1CAHM0020,20161112,PRCP,25,,,N,1044
US1CAHM0020,20161115,PRCP,91,,,N,730
US1CAHM0020,20161116,PRCP,74,,,N,914
US1CAHM0020,20161119,PRCP,86,,,N,1044
US1CAHM0020,20161120,PRCP,114,,,N,730
US1CAHM0020,20161123,PRCP,297,,,N,800
US1CAHM0020,20161125,PRCP,94,,,N,1030
US1CAHM0020,20161126,PRCP,119,,,N,1030
US1CAHM0020,20161127,PRCP,325,,,N,721
US1CAHM0020,20161128,PRCP,84,,,N,845
US1CAHM0020,20161130,PRCP,30,,,N,914
US1CAHM0020,20161205,PRCP,30,,,N,910
US1CAHM0020,20161208,PRCP,86,,,N,914
US1CAHM0020,20161210,PRCP,284,,,N,1000
US1CAHM0020,20161211,PRCP,10,,,N,721
US1CAHM0020,20161214,PRCP,226,,,N,914
US1CAHM0020,20161215,PRCP,467,,,N,914
US1CAHM0020,20161216,PRCP,0,,,N,830
US1CAHM0020,20161223,PRCP,99,,,N,914
US1CAHM0020,20161224,PRCP,267,,,N,1500
US1CAHM0020,20161225,PRCP,0,,,N,721
US1CAHM0020,20161216,SNOW,0,,,N,830
US1CAHM0020,20161225,SNOW,0,,,N,721
US1CAHM0020,20170102,PRCP,124,,,N,735
US1CAHM0020,20170103,PRCP,132,,,N,830
US1CAHM0020,20170104,PRCP,328,,,N,1000
US1CAHM0020,20170107,PRCP,150,,,N,900
US1CAHM0020,20170108,PRCP,226,,,N,815
US1CAHM0020,20170109,PRCP,267,,,N,630
US1CAHM0020,20170110,PRCP,137,,,N,815
US1CAHM0020,20170118,PRCP,183,,,N,914
US1CAHM0020,20170119,PRCP,551,,,N,1100
US1CAHM0020,20170120,PRCP,399,,,N,914
US1CAHM0020,20170121,PRCP,211,,,N,914
US1CAHM0020,20170122,PRCP,163,,,N,800
US1CAHM0020,20170123,PRCP,84,,,N,721
US1CAHM0020,20170124,PRCP,18,,,N,845
US1CAHM0020,20170125,PRCP,0,,,N,900
US1CAHM0020,20170125,SNOW,0,,,N,900
US1CAHM0020,20170202,PRCP,13,,,N,1100
US1CAHM0020,20170203,PRCP,246,,,N,1000
US1CAHM0020,20170204,PRCP,117,,,N,914
US1CAHM0020,20170205,PRCP,5,,,N,800
US1CAHM0020,20170206,PRCP,239,,,N,721
US1CAHM0020,20170207,PRCP,279,,,N,735
US1CAHM0020,20170209,PRCP,432,,,N,950
US1CAHM0020,20170210,PRCP,114,,,N,914
US1CAHM0020,20170211,PRCP,33,,,N,1030
US1CAHM0020,20170212,PRCP,0,,,N,815
US1CAHM0020,20170215,PRCP,0,,,N,845
US1CAHM0020,20170216,PRCP,483,,,N,900
US1CAHM0020,20170218,PRCP,330,,,N,758
US1CAHM0020,20170219,PRCP,25,,,N,815
US1CAHM0020,20170220,PRCP,53,,,N,830
US1CAHM0020,20170221,PRCP,264,,,N,900
US1CAHM0020,20170222,PRCP,53,,,N,900
US1CAHM0020,20170223,PRCP,94,,,N,845
US1CAHM0020,20170224,PRCP,3,,,N,1000
US1CAHM0020,20170225,PRCP,64,,,N,950
US1CAHM0020,20170226,PRCP,0,,,N,730
US1CAHM0020,20170227,PRCP,64,,,N,830
US1CAHM0020,20170228,PRCP,41,,,N,940
US1CAHM0020,20170212,SNOW,0,,,N,815
US1CAHM0020,20170215,SNOW,0,,,N,845
US1CAHM0020,20170226,SNOW,0,,,N,730
US1CAHM0020,20170304,PRCP,69,,,N,1030
US1CAHM0020,20170305,PRCP,89,,,N,721
US1CAHM0020,20170306,PRCP,71,,,N,914
US1CAHM0020,20170307,PRCP,64,,,N,800
US1CAHM0020,20170308,PRCP,20,,,N,1100
US1CAHM0020,20170309,PRCP,41,,,N,940
US1CAHM0020,20170310,PRCP,3,,,N,1000
US1CAHM0020,20170316,PRCP,46,,,N,900
US1CAHM0020,20170318,PRCP,20,,,N,1100
US1CAHM0020,20170319,PRCP,185,,,N,735
US1CAHM0020,20170320,PRCP,76,,,N,900
US1CAHM0020,20170321,PRCP,262,,,N,735
US1CAHM0020,20170322,PRCP,170,,,N,940
US1CAHM0020,20170324,PRCP,249,,,N,1030
US1CAHM0020,20170326,PRCP,18,,,N,735
US1CAHM0020,20170327,PRCP,64,,,N,830
US1CAHM0020,20170330,PRCP,99,,,N,955
US1CAHM0020,20170407,PRCP,345,,,N,914
US1CAHM0020,20170408,PRCP,274,,,N,1000
US1CAHM0020,20170412,PRCP,48,,,N,1000
US1CAHM0020,20170413,PRCP,183,,,N,1000
US1CAHM0020,20170417,PRCP,8,,,N,830
US1CAHM0020,20170418,PRCP,163,,,N,830
US1CAHM0020,20170420,PRCP,152,,,N,914
US1CAHM0020,20170423,PRCP,5,,,N,715
US1CAHM0020,20170424,PRCP,91,,,N,721
US1CAHM0020,20170425,PRCP,53,,,N,1132
US1CAHM0020,20170426,PRCP,46,,,N,1030
US1CAHM0020,20170427,PRCP,18,,,N,1000
US1CAHM0020,20170505,PRCP,23,,,N,950
US1CAHM0020,20170511,PRCP,13,,,N,940
US1CAHM0020,20170512,PRCP,15,,,N,914
US1CAHM0020,20170513,PRCP,36,,,N,1000
US1CAHM0020,20170514,PRCP,8,,,N,735
US1CAHM0020,20170517,PRCP,124,,,N,1000
US1CAHM0020,20170610,PRCP,18,,,N,914
US1CAHM0020,20170612,PRCP,8,,,N,914
US1CAHM0020,20171103,PRCP,140,,,N,929
US1CAHM0020,20171105,PRCP,5,,,N,717
US1CAHM0020,20171109,PRCP,287,,,N,1201
US1CAHM0020,20171110,PRCP,107,,,N,1150
US1CAHM0020,20171111,PRCP,0,,,N,717
US1CAHM0020,20171113,PRCP,48,,,N,809
US1CAHM0020,20171114,PRCP,66,,,N,842
US1CAHM0020,20171115,PRCP,3,,,N,914
US1CAHM0020,20171116,PRCP,36,,,N,946
US1CAHM0020,20171117,PRCP,66,,,N,914
US1CAHM0020,20171124,PRCP,30,,,N,946
US1CAHM0020,20171111,SNOW,0,,,N,717
US1CAHM0020,20171220,PRCP,188,,,N,915
US1CAHM0020,20180104,PRCP,48,,,N,915
US1CAHM0020,20180105,PRCP,99,,,N,1037
US1CAHM0020,20180108,PRCP,86,,,N,915
US1CAHM0020,20180109,PRCP,74,,,N,915
US1CAHM0020,20180110,PRCP,18,,,N,830
US1CAHM0020,20180116,PRCP,127,,,N,740
US1CAHM0020,20180118,PRCP,89,,,N,915
US1CAHM0020,20180120,PRCP,13,,,N,929
US1CAHM0020,20180121,PRCP,0,,,N,740
US1CAHM0020,20180122,PRCP,257,,,N,717
US1CAHM0020,20180125,PRCP,274,,,N,914
US1CAHM0020,20180126,PRCP,94,,,N,1000
US1CAHM0020,20180131,PRCP,3,,,N,915
US1CAHM0020,20180121,SNOW,0,,,N,740
US1CAHM0020,20180212,PRCP,61,,,N,617
US1CAHM0020,20180215,PRCP,5,,,N,534
US1CAHM0020,20180218,PRCP,43,,,N,617
US1CAHM0020,20180219,PRCP,147,,,N,640
US1CAHM0020,20180220,PRCP,56,,,N,534
US1CAHM0020,20180221,PRCP,13,,,N,555
US1CAHM0020,20180222,PRCP,13,,,N,600
US1CAHM0020,20180223,PRCP,81,,,N,555
US1CAHM0020,20180224,PRCP,0,,,N,617
US1CAHM0020,20180225,PRCP,36,,,N,617
US1CAHM0020,20180226,PRCP,135,,,N,600
US1CAHM0020,20180227,PRCP,13,,,N,600
US1CAHM0020,20180228,PRCP,0,,,N,534
US1CAHM0020,20180224,SNOW,0,,,N,617
US1CAHM0020,20180228,SNOW,0,,,N,534
US1CAHM0020,20180302,PRCP,117,,,N,545
US1CAHM0020,20180303,PRCP,160,,,N,600
US1CAHM0020,20180304,PRCP,18,,,N,600
US1CAHM0020,20180308,PRCP,18,,,N,600
US1CAHM0020,20180309,PRCP,244,,,N,617
US1CAHM0020,20180310,PRCP,3,,,N,700
US1CAHM0020,20180311,PRCP,10,,,N,617
US1CAHM0020,20180313,PRCP,185,,,N,545
US1CAHM0020,20180314,PRCP,69,,,N,600
US1CAHM0020,20180315,PRCP,69,,,N,545
US1CAHM0020,20180316,PRCP,282,,,N,600
US1CAHM0020,20180317,PRCP,155,,,N,640
US1CAHM0020,20180318,PRCP,0,,,N,640
US1CAHM0020,20180319,PRCP,0,,,N,545
US1CAHM0020,20180320,PRCP,0,,,N,600
US1CAHM0020,20180321,PRCP,28,,,N,600
US1CAHM0020,20180322,PRCP,135,,,N,555
US1CAHM0020,20180323,PRCP,81,,,N,545
US1CAHM0020,20180324,PRCP,213,,,N,600
US1CAHM0020,20180325,PRCP,231,,,N,640
US1CAHM0020,20180326,PRCP,28,,,N,545
US1CAHM0020,20180328,PRCP,0,,,N,534
US1CAHM0020,20180329,PRCP,0,,,N,534
US1CAHM0020,20180331,PRCP,0,,,N,555
US1CAHM0020,20180318,SNOW,0,,,N,640
US1CAHM0020,20180319,SNOW,0,,,N,545
US1CAHM0020,20180320,SNOW,0,,,N,600
US1CAHM0020,20180328,SNOW,0,,,N,534
US1CAHM0020,20180329,SNOW,0,,,N,534
US1CAHM0020,20180331,SNOW,0,,,N,555
US1CAHM0020,20180401,PRCP,0,,,N,454
US1CAHM0020,20180402,PRCP,0,,,N,600
US1CAHM0020,20180403,PRCP,3,,,N,545
US1CAHM0020,20180405,PRCP,0,,,N,600
US1CAHM0020,20180406,PRCP,198,,,N,545
US1CAHM0020,20180407,PRCP,297,,,N,735
US1CAHM0020,20180408,PRCP,25,,,N,600
US1CAHM0020,20180409,PRCP,0,,,N,534
US1CAHM0020,20180410,PRCP,20,,,N,600
US1CAHM0020,20180412,PRCP,145,,,N,545
US1CAHM0020,20180413,PRCP,79,,,N,555
US1CAHM0020,20180415,PRCP,0,,,N,617
US1CAHM0020,20180416,PRCP,119,,,N,545
US1CAHM0020,20180417,PRCP,5,,,N,534
US1CAHM0020,20180428,PRCP,97,,,N,830
US1CAHM0020,20180429,PRCP,69,,,N,617
US1CAHM0020,20180430,PRCP,28,,,N,444
US1CAHM0020,20180401,SNOW,0,,,N,454
US1CAHM0020,20180402,SNOW,0,,,N,600
US1CAHM0020,20180405,SNOW,0,,,N,600
US1CAHM0020,20180409,SNOW,0,,,N,534
US1CAHM0020,20180415,SNOW,0,,,N,617
US1CAHM0020,20180509,PRCP,3,,,N,545
US1CAHM0020,20180510,PRCP,3,,,N,545
US1CAHM0020,20180526,PRCP,152,,,N,617
US1CAHM0020,20180609,PRCP,97,,,N,735
US1CAHM0020,20180930,PRCP,119,,,N,715
US1CAHM0020,20181006,PRCP,30,,,N,645
US1CAHM0020,20181024,PRCP,5,,,N,410
US1CAHM0020,20181028,PRCP,25,,,N,631
US1CAHM0020,20181102,PRCP,5,,,N,440
US1CAHM0020,20181105,PRCP,3,,,N,435
US1CAHM0020,20181122,PRCP,251,,,N,605
US1CAHM0020,20181123,PRCP,127,,,N,515
US1CAHM0020,20181124,PRCP,356,,,N,705
US1CAHM0020,20181127,PRCP,15,,,N,435
US1CAHM0020,20181128,PRCP,279,,,N,430
US1CAHM0020,20181129,PRCP,203,,,N,435
US1CAHM0020,20181130,PRCP,43,,,N,410
US1CAHM0020,20181201,PRCP,81,,,N,631
US1CAHM0020,20181202,PRCP,119,,,N,540
US1CAHM0020,20181208,PRCP,15,,,N,705
US1CAHM0020,20181210,PRCP,147,,,N,435
US1CAHM0020,20181212,PRCP,102,,,N,435
US1CAHM0020,20181215,PRCP,135,,,N,705
US1CAHM0020,20181217,PRCP,277,,,N,410
US1CAHM0020,20181218,PRCP,3,,,N,440
US1CAHM0020,20181219,PRCP,127,,,N,440
US1CAHM0020,20181220,PRCP,76,,,N,430
US1CAHM0020,20181221,PRCP,178,,,N,430
US1CAHM0020,20181224,PRCP,5,,,N,440
US1CAHM0020,20181225,PRCP,160,,,N,645
US1CAHM0020,20190106,PRCP,224,,,N,715
US1CAHM0020,20190107,PRCP,56,,,N,430
US1CAHM0020,20190109,PRCP,185,,,N,440
US1CAHM0020,20190110,PRCP,150,,,N,425
US1CAHM0020,20190116,PRCP,69,,,N,430
US1CAHM0020,20190117,PRCP,414,,,N,425
US1CAHM0020,20190118,PRCP,107,,,N,410
US1CAHM0020,20190119,PRCP,114,,,N,631
US1CAHM0020,20190120,PRCP,282,,,N,645
US1CAHM0020,20190121,PRCP,163,,,N,734
US1CAHM0020,20190202,PRCP,74,,,N,605
US1CAHM0020,20190203,PRCP,28,,,N,645
US1CAHM0020,20190204,PRCP,226,,,N,440
US1CAHM0020,20190207,PRCP,5,,,N,425
US1CAHM0020,20190209,PRCP,41,,,N,715
US1CAHM0020,20190210,PRCP,191,,,N,645
US1CAHM0020,20190211,PRCP,64,,,N,435
US1CAHM0020,20190212,PRCP,13,,,N,425
US1CAHM0020,20190214,PRCP,160,,,N,440
US1CAHM0020,20190215,PRCP,178,,,N,440
US1CAHM0020,20190216,PRCP,257,,,N,645
US1CAHM0020,20190217,PRCP,147,,,N,645
US1CAHM0020,20190218,PRCP,10,,,N,620
US1CAHM0020,20190220,PRCP,53,,,N,435
US1CAHM0020,20190221,PRCP,117,,,N,440
US1CAHM0020,20190224,PRCP,41,,,N,645
US1CAHM0020,20190225,PRCP,381,,,N,435
US1CAHM0020,20190226,PRCP,239,,,N,430
US1CAHM0020,20190227,PRCP,701,,,N,435
US1CAHM0020,20190228,PRCP,191,,,N,440
US1CAHM0020,20190302,PRCP,99,,,N,631
US1CAHM0020,20190303,PRCP,23,,,N,705
US1CAHM0020,20190306,PRCP,318,,,N,435
US1CAHM0020,20190307,PRCP,25,,,N,435
US1CAHM0020,20190308,PRCP,13,,,N,430
US1CAHM0020,20190309,PRCP,3,,,N,659
US1CAHM0020,20190310,PRCP,64,,,N,631
US1CAHM0020,20190311,PRCP,13,,,N,410
US1CAHM0020,20190313,PRCP,48,,,N,445
US1CAHM0020,20190320,PRCP,10,,,N,435
US1CAHM0020,20190321,PRCP,79,,,N,435
US1CAHM0020,20190323,PRCP,51,,,N,705
US1CAHM0020,20190325,PRCP,5,,,N,435
US1CAHM0020,20190326,PRCP,229,,,N,425
US1CAHM0020,20190329,PRCP,84,,,N,425
US1CAHM0020,20190330,PRCP,33,,,N,659
US1CAHM0020,20190402,PRCP,20,,,N,445
US1CAHM0020,20190403,PRCP,13,,,N,425
US1CAHM0020,20190406,PRCP,112,,,N,735
US1CAHM0020,20190407,PRCP,8,,,N,715
US1CAHM0020,20190408,PRCP,46,,,N,425
US1CAHM0020,20190409,PRCP,109,,,N,425
US1CAHM0020,20190410,PRCP,33,,,N,435
US1CAHM0020,20190412,PRCP,13,,,N,605
US1CAHM0020,20190416,PRCP,61,,,N,435
US1CAHM0020,20190420,PRCP,10,,,N,655
US1CAHM0020,20190421,PRCP,15,,,N,445
US1CAHM0020,20190516,PRCP,165,,,N,425
US1CAHM0020,20190517,PRCP,173,,,N,515
US1CAHM0020,20190520,PRCP,15,,,N,445
US1CAHM0020,20190521,PRCP,43,,,N,425
US1CAHM0020,20190522,PRCP,152,,,N,430
US1CAHM0020,20190526,PRCP,74,,,N,655
US1CAHM0020,20190527,PRCP,8,,,N,705
US1CAHM0020,20190810,PRCP,13,,,N,735
US1CAHM0020,20190916,PRCP,86,,,N,445
US1CAHM0020,20190918,PRCP,109,,,N,440
US1CAHM0020,20190919,PRCP,28,,,N,440
US1CAHM0020,20190930,PRCP,91,,,N,435
US1CAHM0020,20191017,PRCP,135,,,N,440
US1CAHM0020,20191018,PRCP,53,,,N,420
US1CAHM0020,20191019,PRCP,76,,,N,705
US1CAHM0020,20191020,PRCP,28,,,N,705
US1CAHM0020,20191119,PRCP,28,,,N,435
US1CAHM0020,20191120,PRCP,46,,,N,435
US1CAHM0020,20191127,PRCP,310,,,N,440
US1CAHM0020,20191128,PRCP,66,,,N,646
US1CAHM0020,20191201,PRCP,74,,,N,705
US1CAHM0020,20191202,PRCP,13,,,N,435
US1CAHM0020,20191203,PRCP,5,,,N,435
US1CAHM0020,20191207,PRCP,315,,,N,735
US1CAHM0020,20191208,PRCP,107,,,N,555
US1CAHM0020,20191209,PRCP,8,,,N,435
US1CAHM0020,20191211,PRCP,51,,,N,420
US1CAHM0020,20191212,PRCP,30,,,N,435
US1CAHM0020,20191214,PRCP,191,,,N,705
US1CAHM0020,20191215,PRCP,284,,,N,646
US1CAHM0020,20191222,PRCP,422,,,N,646
US1CAHM0020,20191223,PRCP,124,,,N,435
US1CAHM0020,20191225,PRCP,74,,,N,825
US1CAHM0020,20191230,PRCP,180,,,N,440
US1CAHM0020,20200101,PRCP,33,,,N,705
US1CAHM0020,20200102,PRCP,104,,,N,420
US1CAHM0020,20200104,PRCP,84,,,N,705
US1CAHM0020,20200106,PRCP,25,,,N,552
US1CAHM0020,20200108,PRCP,127,,,N,420
US1CAHM0020,20200109,PRCP,64,,,N,425
US1CAHM0020,20200110,PRCP,5,,,N,500
US1CAHM0020,20200111,PRCP,124,,,N,735
US1CAHM0020,20200112,PRCP,43,,,N,705
US1CAHM0020,20200113,PRCP,56,,,N,420
US1CAHM0020,20200114,PRCP,122,,,N,445
US1CAHM0020,20200115,PRCP,69,,,N,435
US1CAHM0020,20200116,PRCP,325,,,N,435
US1CAHM0020,20200117,PRCP,104,,,N,515
US1CAHM0020,20200121,PRCP,15,,,N,432
US1CAHM0020,20200122,PRCP,150,,,N,427
US1CAHM0020,20200124,PRCP,43,,,N,610
US1CAHM0020,20200125,PRCP,18,,,N,711
US1CAHM0020,20200126,PRCP,257,,,N,543
US1CAHM0020,20200127,PRCP,28,,,N,440
US1CAHM0020,20200128,PRCP,30,,,N,430
US1CAHM0020,20200130,PRCP,36,,,N,425
US1CAHM0020,20200202,PRCP,25,,,N,717
US1CAHM0020,20200203,PRCP,66,,,N,430
US1CAHM0020,20200208,PRCP,5,,,N,725
US1CAHM0020,20200216,PRCP,10,,,N,655
US1CAHM0020,20200217,PRCP,36,,,N,650
US1CAHM0020,20200224,PRCP,5,,,N,425
US1CAHM0020,20200315,PRCP,183,,,N,630
US1CAHM0020,20200316,PRCP,36,,,N,430
US1CAHM0020,20200319,PRCP,8,,,N,550
US1CAHM0020,20200324,PRCP,13,,,N,630
US1CAHM0020,20200325,PRCP,71,,,N,610
US1CAHM0020,20200328,PRCP,13,,,N,610
US1CAHM0020,20200329,PRCP,8,,,N,646
US1CAHM0020,20200330,PRCP,5,,,N,610
US1CAHM0020,20200331,PRCP,53,,,N,610
US1CAHM0020,20200401,PRCP,38,,,N,545
US1CAHM0020,20200404,PRCP,10,,,N,500
US1CAHM0020,20200405,PRCP,269,,,N,630
US1CAHM0020,20200423,PRCP,8,,,N,535
US1CAHM0020,20200503,PRCP,86,,,N,620
US1CAHM0020,20200512,PRCP,74,,,N,600
US1CAHM0020,20200513,PRCP,69,,,N,600
US1CAHM0020,20200514,PRCP,10,,,N,610
US1CAHM0020,20200515,PRCP,56,,,N,600
US1CAHM0020,20200517,PRCP,89,,,N,610
US1CAHM0020,20200518,PRCP,165,,,N,600
US1CAHM0020,20200519,PRCP,48,,,N,610
US1CAHM0020,20200520,PRCP,8,,,N,545
US1CAHM0020,20200607,PRCP,38,,,N,705
US1CAHM0020,20200613,PRCP,3,,,N,610
US1CAHM0020,20200616,PRCP,13,,,N,610
