US1CASR0035,20120922,PRCP,0,Unnamed: 4,Unnamed: 5,N,0700
US1CASR0035,20120923,PRCP,0,,,N,700
US1CASR0035,20120924,PRCP,0,,,N,700
US1CASR0035,20120925,PRCP,0,,,N,700
US1CASR0035,20120926,PRCP,0,,,N,700
US1CASR0035,20120927,PRCP,0,,,N,700
US1CASR0035,20120928,PRCP,0,,,N,700
US1CASR0035,20120922,SNOW,0,,,N,700
US1CASR0035,20120923,SNOW,0,,,N,700
US1CASR0035,20120924,SNOW,0,,,N,700
US1CASR0035,20120925,SNOW,0,,,N,700
US1CASR0035,20120926,SNOW,0,,,N,700
US1CASR0035,20120927,SNOW,0,,,N,700
US1CASR0035,20120928,SNOW,0,,,N,700
US1CASR0035,20121001,PRCP,0,,,N,700
US1CASR0035,20121002,PRCP,0,,,N,700
US1CASR0035,20121005,PRCP,0,,,N,700
US1CASR0035,20121008,PRCP,0,,,N,700
US1CASR0035,20121009,PRCP,0,,,N,700
US1CASR0035,20121010,PRCP,0,,,N,700
US1CASR0035,20121011,PRCP,0,,,N,700
US1CASR0035,20121012,PRCP,81,,,N,700
US1CASR0035,20121015,PRCP,0,,,N,700
US1CASR0035,20121016,PRCP,0,,,N,700
US1CASR0035,20121017,PRCP,0,,,N,700
US1CASR0035,20121019,PRCP,0,,,N,700
US1CASR0035,20121020,PRCP,0,,,N,700
US1CASR0035,20121021,PRCP,0,,,N,700
US1CASR0035,20121022,PRCP,0,,,N,700
US1CASR0035,20121024,PRCP,0,,,N,700
US1CASR0035,20121025,PRCP,0,,,N,700
US1CASR0035,20121028,PRCP,0,,,N,700
US1CASR0035,20121030,PRCP,0,,,N,700
US1CASR0035,20121031,PRCP,0,,,N,700
US1CASR0035,20121001,SNOW,0,,,N,700
US1CASR0035,20121002,SNOW,0,,,N,700
US1CASR0035,20121005,SNOW,0,,,N,700
US1CASR0035,20121008,SNOW,0,,,N,700
US1CASR0035,20121009,SNOW,0,,,N,700
US1CASR0035,20121010,SNOW,0,,,N,700
US1CASR0035,20121011,SNOW,0,,,N,700
US1CASR0035,20121015,SNOW,0,,,N,700
US1CASR0035,20121016,SNOW,0,,,N,700
US1CASR0035,20121017,SNOW,0,,,N,700
US1CASR0035,20121019,SNOW,0,,,N,700
US1CASR0035,20121020,SNOW,0,,,N,700
US1CASR0035,20121021,SNOW,0,,,N,700
US1CASR0035,20121022,SNOW,0,,,N,700
US1CASR0035,20121024,SNOW,0,,,N,700
US1CASR0035,20121025,SNOW,0,,,N,700
US1CASR0035,20121028,SNOW,0,,,N,700
US1CASR0035,20121030,SNOW,0,,,N,700
US1CASR0035,20121031,SNOW,0,,,N,700
US1CASR0035,20121102,PRCP,0,,,N,700
US1CASR0035,20121105,PRCP,0,,,N,700
US1CASR0035,20121118,PRCP,0,,,N,700
US1CASR0035,20121119,PRCP,0,,,N,700
US1CASR0035,20121121,PRCP,0,,,N,700
US1CASR0035,20121123,PRCP,0,,,N,700
US1CASR0035,20121126,PRCP,0,,,N,700
US1CASR0035,20121127,PRCP,0,,,N,700
US1CASR0035,20121128,PRCP,0,,,N,700
US1CASR0035,20121102,SNOW,0,,,N,700
US1CASR0035,20121105,SNOW,0,,,N,700
US1CASR0035,20121118,SNOW,0,,,N,700
US1CASR0035,20121119,SNOW,0,,,N,700
US1CASR0035,20121121,SNOW,0,,,N,700
US1CASR0035,20121123,SNOW,0,,,N,700
US1CASR0035,20121126,SNOW,0,,,N,700
US1CASR0035,20121127,SNOW,0,,,N,700
US1CASR0035,20121128,SNOW,0,,,N,700
US1CASR0035,20121203,PRCP,0,,,N,700
US1CASR0035,20121204,PRCP,0,,,N,700
US1CASR0035,20121207,PRCP,0,,,N,700
US1CASR0035,20121212,PRCP,0,,,N,700
US1CASR0035,20121213,PRCP,23,,,N,700
US1CASR0035,20121214,PRCP,97,,,N,700
US1CASR0035,20121215,PRCP,0,,,N,700
US1CASR0035,20121216,PRCP,0,,,N,700
US1CASR0035,20121217,PRCP,0,,,N,700
US1CASR0035,20121218,PRCP,3,,,N,700
US1CASR0035,20121219,PRCP,13,,,N,700
US1CASR0035,20121222,PRCP,0,,,N,700
US1CASR0035,20121224,PRCP,0,,,N,700
US1CASR0035,20121225,PRCP,0,,,N,700
US1CASR0035,20121226,PRCP,5,,,N,700
US1CASR0035,20121229,PRCP,0,,,N,700
US1CASR0035,20121230,PRCP,0,,,N,700
US1CASR0035,20121231,PRCP,0,,,N,700
US1CASR0035,20121203,SNOW,0,,,N,700
US1CASR0035,20121204,SNOW,0,,,N,700
US1CASR0035,20121207,SNOW,0,,,N,700
US1CASR0035,20121212,SNOW,0,,,N,700
US1CASR0035,20121215,SNOW,0,,,N,700
US1CASR0035,20121216,SNOW,0,,,N,700
US1CASR0035,20121217,SNOW,0,,,N,700
US1CASR0035,20121222,SNOW,0,,,N,700
US1CASR0035,20121224,SNOW,0,,,N,700
US1CASR0035,20121225,SNOW,0,,,N,700
US1CASR0035,20121229,SNOW,0,,,N,700
US1CASR0035,20121230,SNOW,0,,,N,700
US1CASR0035,20121231,SNOW,0,,,N,700
US1CASR0035,20130101,PRCP,0,,,N,700
US1CASR0035,20130107,PRCP,8,,,N,700
US1CASR0035,20130108,PRCP,0,,,N,700
US1CASR0035,20130109,PRCP,0,,,N,700
US1CASR0035,20130112,PRCP,0,,,N,700
US1CASR0035,20130113,PRCP,0,,,N,700
US1CASR0035,20130114,PRCP,0,,,N,700
US1CASR0035,20130115,PRCP,0,,,N,700
US1CASR0035,20130116,PRCP,0,,,N,700
US1CASR0035,20130117,PRCP,0,,,N,700
US1CASR0035,20130124,PRCP,18,,,N,700
US1CASR0035,20130125,PRCP,13,,L,N,700
US1CASR0035,20130128,PRCP,0,,L,N,700
US1CASR0035,20130129,PRCP,0,,,N,700
US1CASR0035,20130101,SNOW,0,,,N,700
US1CASR0035,20130108,SNOW,0,,,N,700
US1CASR0035,20130109,SNOW,0,,,N,700
US1CASR0035,20130112,SNOW,0,,,N,700
US1CASR0035,20130113,SNOW,0,,,N,700
US1CASR0035,20130114,SNOW,0,,,N,700
US1CASR0035,20130115,SNOW,0,,,N,700
US1CASR0035,20130116,SNOW,0,,,N,700
US1CASR0035,20130117,SNOW,0,,,N,700
US1CASR0035,20130128,SNOW,0,,,N,700
US1CASR0035,20130129,SNOW,0,,,N,700
US1CASR0035,20130128,DAPR,4,,L,N,700
US1CASR0035,20130128,MDPR,53,,L,N,700
US1CASR0035,20130203,PRCP,0,,,N,700
US1CASR0035,20130204,PRCP,0,,,N,700
US1CASR0035,20130205,PRCP,0,,,N,700
US1CASR0035,20130208,PRCP,0,,,N,700
US1CASR0035,20130209,PRCP,0,,,N,700
US1CASR0035,20130210,PRCP,0,,,N,700
US1CASR0035,20130211,PRCP,0,,,N,700
US1CASR0035,20130214,PRCP,0,,,N,700
US1CASR0035,20130215,PRCP,0,,,N,700
US1CASR0035,20130216,PRCP,0,,,N,700
US1CASR0035,20130217,PRCP,0,,,N,700
US1CASR0035,20130218,PRCP,0,,,N,700
US1CASR0035,20130219,PRCP,0,,,N,700
US1CASR0035,20130220,PRCP,10,,,N,700
US1CASR0035,20130221,PRCP,5,,,N,700
US1CASR0035,20130223,PRCP,0,,,N,700
US1CASR0035,20130224,PRCP,0,,,N,700
US1CASR0035,20130225,PRCP,0,,,N,700
US1CASR0035,20130226,PRCP,0,,,N,700
US1CASR0035,20130228,PRCP,0,,,N,700
US1CASR0035,20130203,SNOW,0,,,N,700
US1CASR0035,20130204,SNOW,0,,,N,700
US1CASR0035,20130205,SNOW,0,,,N,700
US1CASR0035,20130208,SNOW,0,,,N,700
US1CASR0035,20130209,SNOW,0,,,N,700
US1CASR0035,20130210,SNOW,0,,,N,700
US1CASR0035,20130211,SNOW,0,,,N,700
US1CASR0035,20130214,SNOW,0,,,N,700
US1CASR0035,20130215,SNOW,0,,,N,700
US1CASR0035,20130216,SNOW,0,,,N,700
US1CASR0035,20130217,SNOW,0,,,N,700
US1CASR0035,20130218,SNOW,0,,,N,700
US1CASR0035,20130219,SNOW,0,,,N,700
US1CASR0035,20130220,SNOW,0,,,N,700
US1CASR0035,20130223,SNOW,0,,,N,700
US1CASR0035,20130224,SNOW,0,,,N,700
US1CASR0035,20130225,SNOW,0,,,N,700
US1CASR0035,20130226,SNOW,0,,,N,700
US1CASR0035,20130228,SNOW,0,,,N,700
US1CASR0035,20130302,PRCP,0,,,N,700
US1CASR0035,20130303,PRCP,0,,,N,700
US1CASR0035,20130306,PRCP,0,,,N,700
US1CASR0035,20130307,PRCP,0,,,N,700
US1CASR0035,20130308,PRCP,15,,,N,700
US1CASR0035,20130309,PRCP,66,,,N,700
US1CASR0035,20130311,PRCP,0,,,N,700
US1CASR0035,20130312,PRCP,0,,,N,700
US1CASR0035,20130313,PRCP,0,,,N,700
US1CASR0035,20130321,PRCP,0,,,N,700
US1CASR0035,20130328,PRCP,0,,,N,700
US1CASR0035,20130302,SNOW,0,,,N,700
US1CASR0035,20130303,SNOW,0,,,N,700
US1CASR0035,20130306,SNOW,0,,,N,700
US1CASR0035,20130307,SNOW,0,,,N,700
US1CASR0035,20130311,SNOW,0,,,N,700
US1CASR0035,20130312,SNOW,0,,,N,700
US1CASR0035,20130313,SNOW,0,,,N,700
US1CASR0035,20130321,SNOW,0,,,N,700
US1CASR0035,20130328,SNOW,0,,,N,700
US1CASR0035,20130401,PRCP,0,,,N,700
US1CASR0035,20130406,PRCP,0,,,N,700
US1CASR0035,20130408,PRCP,0,,,N,700
US1CASR0035,20130410,PRCP,0,,,N,700
US1CASR0035,20130417,PRCP,0,,,N,700
US1CASR0035,20130401,SNOW,0,,,N,700
US1CASR0035,20130406,SNOW,0,,,N,700
US1CASR0035,20130408,SNOW,0,,,N,700
US1CASR0035,20130410,SNOW,0,,,N,700
US1CASR0035,20130417,SNOW,0,,,N,700
US1CASR0035,20130507,PRCP,0,,,N,700
US1CASR0035,20130507,SNOW,0,,,N,700
US1CASR0035,20130617,PRCP,0,,,N,700
US1CASR0035,20130617,SNOW,0,,,N,700
US1CASR0035,20130723,PRCP,23,,,N,700
US1CASR0035,20130819,PRCP,0,,,N,700
US1CASR0035,20130820,PRCP,97,,,N,700
US1CASR0035,20130830,PRCP,0,,,N,700
US1CASR0035,20130819,SNOW,0,,,N,700
US1CASR0035,20130830,SNOW,0,,,N,700
US1CASR0035,20130901,PRCP,0,,,N,700
US1CASR0035,20130906,PRCP,28,,,N,700
US1CASR0035,20130908,PRCP,0,,,N,700
US1CASR0035,20130910,PRCP,0,,,N,700
US1CASR0035,20130911,PRCP,0,,,N,700
US1CASR0035,20130901,SNOW,0,,,N,700
US1CASR0035,20130908,SNOW,0,,,N,700
US1CASR0035,20130910,SNOW,0,,,N,700
US1CASR0035,20130911,SNOW,0,,,N,700
US1CASR0035,20131010,PRCP,3,,,N,700
US1CASR0035,20131122,PRCP,137,,,N,700
US1CASR0035,20131123,PRCP,163,,,N,700
US1CASR0035,20131124,PRCP,33,,,N,700
US1CASR0035,20131125,PRCP,0,,,N,700
US1CASR0035,20131125,SNOW,0,,,N,700
US1CASR0035,20131220,PRCP,0,,,N,700
US1CASR0035,20131220,SNOW,0,,,N,700
US1CASR0035,20140201,PRCP,3,,,N,700
US1CASR0035,20140207,PRCP,3,,,N,700
US1CASR0035,20140227,PRCP,3,,,N,700
US1CASR0035,20140228,PRCP,28,,,N,700
US1CASR0035,20140301,PRCP,137,,,N,700
US1CASR0035,20140303,PRCP,0,,,N,700
US1CASR0035,20140327,PRCP,0,,,N,700
US1CASR0035,20140330,PRCP,5,,,N,700
US1CASR0035,20140303,SNOW,0,,,N,700
US1CASR0035,20140327,SNOW,0,,,N,700
US1CASR0035,20140401,PRCP,23,,,N,700
US1CASR0035,20140426,PRCP,25,,,N,700
US1CASR0035,20140522,PRCP,28,,,N,700
US1CASR0035,20140523,PRCP,10,,,N,700
US1CASR0035,20140706,PRCP,0,,,N,700
US1CASR0035,20140728,PRCP,28,,,N,700
US1CASR0035,20140729,PRCP,3,,,N,700
US1CASR0035,20140706,SNOW,0,,,N,700
US1CASR0035,20140802,PRCP,0,,,N,700
US1CASR0035,20140803,PRCP,3,,,N,700
US1CASR0035,20140804,PRCP,279,,,N,700
US1CASR0035,20140802,SNOW,0,,,N,700
US1CASR0035,20140907,PRCP,0,,,N,700
US1CASR0035,20140908,PRCP,3,,,N,700
US1CASR0035,20140909,PRCP,5,,,N,700
US1CASR0035,20140907,SNOW,0,,,N,700
US1CASR0035,20141101,PRCP,13,,,N,700
US1CASR0035,20141203,PRCP,94,,,N,700
US1CASR0035,20141204,PRCP,23,,,N,700
US1CASR0035,20141205,PRCP,3,,,N,700
US1CASR0035,20141206,PRCP,0,,,N,700
US1CASR0035,20141207,PRCP,3,,,N,700
US1CASR0035,20141208,PRCP,0,,,N,700
US1CASR0035,20141209,PRCP,0,,,N,700
US1CASR0035,20141211,PRCP,0,,,N,700
US1CASR0035,20141212,PRCP,18,,,N,700
US1CASR0035,20141213,PRCP,38,,,N,700
US1CASR0035,20141214,PRCP,0,,,N,700
US1CASR0035,20141217,PRCP,38,,,N,700
US1CASR0035,20141218,PRCP,3,,,N,700
US1CASR0035,20141231,PRCP,0,,,N,700
US1CASR0035,20141206,SNOW,0,,,N,700
US1CASR0035,20141208,SNOW,0,,,N,700
US1CASR0035,20141209,SNOW,0,,,N,700
US1CASR0035,20141211,SNOW,0,,,N,700
US1CASR0035,20141214,SNOW,0,,,N,700
US1CASR0035,20141231,SNOW,0,,,N,700
US1CASR0035,20150101,PRCP,0,,,N,700
US1CASR0035,20150110,PRCP,0,,,N,700
US1CASR0035,20150111,PRCP,23,,,N,700
US1CASR0035,20150112,PRCP,168,,,N,700
US1CASR0035,20150113,PRCP,0,,,N,700
US1CASR0035,20150127,PRCP,66,,,N,700
US1CASR0035,20150129,PRCP,0,,,N,700
US1CASR0035,20150130,PRCP,8,,,N,700
US1CASR0035,20150131,PRCP,81,,,N,700
US1CASR0035,20150101,SNOW,0,,,N,700
US1CASR0035,20150110,SNOW,0,,,N,700
US1CASR0035,20150113,SNOW,0,,,N,700
US1CASR0035,20150129,SNOW,0,,,N,700
US1CASR0035,20150201,PRCP,0,,,N,700
US1CASR0035,20150208,PRCP,8,,,N,700
US1CASR0035,20150223,PRCP,145,,,N,700
US1CASR0035,20150225,PRCP,0,,,N,700
US1CASR0035,20150227,PRCP,0,,,N,700
US1CASR0035,20150228,PRCP,0,,,N,700
US1CASR0035,20150201,SNOW,0,,,N,700
US1CASR0035,20150225,SNOW,0,,,N,700
US1CASR0035,20150227,SNOW,0,,,N,700
US1CASR0035,20150228,SNOW,0,,,N,700
US1CASR0035,20150301,PRCP,0,,,N,700
US1CASR0035,20150302,PRCP,0,,,N,700
US1CASR0035,20150303,PRCP,0,,,N,700
US1CASR0035,20150312,PRCP,0,,,N,700
US1CASR0035,20150301,SNOW,0,,,N,700
US1CASR0035,20150302,SNOW,0,,,N,700
US1CASR0035,20150303,SNOW,0,,,N,700
US1CASR0035,20150312,SNOW,0,,,N,700
US1CASR0035,20150509,PRCP,3,,,N,700
US1CASR0035,20150610,PRCP,0,,,N,700
US1CASR0035,20150614,PRCP,0,,,N,700
US1CASR0035,20150627,PRCP,0,,,N,700
US1CASR0035,20150610,SNOW,0,,,N,700
US1CASR0035,20150614,SNOW,0,,,N,700
US1CASR0035,20150627,SNOW,0,,,N,700
US1CASR0035,20150701,PRCP,13,,,N,700
US1CASR0035,20150702,PRCP,3,,,N,700
US1CASR0035,20150706,PRCP,0,,,N,700
US1CASR0035,20150707,PRCP,0,,,N,700
US1CASR0035,20150719,PRCP,152,,,N,700
US1CASR0035,20150720,PRCP,84,,,N,700
US1CASR0035,20150730,PRCP,8,,,N,700
US1CASR0035,20150706,SNOW,0,,,N,700
US1CASR0035,20150707,SNOW,0,,,N,700
US1CASR0035,20150801,PRCP,0,,,N,700
US1CASR0035,20150807,PRCP,18,,,N,700
US1CASR0035,20150801,SNOW,0,,,N,700
US1CASR0035,20150910,PRCP,38,,,N,700
US1CASR0035,20150911,PRCP,0,,,N,700
US1CASR0035,20150916,PRCP,157,,,N,700
US1CASR0035,20150911,SNOW,0,,,N,700
US1CASR0035,20151005,PRCP,30,,,N,700
US1CASR0035,20151006,PRCP,109,,,N,700
US1CASR0035,20151015,PRCP,43,,,N,700
US1CASR0035,20151017,PRCP,8,,,N,700
US1CASR0035,20151019,PRCP,145,,,N,700
US1CASR0035,20151103,PRCP,20,,,N,700
US1CASR0035,20151212,PRCP,0,,,N,700
US1CASR0035,20151214,PRCP,15,,,N,700
US1CASR0035,20151220,PRCP,33,,,N,700
US1CASR0035,20151222,PRCP,0,,,N,700
US1CASR0035,20151212,SNOW,0,,,N,700
US1CASR0035,20151222,SNOW,0,,,N,700
US1CASR0035,20160104,PRCP,0,,,N,700
US1CASR0035,20160106,PRCP,79,,,N,700
US1CASR0035,20160107,PRCP,74,,,N,700
US1CASR0035,20160108,PRCP,0,,,N,700
US1CASR0035,20160110,PRCP,0,T,,N,700
US1CASR0035,20160120,PRCP,58,,,N,700
US1CASR0035,20160131,PRCP,0,,,N,700
US1CASR0035,20160104,SNOW,0,,,N,700
US1CASR0035,20160108,SNOW,0,,,N,700
US1CASR0035,20160131,SNOW,0,,,N,700
US1CASR0035,20160201,PRCP,41,,,N,700
US1CASR0035,20160218,PRCP,30,,,N,700
US1CASR0035,20160219,PRCP,0,T,,N,700
US1CASR0035,20160306,PRCP,0,T,,N,700
US1CASR0035,20160307,PRCP,46,,,N,700
US1CASR0035,20160308,PRCP,0,T,,N,700
US1CASR0035,20160312,PRCP,15,,,N,700
US1CASR0035,20160331,PRCP,0,T,,N,700
US1CASR0035,20160408,PRCP,5,,,N,700
US1CASR0035,20160409,PRCP,150,,,N,700
US1CASR0035,20160410,PRCP,23,,,N,700
US1CASR0035,20160411,PRCP,0,,,N,700
US1CASR0035,20160412,PRCP,5,,,N,700
US1CASR0035,20160427,PRCP,0,,,N,700
US1CASR0035,20160428,PRCP,8,,,N,700
US1CASR0035,20160430,PRCP,10,,,N,700
US1CASR0035,20160411,SNOW,0,,,N,700
US1CASR0035,20160427,SNOW,0,,,N,700
US1CASR0035,20160501,PRCP,25,,,N,700
US1CASR0035,20160507,PRCP,0,,,N,700
US1CASR0035,20160518,PRCP,8,,,N,700
US1CASR0035,20160526,PRCP,10,,,N,700
US1CASR0035,20160507,SNOW,0,,,N,700
US1CASR0035,20160702,PRCP,5,,,N,700
US1CASR0035,20160920,PRCP,0,,,N,700
US1CASR0035,20160921,PRCP,0,,,N,700
US1CASR0035,20160930,PRCP,0,,,N,700
US1CASR0035,20160920,SNOW,0,,,N,700
US1CASR0035,20160921,SNOW,0,,,N,700
US1CASR0035,20160930,SNOW,0,,,N,700
US1CASR0035,20161024,PRCP,185,,,N,700
US1CASR0035,20161025,PRCP,38,,,N,700
US1CASR0035,20161029,PRCP,0,,,N,700
US1CASR0035,20161029,SNOW,0,,,N,700
US1CASR0035,20161120,PRCP,0,,,N,700
US1CASR0035,20161121,PRCP,13,,,N,700
US1CASR0035,20161127,PRCP,0,T,,N,700
US1CASR0035,20161120,SNOW,0,,,N,700
US1CASR0035,20161216,PRCP,0,,,N,700
US1CASR0035,20161217,PRCP,10,,,N,700
US1CASR0035,20161222,PRCP,109,,,N,700
US1CASR0035,20161223,PRCP,28,,,N,700
US1CASR0035,20161224,PRCP,56,,,N,700
US1CASR0035,20161231,PRCP,0,T,,N,700
US1CASR0035,20161216,SNOW,0,,,N,700
US1CASR0035,20170101,PRCP,315,,,N,700
US1CASR0035,20170107,PRCP,25,,,N,700
US1CASR0035,20170108,PRCP,15,,,N,700
US1CASR0035,20170109,PRCP,43,,,N,700
US1CASR0035,20170111,PRCP,0,,,N,700
US1CASR0035,20170112,PRCP,3,,,N,700
US1CASR0035,20170113,PRCP,76,,,N,700
US1CASR0035,20170114,PRCP,119,,,N,700
US1CASR0035,20170119,PRCP,18,,,N,700
US1CASR0035,20170120,PRCP,5,,,N,700
US1CASR0035,20170121,PRCP,36,,,N,700
US1CASR0035,20170122,PRCP,33,,,N,700
US1CASR0035,20170123,PRCP,33,,,N,700
US1CASR0035,20170124,PRCP,20,,,N,700
US1CASR0035,20170111,SNOW,0,,,N,700
US1CASR0035,20170112,SNOW,0,,,N,700
US1CASR0035,20170207,PRCP,0,T,,N,700
US1CASR0035,20170211,PRCP,56,,,N,700
US1CASR0035,20170212,PRCP,5,,,N,700
US1CASR0035,20170217,PRCP,10,,,N,700
US1CASR0035,20170218,PRCP,41,,,N,700
US1CASR0035,20170226,PRCP,46,,,N,700
US1CASR0035,20170227,PRCP,0,,,N,700
US1CASR0035,20170227,SNOW,0,,,N,700
US1CASR0035,20170322,PRCP,0,,,N,700
US1CASR0035,20170323,PRCP,0,,,N,700
US1CASR0035,20170322,SNOW,0,,,N,700
US1CASR0035,20170323,SNOW,0,,,N,700
US1CASR0035,20170507,PRCP,0,,,N,700
US1CASR0035,20170508,PRCP,3,,,N,700
US1CASR0035,20170510,PRCP,0,,,N,700
US1CASR0035,20170507,SNOW,0,,,N,700
US1CASR0035,20170510,SNOW,0,,,N,700
US1CASR0035,20170709,PRCP,0,T,,N,700
US1CASR0035,20170725,PRCP,3,,,N,700
US1CASR0035,20170804,PRCP,3,,,N,700
US1CASR0035,20170805,PRCP,0,,,N,700
US1CASR0035,20170812,PRCP,0,T,,N,700
US1CASR0035,20170829,PRCP,0,,,N,700
US1CASR0035,20170831,PRCP,0,,,N,700
US1CASR0035,20170805,SNOW,0,,,N,700
US1CASR0035,20170829,SNOW,0,,,N,700
US1CASR0035,20170831,SNOW,0,,,N,700
US1CASR0035,20170909,PRCP,0,,,N,700
US1CASR0035,20170910,PRCP,3,,,N,700
US1CASR0035,20170909,SNOW,0,,,N,700
US1CASR0035,20171001,PRCP,0,,,N,700
US1CASR0035,20171001,SNOW,0,,,N,700
US1CASR0035,20180108,PRCP,0,,,N,700
US1CASR0035,20180109,PRCP,76,,,N,700
US1CASR0035,20180110,PRCP,10,,,N,700
US1CASR0035,20180108,SNOW,0,,,N,700
US1CASR0035,20180213,PRCP,0,T,,N,700
US1CASR0035,20180214,PRCP,0,T,,N,700
US1CASR0035,20180227,PRCP,13,,,N,700
US1CASR0035,20180228,PRCP,0,,,N,700
US1CASR0035,20180228,SNOW,0,,,N,700
US1CASR0035,20180303,PRCP,0,,,N,700
US1CASR0035,20180304,PRCP,0,,,N,700
US1CASR0035,20180305,PRCP,0,,,N,700
US1CASR0035,20180310,PRCP,0,,,N,700
US1CASR0035,20180311,PRCP,79,,,N,700
US1CASR0035,20180312,PRCP,0,,,N,700
US1CASR0035,20180313,PRCP,0,,,N,700
US1CASR0035,20180314,PRCP,0,T,,N,700
US1CASR0035,20180315,PRCP,30,,,N,700
US1CASR0035,20180317,PRCP,0,,,N,700
US1CASR0035,20180321,PRCP,0,,,N,700
US1CASR0035,20180322,PRCP,38,,,N,700
US1CASR0035,20180323,PRCP,3,,,N,700
US1CASR0035,20180303,SNOW,0,,,N,700
US1CASR0035,20180304,SNOW,0,,,N,700
US1CASR0035,20180305,SNOW,0,,,N,700
US1CASR0035,20180310,SNOW,0,,,N,700
US1CASR0035,20180312,SNOW,0,,,N,700
US1CASR0035,20180313,SNOW,0,,,N,700
US1CASR0035,20180317,SNOW,0,,,N,700
US1CASR0035,20180321,SNOW,0,,,N,700
US1CASR0035,20180502,PRCP,25,,,N,700
US1CASR0035,20180503,PRCP,5,,,N,700
US1CASR0035,20180531,PRCP,0,,,N,700
US1CASR0035,20180531,SNOW,0,,,N,700
US1CASR0035,20180601,PRCP,0,,,N,700
US1CASR0035,20180601,SNOW,0,,,N,700
US1CASR0035,20180702,PRCP,0,,,N,700
US1CASR0035,20180708,PRCP,0,,,N,700
US1CASR0035,20180709,PRCP,0,,,N,700
US1CASR0035,20180712,PRCP,13,,,N,700
US1CASR0035,20180713,PRCP,0,,,N,700
US1CASR0035,20180720,PRCP,15,,,N,700
US1CASR0035,20180721,PRCP,0,T,,N,700
US1CASR0035,20180730,PRCP,0,,,N,700
US1CASR0035,20180731,PRCP,0,,,N,700
US1CASR0035,20180702,SNOW,0,,,N,700
US1CASR0035,20180708,SNOW,0,,,N,700
US1CASR0035,20180709,SNOW,0,,,N,700
US1CASR0035,20180713,SNOW,0,,,N,700
US1CASR0035,20180730,SNOW,0,,,N,700
US1CASR0035,20180731,SNOW,0,,,N,700
US1CASR0035,20180801,PRCP,0,,,N,700
US1CASR0035,20180810,PRCP,0,T,,N,700
US1CASR0035,20180817,PRCP,0,,,N,700
US1CASR0035,20180831,PRCP,0,,,N,700
US1CASR0035,20180801,SNOW,0,,,N,700
US1CASR0035,20180817,SNOW,0,,,N,700
US1CASR0035,20180831,SNOW,0,,,N,700
US1CASR0035,20180901,PRCP,0,,,N,700
US1CASR0035,20180901,SNOW,0,,,N,700
US1CASR0035,20181001,PRCP,0,,,N,700
US1CASR0035,20181002,PRCP,0,,,N,700
US1CASR0035,20181003,PRCP,0,,,N,700
US1CASR0035,20181004,PRCP,0,,,N,700
US1CASR0035,20181007,PRCP,23,,,N,700
US1CASR0035,20181012,PRCP,0,T,,N,700
US1CASR0035,20181013,PRCP,8,,,N,700
US1CASR0035,20181018,PRCP,0,,,N,700
US1CASR0035,20181031,PRCP,0,,,N,700
US1CASR0035,20181001,SNOW,0,,,N,700
US1CASR0035,20181002,SNOW,0,,,N,700
US1CASR0035,20181003,SNOW,0,,,N,700
US1CASR0035,20181004,SNOW,0,,,N,700
US1CASR0035,20181018,SNOW,0,,,N,700
US1CASR0035,20181031,SNOW,0,,,N,700
US1CASR0035,20181101,PRCP,0,,,N,700
US1CASR0035,20181122,PRCP,30,,,N,700
US1CASR0035,20181130,PRCP,33,,,N,700
US1CASR0035,20181101,SNOW,0,,,N,700
US1CASR0035,20181204,PRCP,0,,,N,700
US1CASR0035,20181205,PRCP,0,,,N,700
US1CASR0035,20181206,PRCP,10,,,N,700
US1CASR0035,20181207,PRCP,58,,,N,700
US1CASR0035,20181208,PRCP,5,,,N,700
US1CASR0035,20181209,PRCP,3,,,N,700
US1CASR0035,20181210,PRCP,0,,,N,700
US1CASR0035,20181225,PRCP,0,,,N,700
US1CASR0035,20181226,PRCP,5,,,N,700
US1CASR0035,20181230,PRCP,0,,,N,700
US1CASR0035,20181231,PRCP,0,,,N,700
US1CASR0035,20181204,SNOW,0,,,N,700
US1CASR0035,20181205,SNOW,0,,,N,700
US1CASR0035,20181210,SNOW,0,,,N,700
US1CASR0035,20181225,SNOW,0,,,N,700
US1CASR0035,20181230,SNOW,0,,,N,700
US1CASR0035,20181231,SNOW,0,,,N,700
US1CASR0035,20190101,PRCP,0,,,N,700
US1CASR0035,20190106,PRCP,23,,,N,700
US1CASR0035,20190113,PRCP,15,,,N,700
US1CASR0035,20190114,PRCP,0,,,N,700
US1CASR0035,20190115,PRCP,30,,,N,700
US1CASR0035,20190116,PRCP,10,,,N,700
US1CASR0035,20190117,PRCP,8,,,N,700
US1CASR0035,20190118,PRCP,56,,,N,700
US1CASR0035,20190130,PRCP,0,,,N,700
US1CASR0035,20190131,PRCP,0,,,N,700
US1CASR0035,20190101,SNOW,0,,,N,700
US1CASR0035,20190114,SNOW,0,,,N,700
US1CASR0035,20190130,SNOW,0,,,N,700
US1CASR0035,20190131,SNOW,0,,,N,700
US1CASR0035,20190201,PRCP,0,,,N,700
US1CASR0035,20190202,PRCP,23,,,N,700
US1CASR0035,20190203,PRCP,28,,,N,700
US1CASR0035,20190204,PRCP,0,,,N,700
US1CASR0035,20190205,PRCP,5,,,N,700
US1CASR0035,20190209,PRCP,18,,,N,700
US1CASR0035,20190214,PRCP,38,,,N,700
US1CASR0035,20190215,PRCP,127,,,N,700
US1CASR0035,20190221,PRCP,8,,,N,700
US1CASR0035,20190222,PRCP,20,,,N,700
US1CASR0035,20190201,SNOW,0,,,N,700
US1CASR0035,20190204,SNOW,0,,,N,700
US1CASR0035,20190301,PRCP,0,,,N,700
US1CASR0035,20190302,PRCP,51,,,N,700
US1CASR0035,20190304,PRCP,0,,,N,700
US1CASR0035,20190306,PRCP,43,,,N,700
US1CASR0035,20190307,PRCP,23,,,N,700
US1CASR0035,20190311,PRCP,0,,,N,700
US1CASR0035,20190312,PRCP,86,,,N,700
US1CASR0035,20190313,PRCP,8,,,N,700
US1CASR0035,20190320,PRCP,5,,,N,700
US1CASR0035,20190321,PRCP,3,,,N,700
US1CASR0035,20190322,PRCP,0,,,N,700
US1CASR0035,20190331,PRCP,0,,,N,700
US1CASR0035,20190301,SNOW,0,,,N,700
US1CASR0035,20190304,SNOW,0,,,N,700
US1CASR0035,20190311,SNOW,0,,,N,700
US1CASR0035,20190322,SNOW,0,,,N,700
US1CASR0035,20190331,SNOW,0,,,N,700
US1CASR0035,20190401,PRCP,0,,,N,700
US1CASR0035,20190417,PRCP,0,,,N,700
US1CASR0035,20190423,PRCP,0,,,N,700
US1CASR0035,20190430,PRCP,0,T,,N,700
US1CASR0035,20190401,SNOW,0,,,N,700
US1CASR0035,20190417,SNOW,0,,,N,700
US1CASR0035,20190423,SNOW,0,,,N,700
US1CASR0035,20190502,PRCP,0,,,N,700
US1CASR0035,20190510,PRCP,0,T,,N,700
US1CASR0035,20190511,PRCP,10,,,N,700
US1CASR0035,20190512,PRCP,0,,,N,700
US1CASR0035,20190516,PRCP,0,,,N,700
US1CASR0035,20190517,PRCP,46,,,N,700
US1CASR0035,20190519,PRCP,18,,,N,700
US1CASR0035,20190520,PRCP,13,,,N,700
US1CASR0035,20190523,PRCP,84,,,N,700
US1CASR0035,20190524,PRCP,0,,,N,700
US1CASR0035,20190531,PRCP,0,,,N,700
US1CASR0035,20190502,SNOW,0,,,N,700
US1CASR0035,20190512,SNOW,0,,,N,700
US1CASR0035,20190516,SNOW,0,,,N,700
US1CASR0035,20190524,SNOW,0,,,N,700
US1CASR0035,20190531,SNOW,0,,,N,700
US1CASR0035,20190601,PRCP,0,,,N,700
US1CASR0035,20190602,PRCP,8,,,N,700
US1CASR0035,20190629,PRCP,0,,,N,700
US1CASR0035,20190630,PRCP,0,,,N,700
US1CASR0035,20190601,SNOW,0,,,N,700
US1CASR0035,20190629,SNOW,0,,,N,700
US1CASR0035,20190630,SNOW,0,,,N,700
US1CASR0035,20190703,PRCP,0,,L,N,700
US1CASR0035,20190723,PRCP,0,,,N,700
US1CASR0035,20190724,PRCP,0,,,N,700
US1CASR0035,20190725,PRCP,0,,,N,700
US1CASR0035,20190726,PRCP,0,,,N,700
US1CASR0035,20190730,PRCP,0,,,N,700
US1CASR0035,20190703,SNOW,0,,,N,700
US1CASR0035,20190723,SNOW,0,,,N,700
US1CASR0035,20190724,SNOW,0,,,N,700
US1CASR0035,20190725,SNOW,0,,,N,700
US1CASR0035,20190726,SNOW,0,,,N,700
US1CASR0035,20190730,SNOW,0,,,N,700
US1CASR0035,20190703,DAPR,2,,L,N,700
US1CASR0035,20190703,MDPR,0,,L,N,700
US1CASR0035,20190808,PRCP,0,,,N,700
US1CASR0035,20190808,SNOW,0,,,N,700
US1CASR0035,20190901,PRCP,0,,,N,700
US1CASR0035,20190903,PRCP,0,,,N,700
US1CASR0035,20190909,PRCP,0,,,N,700
US1CASR0035,20190913,PRCP,0,,,N,700
US1CASR0035,20190927,PRCP,0,T,,N,700
US1CASR0035,20190929,PRCP,0,,,N,700
US1CASR0035,20190930,PRCP,0,,,N,700
US1CASR0035,20190901,SNOW,0,,,N,700
US1CASR0035,20190903,SNOW,0,,,N,700
US1CASR0035,20190909,SNOW,0,,,N,700
US1CASR0035,20190913,SNOW,0,,,N,700
US1CASR0035,20190929,SNOW,0,,,N,700
US1CASR0035,20190930,SNOW,0,,,N,700
US1CASR0035,20191001,PRCP,0,,,N,700
US1CASR0035,20191031,PRCP,0,,,N,700
US1CASR0035,20191001,SNOW,0,,,N,700
US1CASR0035,20191031,SNOW,0,,,N,700
US1CASR0035,20191101,PRCP,0,,,N,700
US1CASR0035,20191118,PRCP,0,,,N,700
US1CASR0035,20191119,PRCP,0,,,N,700
US1CASR0035,20191120,PRCP,0,,,N,700
US1CASR0035,20191121,PRCP,3,,,N,700
US1CASR0035,20191125,PRCP,0,,,N,700
US1CASR0035,20191127,PRCP,0,,,N,700
US1CASR0035,20191128,PRCP,18,,,N,700
US1CASR0035,20191129,PRCP,114,,,N,700
US1CASR0035,20191101,SNOW,0,,,N,700
US1CASR0035,20191118,SNOW,0,,,N,700
US1CASR0035,20191119,SNOW,0,,,N,700
US1CASR0035,20191120,SNOW,0,,,N,700
US1CASR0035,20191125,SNOW,0,,,N,700
US1CASR0035,20191127,SNOW,0,,,N,700
US1CASR0035,20191201,PRCP,28,,,N,700
US1CASR0035,20191204,PRCP,30,,,N,700
US1CASR0035,20191205,PRCP,109,,,N,700
US1CASR0035,20191206,PRCP,3,,,N,700
US1CASR0035,20191207,PRCP,10,,,N,700
US1CASR0035,20191208,PRCP,10,,,N,700
US1CASR0035,20191209,PRCP,36,,,N,700
US1CASR0035,20191210,PRCP,0,,,N,700
US1CASR0035,20191222,PRCP,0,,,N,700
US1CASR0035,20191223,PRCP,0,,,N,700
US1CASR0035,20191224,PRCP,8,,,N,700
US1CASR0035,20191225,PRCP,0,,,N,700
US1CASR0035,20191226,PRCP,15,,,N,700
US1CASR0035,20191227,PRCP,229,,,N,700
US1CASR0035,20191228,PRCP,3,,,N,700
US1CASR0035,20191229,PRCP,0,,,N,700
US1CASR0035,20191230,PRCP,0,,,N,700
US1CASR0035,20191231,PRCP,0,,,N,700
US1CASR0035,20191210,SNOW,0,,,N,700
US1CASR0035,20191222,SNOW,0,,,N,700
US1CASR0035,20191223,SNOW,0,,,N,700
US1CASR0035,20191225,SNOW,0,,,N,700
US1CASR0035,20191229,SNOW,0,,,N,700
US1CASR0035,20191230,SNOW,0,,,N,700
US1CASR0035,20191231,SNOW,0,,,N,700
US1CASR0035,20200101,PRCP,0,,,N,700
US1CASR0035,20200102,PRCP,0,,,N,700
US1CASR0035,20200116,PRCP,0,,,N,700
US1CASR0035,20200117,PRCP,5,,,N,700
US1CASR0035,20200120,PRCP,0,,,N,700
US1CASR0035,20200121,PRCP,0,,,N,700
US1CASR0035,20200131,PRCP,0,,,N,700
US1CASR0035,20200101,SNOW,0,,,N,700
US1CASR0035,20200102,SNOW,0,,,N,700
US1CASR0035,20200116,SNOW,0,,,N,700
US1CASR0035,20200120,SNOW,0,,,N,700
US1CASR0035,20200121,SNOW,0,,,N,700
US1CASR0035,20200131,SNOW,0,,,N,700
US1CASR0035,20200201,PRCP,0,,,N,700
US1CASR0035,20200210,PRCP,0,,,N,700
US1CASR0035,20200211,PRCP,0,,,N,700
US1CASR0035,20200223,PRCP,5,,,N,700
US1CASR0035,20200229,PRCP,0,,,N,700
US1CASR0035,20200201,SNOW,0,,,N,700
US1CASR0035,20200210,SNOW,0,,,N,700
US1CASR0035,20200211,SNOW,0,,,N,700
US1CASR0035,20200229,SNOW,0,,,N,700
US1CASR0035,20200302,PRCP,3,,,N,700
US1CASR0035,20200307,PRCP,0,,,N,700
US1CASR0035,20200308,PRCP,0,,,N,700
US1CASR0035,20200310,PRCP,61,,,N,700
US1CASR0035,20200311,PRCP,23,,,N,700
US1CASR0035,20200313,PRCP,267,,,N,700
US1CASR0035,20200314,PRCP,0,,,N,700
US1CASR0035,20200320,PRCP,28,,,N,700
US1CASR0035,20200323,PRCP,23,,,N,700
US1CASR0035,20200330,PRCP,0,,,N,700
US1CASR0035,20200331,PRCP,0,,,N,700
US1CASR0035,20200307,SNOW,0,,,N,700
US1CASR0035,20200308,SNOW,0,,,N,700
US1CASR0035,20200314,SNOW,0,,,N,700
US1CASR0035,20200330,SNOW,0,,,N,700
US1CASR0035,20200331,SNOW,0,,,N,700
US1CASR0035,20200401,PRCP,0,,,N,700
US1CASR0035,20200406,PRCP,0,,,N,700
US1CASR0035,20200407,PRCP,69,,,N,700
US1CASR0035,20200408,PRCP,254,,,N,700
US1CASR0035,20200409,PRCP,46,,,N,700
US1CASR0035,20200410,PRCP,79,,,N,700
US1CASR0035,20200411,PRCP,10,,,N,700
US1CASR0035,20200412,PRCP,0,,,N,700
US1CASR0035,20200421,PRCP,0,T,,N,700
US1CASR0035,20200401,SNOW,0,,,N,700
US1CASR0035,20200406,SNOW,0,,,N,700
US1CASR0035,20200412,SNOW,0,,,N,700
US1CASR0035,20200501,PRCP,0,,,N,700
US1CASR0035,20200511,PRCP,0,,,N,700
US1CASR0035,20200531,PRCP,0,,,N,700
US1CASR0035,20200501,SNOW,0,,,N,700
US1CASR0035,20200511,SNOW,0,,,N,700
US1CASR0035,20200531,SNOW,0,,,N,700
US1CASR0035,20200601,PRCP,0,,,N,700
US1CASR0035,20200630,PRCP,0,,,N,700
US1CASR0035,20200601,SNOW,0,,,N,700
US1CASR0035,20200630,SNOW,0,,,N,700
US1CASR0035,20200701,PRCP,0,,,N,700
US1CASR0035,20200730,PRCP,0,,,N,700
US1CASR0035,20200731,PRCP,0,,,N,700
US1CASR0035,20200701,SNOW,0,,,N,700
US1CASR0035,20200730,SNOW,0,,,N,700
US1CASR0035,20200731,SNOW,0,,,N,700
US1CASR0035,20200801,PRCP,0,,,N,700
US1CASR0035,20200802,PRCP,0,,,N,700
US1CASR0035,20200813,PRCP,0,,,N,700
US1CASR0035,20200817,PRCP,0,,,N,700
US1CASR0035,20200818,PRCP,0,,,N,700
US1CASR0035,20200825,PRCP,0,,,N,700
US1CASR0035,20200831,PRCP,0,,,N,700
US1CASR0035,20200801,SNOW,0,,,N,700
US1CASR0035,20200802,SNOW,0,,,N,700
US1CASR0035,20200813,SNOW,0,,,N,700
US1CASR0035,20200817,SNOW,0,,,N,700
US1CASR0035,20200818,SNOW,0,,,N,700
US1CASR0035,20200825,SNOW,0,,,N,700
US1CASR0035,20200831,SNOW,0,,,N,700
US1CASR0035,20200901,PRCP,0,,,N,700
US1CASR0035,20200930,PRCP,0,,,N,700
US1CASR0035,20200901,SNOW,0,,,N,700
US1CASR0035,20200930,SNOW,0,,,N,700
US1CASR0035,20201001,PRCP,0,,,N,700
US1CASR0035,20201027,PRCP,0,,,N,700
US1CASR0035,20201001,SNOW,0,,,N,700
US1CASR0035,20201027,SNOW,0,,,N,700
US1CASR0035,20201107,PRCP,0,,,N,700
US1CASR0035,20201108,PRCP,0,,,N,700
US1CASR0035,20201109,PRCP,0,,,N,700
US1CASR0035,20201124,PRCP,0,,,N,700
US1CASR0035,20201129,PRCP,0,,,N,700
US1CASR0035,20201130,PRCP,0,,,N,700
US1CASR0035,20201107,SNOW,0,,,N,700
US1CASR0035,20201108,SNOW,0,,,N,700
US1CASR0035,20201109,SNOW,0,,,N,700
US1CASR0035,20201124,SNOW,0,,,N,700
US1CASR0035,20201129,SNOW,0,,,N,700
US1CASR0035,20201130,SNOW,0,,,N,700
US1CASR0035,20201201,PRCP,0,,,N,700
US1CASR0035,20201203,PRCP,0,,,N,700
US1CASR0035,20201220,PRCP,0,,,N,700
US1CASR0035,20201224,PRCP,0,,,N,700
US1CASR0035,20201225,PRCP,0,,,N,700
US1CASR0035,20201227,PRCP,0,,,N,700
US1CASR0035,20201228,PRCP,48,,,N,700
US1CASR0035,20201229,PRCP,5,,,N,700
US1CASR0035,20201231,PRCP,0,,,N,700
US1CASR0035,20201201,SNOW,0,,,N,700
US1CASR0035,20201203,SNOW,0,,,N,700
US1CASR0035,20201220,SNOW,0,,,N,700
US1CASR0035,20201224,SNOW,0,,,N,700
US1CASR0035,20201225,SNOW,0,,,N,700
US1CASR0035,20201227,SNOW,0,,,N,700
US1CASR0035,20201231,SNOW,0,,,N,700
US1CASR0035,20210101,PRCP,0,,,N,700
US1CASR0035,20210111,PRCP,0,,,N,700
US1CASR0035,20210119,PRCP,0,,,N,700
US1CASR0035,20210120,PRCP,0,,,N,700
US1CASR0035,20210123,PRCP,0,,,N,700
US1CASR0035,20210124,PRCP,5,,,N,700
US1CASR0035,20210125,PRCP,13,,,N,700
US1CASR0035,20210126,PRCP,0,,,N,700
US1CASR0035,20210130,PRCP,23,,,N,700
US1CASR0035,20210131,PRCP,0,,,N,700
US1CASR0035,20210101,SNOW,0,,,N,700
US1CASR0035,20210111,SNOW,0,,,N,700
US1CASR0035,20210119,SNOW,0,,,N,700
US1CASR0035,20210120,SNOW,0,,,N,700
US1CASR0035,20210123,SNOW,0,,,N,700
US1CASR0035,20210126,SNOW,0,,,N,700
US1CASR0035,20210131,SNOW,0,,,N,700
US1CASR0035,20210201,PRCP,0,,,N,700
US1CASR0035,20210204,PRCP,0,,,N,700
US1CASR0035,20210210,PRCP,0,,,N,700
US1CASR0035,20210212,PRCP,3,,,N,700
US1CASR0035,20210215,PRCP,0,,,N,700
US1CASR0035,20210224,PRCP,0,,,N,700
US1CASR0035,20210228,PRCP,0,,,N,700
US1CASR0035,20210201,SNOW,0,,,N,700
US1CASR0035,20210204,SNOW,0,,,N,700
US1CASR0035,20210210,SNOW,0,,,N,700
US1CASR0035,20210215,SNOW,0,,,N,700
US1CASR0035,20210224,SNOW,0,,,N,700
US1CASR0035,20210228,SNOW,0,,,N,700
US1CASR0035,20210304,PRCP,0,,,N,700
US1CASR0035,20210309,PRCP,0,,,N,700
US1CASR0035,20210311,PRCP,10,,,N,700
US1CASR0035,20210312,PRCP,3,,,N,700
US1CASR0035,20210313,PRCP,10,,,N,700
US1CASR0035,20210316,PRCP,0,T,,N,700
US1CASR0035,20210320,PRCP,0,,,N,700
US1CASR0035,20210323,PRCP,0,,,N,700
US1CASR0035,20210326,PRCP,5,,,N,700
US1CASR0035,20210330,PRCP,0,,,N,700
US1CASR0035,20210304,SNOW,0,,,N,700
US1CASR0035,20210309,SNOW,0,,,N,700
US1CASR0035,20210320,SNOW,0,,,N,700
US1CASR0035,20210323,SNOW,0,,,N,700
US1CASR0035,20210330,SNOW,0,,,N,700
US1CASR0035,20210401,PRCP,0,,,N,700
US1CASR0035,20210403,PRCP,0,,,N,700
US1CASR0035,20210426,PRCP,0,,,N,700
US1CASR0035,20210428,PRCP,0,,,N,700
US1CASR0035,20210429,PRCP,0,,,N,700
US1CASR0035,20210430,PRCP,0,,,N,700
US1CASR0035,20210401,SNOW,0,,,N,700
US1CASR0035,20210403,SNOW,0,,,N,700
US1CASR0035,20210426,SNOW,0,,,N,700
US1CASR0035,20210428,SNOW,0,,,N,700
US1CASR0035,20210429,SNOW,0,,,N,700
US1CASR0035,20210430,SNOW,0,,,N,700
US1CASR0035,20210501,PRCP,0,,,N,700
US1CASR0035,20210502,PRCP,0,,,N,700
US1CASR0035,20210524,PRCP,0,,,N,700
US1CASR0035,20210526,PRCP,0,,,N,700
US1CASR0035,20210528,PRCP,0,,,N,700
US1CASR0035,20210529,PRCP,0,,,N,700
US1CASR0035,20210531,PRCP,0,,,N,700
US1CASR0035,20210501,SNOW,0,,,N,700
US1CASR0035,20210502,SNOW,0,,,N,700
US1CASR0035,20210524,SNOW,0,,,N,700
US1CASR0035,20210526,SNOW,0,,,N,700
US1CASR0035,20210528,SNOW,0,,,N,700
US1CASR0035,20210529,SNOW,0,,,N,700
US1CASR0035,20210531,SNOW,0,,,N,700
US1CASR0035,20210601,PRCP,0,,,N,700
US1CASR0035,20210603,PRCP,0,,,N,700
US1CASR0035,20210605,PRCP,0,,,N,700
US1CASR0035,20210617,PRCP,0,,,N,700
US1CASR0035,20210618,PRCP,0,,,N,700
US1CASR0035,20210624,PRCP,10,,,N,700
US1CASR0035,20210630,PRCP,0,,,N,700
US1CASR0035,20210601,SNOW,0,,,N,700
US1CASR0035,20210603,SNOW,0,,,N,700
US1CASR0035,20210605,SNOW,0,,,N,700
US1CASR0035,20210617,SNOW,0,,,N,700
US1CASR0035,20210618,SNOW,0,,,N,700
US1CASR0035,20210630,SNOW,0,,,N,700
US1CASR0035,20210701,PRCP,0,,,N,700
US1CASR0035,20210715,PRCP,0,,,N,700
US1CASR0035,20210718,PRCP,0,,,N,700
US1CASR0035,20210719,PRCP,259,,,N,700
US1CASR0035,20210725,PRCP,0,,,N,700
US1CASR0035,20210726,PRCP,23,,,N,700
US1CASR0035,20210731,PRCP,3,,,N,700
US1CASR0035,20210701,SNOW,0,,,N,700
US1CASR0035,20210715,SNOW,0,,,N,700
US1CASR0035,20210718,SNOW,0,,,N,700
US1CASR0035,20210725,SNOW,0,,,N,700
US1CASR0035,20210801,PRCP,0,,,N,700
US1CASR0035,20210805,PRCP,0,,,N,700
US1CASR0035,20210810,PRCP,0,,,N,700
US1CASR0035,20210811,PRCP,0,,,N,700
US1CASR0035,20210814,PRCP,0,,,N,700
US1CASR0035,20210828,PRCP,0,,,N,700
US1CASR0035,20210829,PRCP,0,,,N,700
US1CASR0035,20210830,PRCP,0,,,N,700
US1CASR0035,20210831,PRCP,0,,,N,700
US1CASR0035,20210801,SNOW,0,,,N,700
US1CASR0035,20210805,SNOW,0,,,N,700
US1CASR0035,20210810,SNOW,0,,,N,700
US1CASR0035,20210811,SNOW,0,,,N,700
US1CASR0035,20210814,SNOW,0,,,N,700
US1CASR0035,20210828,SNOW,0,,,N,700
US1CASR0035,20210829,SNOW,0,,,N,700
US1CASR0035,20210830,SNOW,0,,,N,700
US1CASR0035,20210831,SNOW,0,,,N,700
US1CASR0035,20210901,PRCP,0,,,N,700
US1CASR0035,20210902,PRCP,0,,,N,700
US1CASR0035,20210912,PRCP,0,,,N,700
US1CASR0035,20210916,PRCP,0,,,N,700
US1CASR0035,20210918,PRCP,0,,,N,700
US1CASR0035,20210925,PRCP,0,,,N,700
US1CASR0035,20210926,PRCP,0,,,N,700
US1CASR0035,20210927,PRCP,0,,,N,700
US1CASR0035,20210930,PRCP,0,,,N,700
US1CASR0035,20210901,SNOW,0,,,N,700
US1CASR0035,20210902,SNOW,0,,,N,700
US1CASR0035,20210912,SNOW,0,,,N,700
US1CASR0035,20210916,SNOW,0,,,N,700
US1CASR0035,20210918,SNOW,0,,,N,700
US1CASR0035,20210925,SNOW,0,,,N,700
US1CASR0035,20210926,SNOW,0,,,N,700
US1CASR0035,20210927,SNOW,0,,,N,700
US1CASR0035,20210930,SNOW,0,,,N,700
US1CASR0035,20211004,PRCP,0,,,N,700
US1CASR0035,20211008,PRCP,0,,,N,700
US1CASR0035,20211018,PRCP,0,,,N,700
US1CASR0035,20211022,PRCP,0,,,N,700
US1CASR0035,20211024,PRCP,0,,,N,700
US1CASR0035,20211025,PRCP,0,,,N,700
US1CASR0035,20211026,PRCP,102,,,N,700
US1CASR0035,20211030,PRCP,0,,,N,700
US1CASR0035,20211004,SNOW,0,,,N,700
US1CASR0035,20211008,SNOW,0,,,N,700
US1CASR0035,20211018,SNOW,0,,,N,700
US1CASR0035,20211022,SNOW,0,,,N,700
US1CASR0035,20211024,SNOW,0,,,N,700
US1CASR0035,20211025,SNOW,0,,,N,700
US1CASR0035,20211030,SNOW,0,,,N,700
US1CASR0035,20211101,PRCP,0,,,N,700
US1CASR0035,20211103,PRCP,0,,,N,700
US1CASR0035,20211104,PRCP,0,,,N,700
US1CASR0035,20211105,PRCP,0,,,N,700
US1CASR0035,20211107,PRCP,0,,,N,700
US1CASR0035,20211111,PRCP,0,,,N,700
US1CASR0035,20211118,PRCP,0,,,N,700
US1CASR0035,20211124,PRCP,0,,,N,700
US1CASR0035,20211129,PRCP,0,,,N,700
US1CASR0035,20211130,PRCP,0,,,N,700
US1CASR0035,20211101,SNOW,0,,,N,700
US1CASR0035,20211103,SNOW,0,,,N,700
US1CASR0035,20211104,SNOW,0,,,N,700
US1CASR0035,20211105,SNOW,0,,,N,700
US1CASR0035,20211107,SNOW,0,,,N,700
US1CASR0035,20211111,SNOW,0,,,N,700
US1CASR0035,20211118,SNOW,0,,,N,700
US1CASR0035,20211124,SNOW,0,,,N,700
US1CASR0035,20211129,SNOW,0,,,N,700
US1CASR0035,20211130,SNOW,0,,,N,700
US1CASR0035,20211201,PRCP,0,,,N,700
US1CASR0035,20211203,PRCP,0,,,N,700
US1CASR0035,20211205,PRCP,0,,,N,700
US1CASR0035,20211207,PRCP,5,,,N,700
US1CASR0035,20211210,PRCP,0,,,N,700
US1CASR0035,20211214,PRCP,0,,,N,700
US1CASR0035,20211215,PRCP,48,,,N,700
US1CASR0035,20211223,PRCP,0,T,,N,700
US1CASR0035,20211224,PRCP,38,,,N,700
US1CASR0035,20211225,PRCP,0,T,,N,700
US1CASR0035,20211226,PRCP,10,,,N,700
US1CASR0035,20211227,PRCP,0,,,N,700
US1CASR0035,20211229,PRCP,0,,,N,700
US1CASR0035,20211230,PRCP,0,,,N,700
US1CASR0035,20211231,PRCP,0,,,N,700
US1CASR0035,20211201,SNOW,0,,,N,700
US1CASR0035,20211203,SNOW,0,,,N,700
US1CASR0035,20211205,SNOW,0,,,N,700
US1CASR0035,20211210,SNOW,0,,,N,700
US1CASR0035,20211214,SNOW,0,,,N,700
US1CASR0035,20211227,SNOW,0,,,N,700
US1CASR0035,20211229,SNOW,0,,,N,700
US1CASR0035,20211230,SNOW,0,,,N,700
US1CASR0035,20211231,SNOW,0,,,N,700
US1CASR0035,20220101,PRCP,0,,,N,700
US1CASR0035,20220102,PRCP,0,,,N,700
US1CASR0035,20220106,PRCP,0,,,N,700
US1CASR0035,20220118,PRCP,5,,,N,700
US1CASR0035,20220122,PRCP,0,,,N,700
US1CASR0035,20220127,PRCP,0,,,N,700
US1CASR0035,20220128,PRCP,0,,,N,700
US1CASR0035,20220130,PRCP,0,,,N,700
US1CASR0035,20220101,SNOW,0,,,N,700
US1CASR0035,20220102,SNOW,0,,,N,700
US1CASR0035,20220106,SNOW,0,,,N,700
US1CASR0035,20220122,SNOW,0,,,N,700
US1CASR0035,20220127,SNOW,0,,,N,700
US1CASR0035,20220128,SNOW,0,,,N,700
US1CASR0035,20220130,SNOW,0,,,N,700
US1CASR0035,20220204,PRCP,0,,,N,700
US1CASR0035,20220205,PRCP,0,,,N,700
US1CASR0035,20220206,PRCP,0,,,N,700
US1CASR0035,20220207,PRCP,0,,,N,700
US1CASR0035,20220216,PRCP,0,T,,N,700
US1CASR0035,20220217,PRCP,0,,,N,700
US1CASR0035,20220224,PRCP,0,,,N,700
US1CASR0035,20220204,SNOW,0,,,N,700
US1CASR0035,20220205,SNOW,0,,,N,700
US1CASR0035,20220206,SNOW,0,,,N,700
US1CASR0035,20220207,SNOW,0,,,N,700
US1CASR0035,20220217,SNOW,0,,,N,700
US1CASR0035,20220224,SNOW,0,,,N,700
US1CASR0035,20220301,PRCP,0,,,N,700
US1CASR0035,20220302,PRCP,0,,,N,700
US1CASR0035,20220306,PRCP,0,,,N,700
US1CASR0035,20220307,PRCP,0,,,N,700
US1CASR0035,20220312,PRCP,0,,,N,700
US1CASR0035,20220323,PRCP,0,,,N,700
US1CASR0035,20220324,PRCP,0,,,N,700
US1CASR0035,20220328,PRCP,0,,,N,700
US1CASR0035,20220329,PRCP,0,,,N,700
US1CASR0035,20220331,PRCP,0,,,N,700
US1CASR0035,20220301,SNOW,0,,,N,700
US1CASR0035,20220302,SNOW,0,,,N,700
US1CASR0035,20220306,SNOW,0,,,N,700
US1CASR0035,20220307,SNOW,0,,,N,700
US1CASR0035,20220312,SNOW,0,,,N,700
US1CASR0035,20220323,SNOW,0,,,N,700
US1CASR0035,20220324,SNOW,0,,,N,700
US1CASR0035,20220328,SNOW,0,,,N,700
US1CASR0035,20220329,SNOW,0,,,N,700
US1CASR0035,20220331,SNOW,0,,,N,700
US1CASR0035,20220401,PRCP,0,,,N,700
US1CASR0035,20220408,PRCP,0,,,N,700
US1CASR0035,20220411,PRCP,0,,,N,700
US1CASR0035,20220413,PRCP,0,,,N,700
US1CASR0035,20220418,PRCP,0,,,N,700
US1CASR0035,20220422,PRCP,20,,,N,700
US1CASR0035,20220423,PRCP,0,,,N,700
US1CASR0035,20220429,PRCP,0,,,N,700
US1CASR0035,20220401,SNOW,0,,,N,700
US1CASR0035,20220408,SNOW,0,,,N,700
US1CASR0035,20220411,SNOW,0,,,N,700
US1CASR0035,20220413,SNOW,0,,,N,700
US1CASR0035,20220418,SNOW,0,,,N,700
US1CASR0035,20220423,SNOW,0,,,N,700
US1CASR0035,20220429,SNOW,0,,,N,700
US1CASR0035,20220501,PRCP,0,,,N,700
US1CASR0035,20220506,PRCP,0,,,N,700
US1CASR0035,20220507,PRCP,0,,,N,700
US1CASR0035,20220521,PRCP,0,,,N,700
US1CASR0035,20220528,PRCP,0,,,N,700
US1CASR0035,20220531,PRCP,0,,,N,700
US1CASR0035,20220501,SNOW,0,,,N,700
US1CASR0035,20220506,SNOW,0,,,N,700
US1CASR0035,20220507,SNOW,0,,,N,700
US1CASR0035,20220521,SNOW,0,,,N,700
US1CASR0035,20220528,SNOW,0,,,N,700
US1CASR0035,20220531,SNOW,0,,,N,700
US1CASR0035,20220601,PRCP,0,,,N,700
US1CASR0035,20220610,PRCP,0,,,N,700
US1CASR0035,20220613,PRCP,0,,,N,700
US1CASR0035,20220616,PRCP,0,,,N,700
US1CASR0035,20220618,PRCP,0,,,N,700
US1CASR0035,20220622,PRCP,0,T,,N,700
US1CASR0035,20220623,PRCP,0,,,N,700
US1CASR0035,20220624,PRCP,0,,,N,700
US1CASR0035,20220630,PRCP,0,,,N,700
US1CASR0035,20220601,SNOW,0,,,N,700
US1CASR0035,20220610,SNOW,0,,,N,700
US1CASR0035,20220613,SNOW,0,,,N,700
US1CASR0035,20220616,SNOW,0,,,N,700
US1CASR0035,20220618,SNOW,0,,,N,700
US1CASR0035,20220623,SNOW,0,,,N,700
US1CASR0035,20220624,SNOW,0,,,N,700
US1CASR0035,20220630,SNOW,0,,,N,700
US1CASR0035,20220701,PRCP,0,,,N,700
US1CASR0035,20220702,PRCP,0,,,N,700
US1CASR0035,20220713,PRCP,0,,,N,700
US1CASR0035,20220716,PRCP,36,,,N,700
US1CASR0035,20220717,PRCP,0,,,N,700
US1CASR0035,20220719,PRCP,3,,,N,700
US1CASR0035,20220721,PRCP,0,,,N,700
US1CASR0035,20220726,PRCP,0,,,N,700
US1CASR0035,20220730,PRCP,0,,,N,700
US1CASR0035,20220731,PRCP,0,,,N,700
US1CASR0035,20220701,SNOW,0,,,N,700
US1CASR0035,20220702,SNOW,0,,,N,700
US1CASR0035,20220713,SNOW,0,,,N,700
US1CASR0035,20220717,SNOW,0,,,N,700
US1CASR0035,20220721,SNOW,0,,,N,700
US1CASR0035,20220726,SNOW,0,,,N,700
US1CASR0035,20220730,SNOW,0,,,N,700
US1CASR0035,20220731,SNOW,0,,,N,700
US1CASR0035,20220801,PRCP,0,,,N,700
US1CASR0035,20220802,PRCP,0,,,N,700
US1CASR0035,20220805,PRCP,8,,,N,700
US1CASR0035,20220806,PRCP,0,,,N,700
US1CASR0035,20220808,PRCP,0,,,N,700
US1CASR0035,20220809,PRCP,10,,,N,700
US1CASR0035,20220810,PRCP,0,,,N,700
US1CASR0035,20220811,PRCP,0,,,N,700
US1CASR0035,20220814,PRCP,0,,,N,700
US1CASR0035,20220815,PRCP,0,,,N,700
US1CASR0035,20220816,PRCP,0,,,N,700
US1CASR0035,20220818,PRCP,0,,,N,700
US1CASR0035,20220819,PRCP,0,,,N,700
US1CASR0035,20220821,PRCP,0,,,N,700
US1CASR0035,20220822,PRCP,0,,,N,700
US1CASR0035,20220825,PRCP,0,,,N,700
US1CASR0035,20220826,PRCP,0,,,N,700
US1CASR0035,20220827,PRCP,0,,,N,700
US1CASR0035,20220831,PRCP,0,,,N,700
US1CASR0035,20220801,SNOW,0,,,N,700
US1CASR0035,20220802,SNOW,0,,,N,700
US1CASR0035,20220806,SNOW,0,,,N,700
US1CASR0035,20220808,SNOW,0,,,N,700
US1CASR0035,20220810,SNOW,0,,,N,700
US1CASR0035,20220811,SNOW,0,,,N,700
US1CASR0035,20220814,SNOW,0,,,N,700
US1CASR0035,20220815,SNOW,0,,,N,700
US1CASR0035,20220816,SNOW,0,,,N,700
US1CASR0035,20220818,SNOW,0,,,N,700
US1CASR0035,20220819,SNOW,0,,,N,700
US1CASR0035,20220821,SNOW,0,,,N,700
US1CASR0035,20220822,SNOW,0,,,N,700
US1CASR0035,20220825,SNOW,0,,,N,700
US1CASR0035,20220826,SNOW,0,,,N,700
US1CASR0035,20220827,SNOW,0,,,N,700
US1CASR0035,20220831,SNOW,0,,,N,700
US1CASR0035,20220901,PRCP,0,,,N,700
US1CASR0035,20220902,PRCP,0,,,N,700
US1CASR0035,20220903,PRCP,0,,,N,700
US1CASR0035,20220904,PRCP,0,,,N,700
US1CASR0035,20220905,PRCP,0,,,N,700
US1CASR0035,20220909,PRCP,0,,,N,700
US1CASR0035,20220910,PRCP,0,,,N,700
US1CASR0035,20220911,PRCP,0,,,N,700
US1CASR0035,20220912,PRCP,0,,,N,700
US1CASR0035,20220913,PRCP,3,,,N,700
US1CASR0035,20220926,PRCP,0,,,N,700
US1CASR0035,20220928,PRCP,0,,,N,700
US1CASR0035,20220929,PRCP,0,,,N,700
US1CASR0035,20220930,PRCP,0,,,N,700
US1CASR0035,20220901,SNOW,0,,,N,700
US1CASR0035,20220902,SNOW,0,,,N,700
US1CASR0035,20220903,SNOW,0,,,N,700
US1CASR0035,20220904,SNOW,0,,,N,700
US1CASR0035,20220905,SNOW,0,,,N,700
US1CASR0035,20220909,SNOW,0,,,N,700
US1CASR0035,20220910,SNOW,0,,,N,700
US1CASR0035,20220911,SNOW,0,,,N,700
US1CASR0035,20220912,SNOW,0,,,N,700
US1CASR0035,20220926,SNOW,0,,,N,700
US1CASR0035,20220928,SNOW,0,,,N,700
US1CASR0035,20220929,SNOW,0,,,N,700
US1CASR0035,20220930,SNOW,0,,,N,700
US1CASR0035,20221002,PRCP,0,,,N,700
US1CASR0035,20221003,PRCP,0,,,N,700
US1CASR0035,20221007,PRCP,0,,,N,700
US1CASR0035,20221011,PRCP,0,,,N,700
US1CASR0035,20221013,PRCP,0,,,N,700
US1CASR0035,20221016,PRCP,0,,,N,700
US1CASR0035,20221021,PRCP,0,,,N,700
US1CASR0035,20221027,PRCP,0,,,N,700
US1CASR0035,20221028,PRCP,0,,,N,700
US1CASR0035,20221030,PRCP,0,,,N,700
US1CASR0035,20221031,PRCP,0,,,N,700
US1CASR0035,20221002,SNOW,0,,,N,700
US1CASR0035,20221003,SNOW,0,,,N,700
US1CASR0035,20221007,SNOW,0,,,N,700
US1CASR0035,20221011,SNOW,0,,,N,700
US1CASR0035,20221013,SNOW,0,,,N,700
US1CASR0035,20221016,SNOW,0,,,N,700
US1CASR0035,20221021,SNOW,0,,,N,700
US1CASR0035,20221027,SNOW,0,,,N,700
US1CASR0035,20221028,SNOW,0,,,N,700
US1CASR0035,20221030,SNOW,0,,,N,700
US1CASR0035,20221031,SNOW,0,,,N,700
US1CASR0035,20221101,PRCP,0,,,N,700
US1CASR0035,20221102,PRCP,0,,,N,700
US1CASR0035,20221103,PRCP,0,,,N,700
US1CASR0035,20221106,PRCP,0,,,N,700
US1CASR0035,20221107,PRCP,0,,,N,700
US1CASR0035,20221108,PRCP,15,,,N,700
US1CASR0035,20221109,PRCP,140,,,N,700
US1CASR0035,20221110,PRCP,0,,,N,700
US1CASR0035,20221111,PRCP,0,,,N,700
US1CASR0035,20221117,PRCP,0,,,N,700
US1CASR0035,20221123,PRCP,0,,,N,700
US1CASR0035,20221124,PRCP,0,,,N,700
US1CASR0035,20221101,SNOW,0,,,N,700
US1CASR0035,20221102,SNOW,0,,,N,700
US1CASR0035,20221103,SNOW,0,,,N,700
US1CASR0035,20221106,SNOW,0,,,N,700
US1CASR0035,20221107,SNOW,0,,,N,700
US1CASR0035,20221110,SNOW,0,,,N,700
US1CASR0035,20221111,SNOW,0,,,N,700
US1CASR0035,20221117,SNOW,0,,,N,700
US1CASR0035,20221123,SNOW,0,,,N,700
US1CASR0035,20221124,SNOW,0,,,N,700
US1CASR0035,20221203,PRCP,0,,,N,700
US1CASR0035,20221207,PRCP,0,,,N,700
US1CASR0035,20221208,PRCP,0,,,N,700
US1CASR0035,20221209,PRCP,0,,,N,700
US1CASR0035,20221212,PRCP,46,,,N,700
US1CASR0035,20221213,PRCP,0,,,N,700
US1CASR0035,20221216,PRCP,0,,,N,700
US1CASR0035,20221224,PRCP,0,,,N,700
US1CASR0035,20221228,PRCP,33,,,N,700
US1CASR0035,20221229,PRCP,5,,,N,700
US1CASR0035,20221230,PRCP,0,,,N,700
US1CASR0035,20221231,PRCP,0,,,N,700
US1CASR0035,20221203,SNOW,0,,,N,700
US1CASR0035,20221207,SNOW,0,,,N,700
US1CASR0035,20221208,SNOW,0,,,N,700
US1CASR0035,20221209,SNOW,0,,,N,700
US1CASR0035,20221213,SNOW,0,,,N,700
US1CASR0035,20221216,SNOW,0,,,N,700
US1CASR0035,20221224,SNOW,0,,,N,700
US1CASR0035,20221230,SNOW,0,,,N,700
US1CASR0035,20221231,SNOW,0,,,N,700
US1CASR0035,20230103,PRCP,10,,,N,700
US1CASR0035,20230105,PRCP,0,,,N,700
US1CASR0035,20230106,PRCP,48,,,N,700
US1CASR0035,20230107,PRCP,0,,,N,700
US1CASR0035,20230108,PRCP,0,,,N,700
US1CASR0035,20230110,PRCP,8,,,N,700
US1CASR0035,20230111,PRCP,112,,,N,700
US1CASR0035,20230112,PRCP,0,,,N,700
US1CASR0035,20230113,PRCP,0,,,N,700
US1CASR0035,20230114,PRCP,0,,,N,700
US1CASR0035,20230115,PRCP,76,,,N,700
US1CASR0035,20230116,PRCP,25,,,N,700
US1CASR0035,20230117,PRCP,25,,,N,700
US1CASR0035,20230119,PRCP,0,,,N,700
US1CASR0035,20230120,PRCP,0,,,N,700
US1CASR0035,20230121,PRCP,0,,,N,700
US1CASR0035,20230122,PRCP,0,,,N,700
US1CASR0035,20230123,PRCP,0,,,N,700
US1CASR0035,20230130,PRCP,0,,,N,700
US1CASR0035,20230131,PRCP,0,,,N,700
US1CASR0035,20230105,SNOW,0,,,N,700
US1CASR0035,20230107,SNOW,0,,,N,700
US1CASR0035,20230108,SNOW,0,,,N,700
US1CASR0035,20230112,SNOW,0,,,N,700
US1CASR0035,20230113,SNOW,0,,,N,700
US1CASR0035,20230114,SNOW,0,,,N,700
US1CASR0035,20230119,SNOW,0,,,N,700
US1CASR0035,20230120,SNOW,0,,,N,700
US1CASR0035,20230121,SNOW,0,,,N,700
US1CASR0035,20230122,SNOW,0,,,N,700
US1CASR0035,20230123,SNOW,0,,,N,700
US1CASR0035,20230130,SNOW,0,,,N,700
US1CASR0035,20230131,SNOW,0,,,N,700
US1CASR0035,20230202,PRCP,0,,,N,700
US1CASR0035,20230205,PRCP,0,,,N,700
US1CASR0035,20230213,PRCP,0,,,N,700
US1CASR0035,20230217,PRCP,0,,,N,700
US1CASR0035,20230221,PRCP,0,,,N,700
US1CASR0035,20230224,PRCP,3,,,N,700
US1CASR0035,20230226,PRCP,74,,,N,700
US1CASR0035,20230227,PRCP,0,,,N,700
US1CASR0035,20230228,PRCP,0,,,N,700
US1CASR0035,20230202,SNOW,0,,,N,700
US1CASR0035,20230205,SNOW,0,,,N,700
US1CASR0035,20230213,SNOW,0,,,N,700
US1CASR0035,20230217,SNOW,0,,,N,700
US1CASR0035,20230221,SNOW,0,,,N,700
US1CASR0035,20230227,SNOW,0,,,N,700
US1CASR0035,20230228,SNOW,0,,,N,700
US1CASR0035,20230301,PRCP,25,,,N,700
US1CASR0035,20230302,PRCP,3,,,N,700
US1CASR0035,20230303,PRCP,0,,,N,700
US1CASR0035,20230307,PRCP,0,,,N,700
US1CASR0035,20230311,PRCP,74,,,N,700
US1CASR0035,20230312,PRCP,0,,,N,700
US1CASR0035,20230314,PRCP,0,,,N,700
US1CASR0035,20230315,PRCP,84,,,N,700
US1CASR0035,20230316,PRCP,5,,,N,700
US1CASR0035,20230317,PRCP,0,,,N,700
US1CASR0035,20230319,PRCP,18,,,N,700
US1CASR0035,20230320,PRCP,3,,,N,700
US1CASR0035,20230321,PRCP,25,,,N,700
US1CASR0035,20230322,PRCP,28,,,N,700
US1CASR0035,20230323,PRCP,0,,,N,700
US1CASR0035,20230325,PRCP,0,,,N,700
US1CASR0035,20230328,PRCP,0,,,N,700
US1CASR0035,20230329,PRCP,0,T,,N,700
US1CASR0035,20230330,PRCP,0,T,,N,700
US1CASR0035,20230331,PRCP,0,T,,N,700
US1CASR0035,20230303,SNOW,0,,,N,700
US1CASR0035,20230307,SNOW,0,,,N,700
US1CASR0035,20230312,SNOW,0,,,N,700
US1CASR0035,20230314,SNOW,0,,,N,700
US1CASR0035,20230317,SNOW,0,,,N,700
US1CASR0035,20230323,SNOW,0,,,N,700
US1CASR0035,20230325,SNOW,0,,,N,700
US1CASR0035,20230328,SNOW,0,,,N,700
US1CASR0035,20230401,PRCP,0,,,N,700
US1CASR0035,20230410,PRCP,0,,,N,700
US1CASR0035,20230401,SNOW,0,,,N,700
US1CASR0035,20230410,SNOW,0,,,N,700
US1CASR0035,20230501,PRCP,0,,,N,700
US1CASR0035,20230502,PRCP,0,,,N,700
US1CASR0035,20230504,PRCP,0,,,N,700
US1CASR0035,20230521,PRCP,0,,,N,700
US1CASR0035,20230501,SNOW,0,,,N,700
US1CASR0035,20230502,SNOW,0,,,N,700
US1CASR0035,20230504,SNOW,0,,,N,700
US1CASR0035,20230521,SNOW,0,,,N,700
US1CASR0035,20230611,PRCP,0,,,N,700
US1CASR0035,20230630,PRCP,0,,,N,700
US1CASR0035,20230611,SNOW,0,,,N,700
US1CASR0035,20230630,SNOW,0,,,N,700
US1CASR0035,20230701,PRCP,0,,,N,700
US1CASR0035,20230731,PRCP,0,,,N,700
US1CASR0035,20230701,SNOW,0,,,N,700
US1CASR0035,20230731,SNOW,0,,,N,700
US1CASR0035,20230807,PRCP,0,,,N,700
US1CASR0035,20230810,PRCP,5,,,N,700
US1CASR0035,20230817,PRCP,0,,,N,700
US1CASR0035,20230818,PRCP,0,,,N,700
US1CASR0035,20230820,PRCP,107,,,N,700
US1CASR0035,20230821,PRCP,328,,,N,700
US1CASR0035,20230822,PRCP,0,,,N,700
US1CASR0035,20230823,PRCP,0,,,N,700
US1CASR0035,20230831,PRCP,0,,,N,700
US1CASR0035,20230807,SNOW,0,,,N,700
US1CASR0035,20230817,SNOW,0,,,N,700
US1CASR0035,20230818,SNOW,0,,,N,700
US1CASR0035,20230822,SNOW,0,,,N,700
US1CASR0035,20230823,SNOW,0,,,N,700
US1CASR0035,20230831,SNOW,0,,,N,700
US1CASR0035,20230802,DAPR,2,,,N,700
US1CASR0035,20230802,MDPR,8,,,N,700
US1CASR0035,20230901,PRCP,0,,,N,700
US1CASR0035,20230902,PRCP,20,,,N,700
US1CASR0035,20230903,PRCP,0,,,N,700
US1CASR0035,20230904,PRCP,0,,,N,700
US1CASR0035,20230911,PRCP,15,,,N,700
US1CASR0035,20230925,PRCP,0,,,N,700
US1CASR0035,20230928,PRCP,0,,,N,700
US1CASR0035,20230901,SNOW,0,,,N,700
US1CASR0035,20230903,SNOW,0,,,N,700
US1CASR0035,20230904,SNOW,0,,,N,700
US1CASR0035,20230925,SNOW,0,,,N,700
US1CASR0035,20230928,SNOW,0,,,N,700
US1CASR0035,20231003,PRCP,0,,,N,700
US1CASR0035,20231005,PRCP,0,,,N,700
US1CASR0035,20231013,PRCP,0,,,N,700
US1CASR0035,20231024,PRCP,0,,,N,700
US1CASR0035,20231031,PRCP,0,,,N,700
US1CASR0035,20231003,SNOW,0,,,N,700
US1CASR0035,20231005,SNOW,0,,,N,700
US1CASR0035,20231013,SNOW,0,,,N,700
US1CASR0035,20231024,SNOW,0,,,N,700
US1CASR0035,20231031,SNOW,0,,,N,700
US1CASR0035,20231101,PRCP,0,,,N,700
US1CASR0035,20231104,PRCP,0,,,N,700
US1CASR0035,20231111,PRCP,0,,,N,700
US1CASR0035,20231113,PRCP,0,,,N,700
US1CASR0035,20231114,PRCP,0,,,N,700
US1CASR0035,20231116,PRCP,28,,,N,700
US1CASR0035,20231117,PRCP,3,,,N,700
US1CASR0035,20231101,SNOW,0,,,N,700
US1CASR0035,20231104,SNOW,0,,,N,700
US1CASR0035,20231111,SNOW,0,,,N,700
US1CASR0035,20231113,SNOW,0,,,N,700
US1CASR0035,20231114,SNOW,0,,,N,700
US1CASR0035,20231201,PRCP,0,,,N,700
US1CASR0035,20231205,PRCP,0,,,N,700
US1CASR0035,20231209,PRCP,0,,,N,700
US1CASR0035,20231216,PRCP,0,,,N,700
US1CASR0035,20231218,PRCP,0,,,N,700
US1CASR0035,20231219,PRCP,0,,,N,700
US1CASR0035,20231220,PRCP,0,,,N,700
US1CASR0035,20231221,PRCP,3,,,N,700
US1CASR0035,20231222,PRCP,41,,,N,700
US1CASR0035,20231223,PRCP,74,,,N,700
US1CASR0035,20231225,PRCP,5,,,N,700
US1CASR0035,20231227,PRCP,0,,,N,700
US1CASR0035,20231228,PRCP,0,,,N,700
US1CASR0035,20231230,PRCP,0,,,N,700
US1CASR0035,20231231,PRCP,0,,,N,700
US1CASR0035,20231201,SNOW,0,,,N,700
US1CASR0035,20231205,SNOW,0,,,N,700
US1CASR0035,20231209,SNOW,0,,,N,700
US1CASR0035,20231216,SNOW,0,,,N,700
US1CASR0035,20231218,SNOW,0,,,N,700
US1CASR0035,20231219,SNOW,0,,,N,700
US1CASR0035,20231220,SNOW,0,,,N,700
US1CASR0035,20231227,SNOW,0,,,N,700
US1CASR0035,20231228,SNOW,0,,,N,700
US1CASR0035,20231230,SNOW,0,,,N,700
US1CASR0035,20231231,SNOW,0,,,N,700
US1CASR0035,20240101,PRCP,3,,,N,700
US1CASR0035,20240103,PRCP,89,,,N,700
US1CASR0035,20240107,PRCP,0,,,N,700
US1CASR0035,20240109,PRCP,0,,,N,700
US1CASR0035,20240119,PRCP,0,,,N,700
US1CASR0035,20240121,PRCP,41,,,N,700
US1CASR0035,20240122,PRCP,71,,,N,700
US1CASR0035,20240123,PRCP,102,,,N,700
US1CASR0035,20240125,PRCP,0,,,N,700
US1CASR0035,20240130,PRCP,0,,,N,700
US1CASR0035,20240131,PRCP,0,,,N,700
US1CASR0035,20240107,SNOW,0,,,N,700
US1CASR0035,20240109,SNOW,0,,,N,700
US1CASR0035,20240119,SNOW,0,,,N,700
US1CASR0035,20240125,SNOW,0,,,N,700
US1CASR0035,20240130,SNOW,0,,,N,700
US1CASR0035,20240131,SNOW,0,,,N,700
US1CASR0035,20240201,PRCP,56,,,N,700
US1CASR0035,20240202,PRCP,46,,,N,700
US1CASR0035,20240204,PRCP,15,,,N,700
US1CASR0035,20240205,PRCP,23,,,N,700
US1CASR0035,20240206,PRCP,307,,,N,700
US1CASR0035,20240208,PRCP,142,,,N,700
US1CASR0035,20240210,PRCP,3,,,N,700
US1CASR0035,20240211,PRCP,0,,,N,700
US1CASR0035,20240212,PRCP,0,,,N,700
US1CASR0035,20240218,PRCP,0,,,N,700
US1CASR0035,20240219,PRCP,0,,,N,700
US1CASR0035,20240220,PRCP,28,,,N,700
US1CASR0035,20240221,PRCP,25,,,N,700
US1CASR0035,20240228,PRCP,0,,,N,700
US1CASR0035,20240211,SNOW,0,,,N,700
US1CASR0035,20240212,SNOW,0,,,N,700
US1CASR0035,20240218,SNOW,0,,,N,700
US1CASR0035,20240219,SNOW,0,,,N,700
US1CASR0035,20240228,SNOW,0,,,N,700
US1CASR0035,20240308,PRCP,5,,,N,700
US1CASR0035,20240311,PRCP,0,,,N,700
US1CASR0035,20240315,PRCP,0,,,N,700
US1CASR0035,20240316,PRCP,56,,,N,700
US1CASR0035,20240317,PRCP,46,,,N,700
US1CASR0035,20240323,PRCP,0,,,N,700
US1CASR0035,20240324,PRCP,18,,,N,700
US1CASR0035,20240330,PRCP,0,,,N,700
US1CASR0035,20240331,PRCP,122,,,N,700
US1CASR0035,20240311,SNOW,0,,,N,700
US1CASR0035,20240315,SNOW,0,,,N,700
US1CASR0035,20240323,SNOW,0,,,N,700
US1CASR0035,20240330,SNOW,0,,,N,700
US1CASR0035,20240401,PRCP,3,,,N,700
US1CASR0035,20240404,PRCP,0,,,N,700
US1CASR0035,20240407,PRCP,0,,,N,700
US1CASR0035,20240408,PRCP,0,,,N,700
US1CASR0035,20240415,PRCP,76,,,N,700
US1CASR0035,20240404,SNOW,0,,,N,700
US1CASR0035,20240407,SNOW,0,,,N,700
US1CASR0035,20240408,SNOW,0,,,N,700
US1CASR0035,20240501,PRCP,0,,,N,700
US1CASR0035,20240508,PRCP,0,,,N,700
US1CASR0035,20240513,PRCP,0,,,N,700
US1CASR0035,20240531,PRCP,0,,,N,700
US1CASR0035,20240501,SNOW,0,,,N,700
US1CASR0035,20240508,SNOW,0,,,N,700
US1CASR0035,20240513,SNOW,0,,,N,700
US1CASR0035,20240531,SNOW,0,,,N,700
US1CASR0035,20240601,PRCP,0,,,N,700
US1CASR0035,20240601,SNOW,0,,,N,700
US1CASR0035,20240701,PRCP,0,,,N,700
US1CASR0035,20240705,PRCP,0,,,N,700
US1CASR0035,20240715,PRCP,257,,,N,700
US1CASR0035,20240701,SNOW,0,,,N,700
US1CASR0035,20240705,SNOW,0,,,N,700
US1CASR0035,20240803,PRCP,30,,,N,700
US1CASR0035,20240831,PRCP,0,,,N,700
US1CASR0035,20240831,SNOW,0,,,N,700
US1CASR0035,20241224,PRCP,0,T,,N,700
