US1CAPM0006,20140828,PRCP,0,Unnamed: 4,Unnamed: 5,N,0700
US1CAPM0006,20140831,PRCP,0,,,N,700
US1CAPM0006,20140828,SNOW,0,,,N,700
US1CAPM0006,20140831,SNOW,0,,,N,700
US1CAPM0006,20140901,PRCP,0,,,N,700
US1CAPM0006,20140902,PRCP,0,,,N,700
US1CAPM0006,20140904,PRCP,0,,,N,700
US1CAPM0006,20140905,PRCP,0,,,N,700
US1CAPM0006,20140906,PRCP,0,,,N,700
US1CAPM0006,20140907,PRCP,0,,,N,700
US1CAPM0006,20140908,PRCP,0,,,N,700
US1CAPM0006,20140909,PRCP,0,,,N,700
US1CAPM0006,20140912,PRCP,0,,,N,700
US1CAPM0006,20140913,PRCP,0,,,N,700
US1CAPM0006,20140914,PRCP,0,,,N,700
US1CAPM0006,20140915,PRCP,0,,,N,700
US1CAPM0006,20140921,PRCP,0,T,,N,700
US1CAPM0006,20140922,PRCP,0,,,N,700
US1CAPM0006,20140923,PRCP,0,,,N,700
US1CAPM0006,20140924,PRCP,0,,,N,700
US1CAPM0006,20140925,PRCP,74,,,N,815
US1CAPM0006,20140926,PRCP,155,,,N,700
US1CAPM0006,20140927,PRCP,0,,,N,700
US1CAPM0006,20140928,PRCP,25,,,N,700
US1CAPM0006,20140929,PRCP,13,,,N,700
US1CAPM0006,20140930,PRCP,0,,,N,700
US1CAPM0006,20140901,SNOW,0,,,N,700
US1CAPM0006,20140902,SNOW,0,,,N,700
US1CAPM0006,20140904,SNOW,0,,,N,700
US1CAPM0006,20140905,SNOW,0,,,N,700
US1CAPM0006,20140906,SNOW,0,,,N,700
US1CAPM0006,20140907,SNOW,0,,,N,700
US1CAPM0006,20140908,SNOW,0,,,N,700
US1CAPM0006,20140909,SNOW,0,,,N,700
US1CAPM0006,20140912,SNOW,0,,,N,700
US1CAPM0006,20140913,SNOW,0,,,N,700
US1CAPM0006,20140914,SNOW,0,,,N,700
US1CAPM0006,20140915,SNOW,0,,,N,700
US1CAPM0006,20140922,SNOW,0,,,N,700
US1CAPM0006,20140923,SNOW,0,,,N,700
US1CAPM0006,20140924,SNOW,0,,,N,700
US1CAPM0006,20140927,SNOW,0,,,N,700
US1CAPM0006,20140930,SNOW,0,,,N,700
US1CAPM0006,20141001,PRCP,0,,,N,700
US1CAPM0006,20141002,PRCP,0,,,N,700
US1CAPM0006,20141004,PRCP,0,,,N,700
US1CAPM0006,20141005,PRCP,0,,,N,700
US1CAPM0006,20141007,PRCP,0,,,N,700
US1CAPM0006,20141009,PRCP,0,,,N,700
US1CAPM0006,20141010,PRCP,0,,,N,700
US1CAPM0006,20141012,PRCP,0,,,N,700
US1CAPM0006,20141013,PRCP,0,,,N,700
US1CAPM0006,20141014,PRCP,0,,,N,700
US1CAPM0006,20141015,PRCP,135,,,N,800
US1CAPM0006,20141016,PRCP,25,,,N,700
US1CAPM0006,20141017,PRCP,0,,,N,700
US1CAPM0006,20141018,PRCP,0,,,N,700
US1CAPM0006,20141019,PRCP,0,,,N,700
US1CAPM0006,20141020,PRCP,0,,,N,700
US1CAPM0006,20141021,PRCP,48,,,N,700
US1CAPM0006,20141022,PRCP,0,,,N,700
US1CAPM0006,20141023,PRCP,0,,,N,700
US1CAPM0006,20141024,PRCP,0,T,,N,700
US1CAPM0006,20141025,PRCP,0,T,,N,700
US1CAPM0006,20141026,PRCP,211,,,N,700
US1CAPM0006,20141027,PRCP,0,,,N,700
US1CAPM0006,20141029,PRCP,0,,,N,700
US1CAPM0006,20141030,PRCP,0,,,N,700
US1CAPM0006,20141031,PRCP,0,,,N,700
US1CAPM0006,20141001,SNOW,0,,,N,700
US1CAPM0006,20141002,SNOW,0,,,N,700
US1CAPM0006,20141004,SNOW,0,,,N,700
US1CAPM0006,20141005,SNOW,0,,,N,700
US1CAPM0006,20141007,SNOW,0,,,N,700
US1CAPM0006,20141009,SNOW,0,,,N,700
US1CAPM0006,20141010,SNOW,0,,,N,700
US1CAPM0006,20141012,SNOW,0,,,N,700
US1CAPM0006,20141013,SNOW,0,,,N,700
US1CAPM0006,20141014,SNOW,0,,,N,700
US1CAPM0006,20141017,SNOW,0,,,N,700
US1CAPM0006,20141018,SNOW,0,,,N,700
US1CAPM0006,20141019,SNOW,0,,,N,700
US1CAPM0006,20141020,SNOW,0,,,N,700
US1CAPM0006,20141022,SNOW,0,,,N,700
US1CAPM0006,20141023,SNOW,0,,,N,700
US1CAPM0006,20141027,SNOW,0,,,N,700
US1CAPM0006,20141029,SNOW,0,,,N,700
US1CAPM0006,20141030,SNOW,0,,,N,700
US1CAPM0006,20141031,SNOW,0,,,N,700
US1CAPM0006,20141101,PRCP,216,,,N,700
US1CAPM0006,20141102,PRCP,13,,,N,700
US1CAPM0006,20141103,PRCP,0,,,N,700
US1CAPM0006,20141104,PRCP,0,,,N,700
US1CAPM0006,20141105,PRCP,0,,,N,700
US1CAPM0006,20141106,PRCP,0,,,N,700
US1CAPM0006,20141107,PRCP,0,,,N,700
US1CAPM0006,20141108,PRCP,0,,,N,700
US1CAPM0006,20141110,PRCP,0,,,N,700
US1CAPM0006,20141111,PRCP,0,,,N,700
US1CAPM0006,20141112,PRCP,0,,,N,700
US1CAPM0006,20141113,PRCP,53,,,N,700
US1CAPM0006,20141114,PRCP,8,,,N,700
US1CAPM0006,20141116,PRCP,0,,,N,700
US1CAPM0006,20141117,PRCP,0,,,N,700
US1CAPM0006,20141118,PRCP,0,,,N,700
US1CAPM0006,20141119,PRCP,0,,,N,700
US1CAPM0006,20141120,PRCP,41,,,N,700
US1CAPM0006,20141121,PRCP,25,,,N,700
US1CAPM0006,20141122,PRCP,0,,,N,700
US1CAPM0006,20141123,PRCP,46,,,N,700
US1CAPM0006,20141124,PRCP,0,,,N,700
US1CAPM0006,20141125,PRCP,0,,,N,700
US1CAPM0006,20141126,PRCP,0,,,N,700
US1CAPM0006,20141127,PRCP,0,,,N,700
US1CAPM0006,20141128,PRCP,0,,,N,700
US1CAPM0006,20141129,PRCP,81,,,N,700
US1CAPM0006,20141130,PRCP,86,,,N,700
US1CAPM0006,20141103,SNOW,0,,,N,700
US1CAPM0006,20141104,SNOW,0,,,N,700
US1CAPM0006,20141105,SNOW,0,,,N,700
US1CAPM0006,20141106,SNOW,0,,,N,700
US1CAPM0006,20141107,SNOW,0,,,N,700
US1CAPM0006,20141108,SNOW,0,,,N,700
US1CAPM0006,20141110,SNOW,0,,,N,700
US1CAPM0006,20141111,SNOW,0,,,N,700
US1CAPM0006,20141112,SNOW,0,,,N,700
US1CAPM0006,20141116,SNOW,0,,,N,700
US1CAPM0006,20141117,SNOW,0,,,N,700
US1CAPM0006,20141118,SNOW,0,,,N,700
US1CAPM0006,20141119,SNOW,0,,,N,700
US1CAPM0006,20141122,SNOW,0,,,N,700
US1CAPM0006,20141124,SNOW,0,,,N,700
US1CAPM0006,20141125,SNOW,0,,,N,700
US1CAPM0006,20141126,SNOW,0,,,N,700
US1CAPM0006,20141127,SNOW,0,,,N,700
US1CAPM0006,20141128,SNOW,0,,,N,700
US1CAPM0006,20141201,PRCP,64,,,N,700
US1CAPM0006,20141202,PRCP,0,T,,N,700
US1CAPM0006,20141203,PRCP,599,,,N,700
US1CAPM0006,20141204,PRCP,551,,,N,700
US1CAPM0006,20141205,PRCP,8,,,N,700
US1CAPM0006,20141206,PRCP,180,,,N,700
US1CAPM0006,20141207,PRCP,23,,,N,700
US1CAPM0006,20141208,PRCP,0,,,N,700
US1CAPM0006,20141210,PRCP,3,,,N,700
US1CAPM0006,20141211,PRCP,422,,,N,700
US1CAPM0006,20141212,PRCP,815,,,N,700
US1CAPM0006,20141213,PRCP,0,,,N,700
US1CAPM0006,20141214,PRCP,0,,,N,700
US1CAPM0006,20141215,PRCP,25,,,N,700
US1CAPM0006,20141216,PRCP,97,,,N,700
US1CAPM0006,20141217,PRCP,69,,,N,700
US1CAPM0006,20141218,PRCP,8,,,N,700
US1CAPM0006,20141219,PRCP,183,,,N,700
US1CAPM0006,20141220,PRCP,61,,,N,700
US1CAPM0006,20141221,PRCP,0,T,,N,700
US1CAPM0006,20141222,PRCP,5,,,N,700
US1CAPM0006,20141224,PRCP,0,,,N,700
US1CAPM0006,20141225,PRCP,81,,,N,700
US1CAPM0006,20141226,PRCP,0,,,N,700
US1CAPM0006,20141227,PRCP,0,,,N,700
US1CAPM0006,20141228,PRCP,0,,,N,700
US1CAPM0006,20141229,PRCP,0,T,,N,700
US1CAPM0006,20141230,PRCP,0,,,N,700
US1CAPM0006,20141231,PRCP,0,,,N,700
US1CAPM0006,20141208,SNOW,0,,,N,700
US1CAPM0006,20141213,SNOW,0,,,N,700
US1CAPM0006,20141214,SNOW,0,,,N,700
US1CAPM0006,20141224,SNOW,0,,,N,700
US1CAPM0006,20141226,SNOW,0,,,N,700
US1CAPM0006,20141227,SNOW,0,,,N,700
US1CAPM0006,20141228,SNOW,0,,,N,700
US1CAPM0006,20141229,SNOW,0,,,N,700
US1CAPM0006,20141230,SNOW,0,,,N,700
US1CAPM0006,20141231,SNOW,0,,,N,700
US1CAPM0006,20150101,PRCP,0,,,N,700
US1CAPM0006,20150102,PRCP,0,,,N,700
US1CAPM0006,20150103,PRCP,0,,,N,700
US1CAPM0006,20150104,PRCP,0,,,N,700
US1CAPM0006,20150105,PRCP,0,,,N,700
US1CAPM0006,20150106,PRCP,0,,,N,700
US1CAPM0006,20150107,PRCP,0,,,N,640
US1CAPM0006,20150108,PRCP,0,,,N,700
US1CAPM0006,20150109,PRCP,0,,,N,700
US1CAPM0006,20150110,PRCP,0,,,N,700
US1CAPM0006,20150111,PRCP,0,,,N,700
US1CAPM0006,20150112,PRCP,0,,,N,700
US1CAPM0006,20150113,PRCP,0,,,N,700
US1CAPM0006,20150114,PRCP,0,,,N,700
US1CAPM0006,20150116,PRCP,5,,,N,700
US1CAPM0006,20150117,PRCP,5,,,N,700
US1CAPM0006,20150118,PRCP,3,,,N,700
US1CAPM0006,20150119,PRCP,0,,,N,700
US1CAPM0006,20150121,PRCP,0,,,N,700
US1CAPM0006,20150122,PRCP,0,,,N,700
US1CAPM0006,20150123,PRCP,0,,,N,700
US1CAPM0006,20150124,PRCP,0,,,N,700
US1CAPM0006,20150126,PRCP,0,,,N,700
US1CAPM0006,20150127,PRCP,0,,,N,700
US1CAPM0006,20150128,PRCP,0,,,N,700
US1CAPM0006,20150129,PRCP,0,,,N,700
US1CAPM0006,20150130,PRCP,0,,,N,700
US1CAPM0006,20150131,PRCP,0,,,N,700
US1CAPM0006,20150101,SNOW,0,,,N,700
US1CAPM0006,20150102,SNOW,0,,,N,700
US1CAPM0006,20150103,SNOW,0,,,N,700
US1CAPM0006,20150104,SNOW,0,,,N,700
US1CAPM0006,20150105,SNOW,0,,,N,700
US1CAPM0006,20150106,SNOW,0,,,N,700
US1CAPM0006,20150107,SNOW,0,,,N,640
US1CAPM0006,20150108,SNOW,0,,,N,700
US1CAPM0006,20150109,SNOW,0,,,N,700
US1CAPM0006,20150110,SNOW,0,,,N,700
US1CAPM0006,20150111,SNOW,0,,,N,700
US1CAPM0006,20150112,SNOW,0,,,N,700
US1CAPM0006,20150113,SNOW,0,,,N,700
US1CAPM0006,20150114,SNOW,0,,,N,700
US1CAPM0006,20150119,SNOW,0,,,N,700
US1CAPM0006,20150121,SNOW,0,,,N,700
US1CAPM0006,20150122,SNOW,0,,,N,700
US1CAPM0006,20150123,SNOW,0,,,N,700
US1CAPM0006,20150124,SNOW,0,,,N,700
US1CAPM0006,20150126,SNOW,0,,,N,700
US1CAPM0006,20150127,SNOW,0,,,N,700
US1CAPM0006,20150128,SNOW,0,,,N,700
US1CAPM0006,20150129,SNOW,0,,,N,700
US1CAPM0006,20150130,SNOW,0,,,N,700
US1CAPM0006,20150131,SNOW,0,,,N,700
US1CAPM0006,20150201,PRCP,0,,,N,700
US1CAPM0006,20150202,PRCP,0,T,,N,700
US1CAPM0006,20150203,PRCP,36,,,N,700
US1CAPM0006,20150204,PRCP,0,,,N,700
US1CAPM0006,20150205,PRCP,0,,,N,700
US1CAPM0006,20150206,PRCP,0,,,N,700
US1CAPM0006,20150207,PRCP,772,,,N,700
US1CAPM0006,20150208,PRCP,8,,,N,700
US1CAPM0006,20150209,PRCP,653,,,N,700
US1CAPM0006,20150210,PRCP,18,,,N,700
US1CAPM0006,20150211,PRCP,3,,,N,700
US1CAPM0006,20150212,PRCP,0,,,N,700
US1CAPM0006,20150213,PRCP,0,,,N,700
US1CAPM0006,20150214,PRCP,0,,,N,700
US1CAPM0006,20150215,PRCP,0,,,N,700
US1CAPM0006,20150216,PRCP,0,,,N,700
US1CAPM0006,20150218,PRCP,0,,,N,700
US1CAPM0006,20150219,PRCP,0,,,N,700
US1CAPM0006,20150220,PRCP,0,,,N,700
US1CAPM0006,20150221,PRCP,0,,,N,700
US1CAPM0006,20150222,PRCP,0,,,N,700
US1CAPM0006,20150223,PRCP,0,,,N,700
US1CAPM0006,20150224,PRCP,0,,,N,700
US1CAPM0006,20150225,PRCP,0,,,N,700
US1CAPM0006,20150226,PRCP,0,,,N,700
US1CAPM0006,20150228,PRCP,127,,,N,700
US1CAPM0006,20150201,SNOW,0,,,N,700
US1CAPM0006,20150204,SNOW,0,,,N,700
US1CAPM0006,20150205,SNOW,0,,,N,700
US1CAPM0006,20150206,SNOW,0,,,N,700
US1CAPM0006,20150212,SNOW,0,,,N,700
US1CAPM0006,20150213,SNOW,0,,,N,700
US1CAPM0006,20150214,SNOW,0,,,N,700
US1CAPM0006,20150215,SNOW,0,,,N,700
US1CAPM0006,20150216,SNOW,0,,,N,700
US1CAPM0006,20150218,SNOW,0,,,N,700
US1CAPM0006,20150219,SNOW,0,,,N,700
US1CAPM0006,20150220,SNOW,0,,,N,700
US1CAPM0006,20150221,SNOW,0,,,N,700
US1CAPM0006,20150222,SNOW,0,,,N,700
US1CAPM0006,20150223,SNOW,0,,,N,700
US1CAPM0006,20150224,SNOW,0,,,N,700
US1CAPM0006,20150225,SNOW,0,,,N,700
US1CAPM0006,20150226,SNOW,0,,,N,700
US1CAPM0006,20150301,PRCP,0,,,N,700
US1CAPM0006,20150302,PRCP,0,,,N,700
US1CAPM0006,20150303,PRCP,0,,,N,700
US1CAPM0006,20150305,PRCP,0,,,N,700
US1CAPM0006,20150306,PRCP,0,,,N,700
US1CAPM0006,20150307,PRCP,0,,,N,700
US1CAPM0006,20150308,PRCP,0,,,N,700
US1CAPM0006,20150309,PRCP,0,,,N,700
US1CAPM0006,20150310,PRCP,0,,,N,700
US1CAPM0006,20150311,PRCP,3,,,N,700
US1CAPM0006,20150312,PRCP,18,,,N,700
US1CAPM0006,20150314,PRCP,0,,,N,700
US1CAPM0006,20150315,PRCP,0,,,N,700
US1CAPM0006,20150316,PRCP,0,,,N,700
US1CAPM0006,20150317,PRCP,18,,,N,700
US1CAPM0006,20150318,PRCP,0,,,N,700
US1CAPM0006,20150320,PRCP,0,,,N,700
US1CAPM0006,20150321,PRCP,0,,,N,700
US1CAPM0006,20150323,PRCP,91,,,N,700
US1CAPM0006,20150326,PRCP,0,,,N,700
US1CAPM0006,20150301,SNOW,0,,,N,700
US1CAPM0006,20150302,SNOW,0,,,N,700
US1CAPM0006,20150303,SNOW,0,,,N,700
US1CAPM0006,20150305,SNOW,0,,,N,700
US1CAPM0006,20150306,SNOW,0,,,N,700
US1CAPM0006,20150307,SNOW,0,,,N,700
US1CAPM0006,20150308,SNOW,0,,,N,700
US1CAPM0006,20150309,SNOW,0,,,N,700
US1CAPM0006,20150310,SNOW,0,,,N,700
US1CAPM0006,20150314,SNOW,0,,,N,700
US1CAPM0006,20150315,SNOW,0,,,N,700
US1CAPM0006,20150316,SNOW,0,,,N,700
US1CAPM0006,20150318,SNOW,0,,,N,700
US1CAPM0006,20150320,SNOW,0,,,N,700
US1CAPM0006,20150321,SNOW,0,,,N,700
US1CAPM0006,20150326,SNOW,0,,,N,700
US1CAPM0006,20150402,PRCP,0,T,,N,700
US1CAPM0006,20150403,PRCP,0,,,N,700
US1CAPM0006,20150406,PRCP,97,,,N,700
US1CAPM0006,20150407,PRCP,0,,,N,700
US1CAPM0006,20150408,PRCP,61,,,N,700
US1CAPM0006,20150414,PRCP,13,,,N,700
US1CAPM0006,20150422,PRCP,13,,,N,700
US1CAPM0006,20150423,PRCP,5,,,N,700
US1CAPM0006,20150424,PRCP,112,,,N,700
US1CAPM0006,20150425,PRCP,127,,,N,700
US1CAPM0006,20150403,SNOW,0,,,N,700
US1CAPM0006,20150407,SNOW,0,,,N,700
US1CAPM0006,20150507,PRCP,3,,,N,700
US1CAPM0006,20150508,PRCP,0,,,N,700
US1CAPM0006,20150509,PRCP,48,,,N,700
US1CAPM0006,20150510,PRCP,0,,,N,700
US1CAPM0006,20150511,PRCP,8,,,N,700
US1CAPM0006,20150513,PRCP,8,,,N,700
US1CAPM0006,20150514,PRCP,10,,,N,700
US1CAPM0006,20150515,PRCP,23,,,N,700
US1CAPM0006,20150516,PRCP,56,,,N,700
US1CAPM0006,20150517,PRCP,0,,,N,700
US1CAPM0006,20150518,PRCP,30,,,N,700
US1CAPM0006,20150519,PRCP,5,,,N,700
US1CAPM0006,20150520,PRCP,10,,,N,700
US1CAPM0006,20150521,PRCP,107,,,N,700
US1CAPM0006,20150522,PRCP,46,,,N,700
US1CAPM0006,20150523,PRCP,76,,,N,700
US1CAPM0006,20150524,PRCP,28,,,N,700
US1CAPM0006,20150525,PRCP,0,,,N,700
US1CAPM0006,20150526,PRCP,0,T,,N,700
US1CAPM0006,20150527,PRCP,0,,,N,700
US1CAPM0006,20150528,PRCP,0,,,N,700
US1CAPM0006,20150529,PRCP,0,,,N,700
US1CAPM0006,20150530,PRCP,0,,,N,700
US1CAPM0006,20150531,PRCP,0,,,N,700
US1CAPM0006,20150508,SNOW,0,,,N,700
US1CAPM0006,20150510,SNOW,0,,,N,700
US1CAPM0006,20150517,SNOW,0,,,N,700
US1CAPM0006,20150525,SNOW,0,,,N,700
US1CAPM0006,20150527,SNOW,0,,,N,700
US1CAPM0006,20150528,SNOW,0,,,N,700
US1CAPM0006,20150529,SNOW,0,,,N,700
US1CAPM0006,20150530,SNOW,0,,,N,700
US1CAPM0006,20150531,SNOW,0,,,N,700
US1CAPM0006,20150602,PRCP,0,,,N,700
US1CAPM0006,20150603,PRCP,0,,,N,700
US1CAPM0006,20150604,PRCP,0,,,N,700
US1CAPM0006,20150605,PRCP,13,,,N,700
US1CAPM0006,20150606,PRCP,0,T,,N,700
US1CAPM0006,20150607,PRCP,18,,,N,700
US1CAPM0006,20150609,PRCP,0,,,N,700
US1CAPM0006,20150610,PRCP,84,,,N,700
US1CAPM0006,20150611,PRCP,10,,,N,700
US1CAPM0006,20150612,PRCP,0,,,N,700
US1CAPM0006,20150613,PRCP,0,,,N,700
US1CAPM0006,20150614,PRCP,0,,,N,700
US1CAPM0006,20150615,PRCP,0,,,N,700
US1CAPM0006,20150616,PRCP,0,,,N,700
US1CAPM0006,20150618,PRCP,0,,,N,700
US1CAPM0006,20150619,PRCP,0,,,N,700
US1CAPM0006,20150622,PRCP,0,,,N,700
US1CAPM0006,20150623,PRCP,0,,,N,700
US1CAPM0006,20150624,PRCP,0,,,N,700
US1CAPM0006,20150625,PRCP,0,,,N,700
US1CAPM0006,20150626,PRCP,0,,,N,700
US1CAPM0006,20150627,PRCP,0,,,N,700
US1CAPM0006,20150628,PRCP,0,,,N,700
US1CAPM0006,20150629,PRCP,0,,,N,700
US1CAPM0006,20150630,PRCP,0,,,N,700
US1CAPM0006,20150602,SNOW,0,,,N,700
US1CAPM0006,20150603,SNOW,0,,,N,700
US1CAPM0006,20150604,SNOW,0,,,N,700
US1CAPM0006,20150609,SNOW,0,,,N,700
US1CAPM0006,20150612,SNOW,0,,,N,700
US1CAPM0006,20150613,SNOW,0,,,N,700
US1CAPM0006,20150614,SNOW,0,,,N,700
US1CAPM0006,20150615,SNOW,0,,,N,700
US1CAPM0006,20150616,SNOW,0,,,N,700
US1CAPM0006,20150618,SNOW,0,,,N,700
US1CAPM0006,20150619,SNOW,0,,,N,700
US1CAPM0006,20150622,SNOW,0,,,N,700
US1CAPM0006,20150623,SNOW,0,,,N,700
US1CAPM0006,20150624,SNOW,0,,,N,700
US1CAPM0006,20150625,SNOW,0,,,N,700
US1CAPM0006,20150626,SNOW,0,,,N,700
US1CAPM0006,20150627,SNOW,0,,,N,700
US1CAPM0006,20150628,SNOW,0,,,N,700
US1CAPM0006,20150629,SNOW,0,,,N,700
US1CAPM0006,20150630,SNOW,0,,,N,700
US1CAPM0006,20150701,PRCP,0,,,N,700
US1CAPM0006,20150702,PRCP,0,,,N,700
US1CAPM0006,20150703,PRCP,18,,,N,700
US1CAPM0006,20150704,PRCP,0,,,N,700
US1CAPM0006,20150705,PRCP,0,,,N,700
US1CAPM0006,20150706,PRCP,0,,,N,700
US1CAPM0006,20150708,PRCP,0,T,,N,700
US1CAPM0006,20150709,PRCP,61,,,N,700
US1CAPM0006,20150710,PRCP,147,,,N,700
US1CAPM0006,20150711,PRCP,15,,,N,700
US1CAPM0006,20150701,SNOW,0,,,N,700
US1CAPM0006,20150702,SNOW,0,,,N,700
US1CAPM0006,20150704,SNOW,0,,,N,700
US1CAPM0006,20150705,SNOW,0,,,N,700
US1CAPM0006,20150706,SNOW,0,,,N,700
US1CAPM0006,20150801,PRCP,0,T,,N,700
US1CAPM0006,20150824,PRCP,0,,,N,700
US1CAPM0006,20150825,PRCP,0,,,N,700
US1CAPM0006,20150826,PRCP,0,,,N,700
US1CAPM0006,20150827,PRCP,0,,,N,700
US1CAPM0006,20150828,PRCP,0,,,N,700
US1CAPM0006,20150829,PRCP,0,,,N,700
US1CAPM0006,20150830,PRCP,23,,,N,700
US1CAPM0006,20150831,PRCP,0,,,N,700
US1CAPM0006,20150824,SNOW,0,,,N,700
US1CAPM0006,20150825,SNOW,0,,,N,700
US1CAPM0006,20150826,SNOW,0,,,N,700
US1CAPM0006,20150827,SNOW,0,,,N,700
US1CAPM0006,20150828,SNOW,0,,,N,700
US1CAPM0006,20150829,SNOW,0,,,N,700
US1CAPM0006,20150831,SNOW,0,,,N,700
US1CAPM0006,20150901,PRCP,0,,,N,700
US1CAPM0006,20150902,PRCP,0,,,N,700
US1CAPM0006,20150903,PRCP,0,,,N,700
US1CAPM0006,20150904,PRCP,0,,,N,700
US1CAPM0006,20150905,PRCP,0,,,N,700
US1CAPM0006,20150906,PRCP,0,,,N,700
US1CAPM0006,20150907,PRCP,0,,,N,700
US1CAPM0006,20150908,PRCP,0,,,N,700
US1CAPM0006,20150909,PRCP,0,,,N,700
US1CAPM0006,20150910,PRCP,0,,,N,700
US1CAPM0006,20150911,PRCP,0,,,N,700
US1CAPM0006,20150912,PRCP,0,,,N,700
US1CAPM0006,20150913,PRCP,0,,,N,700
US1CAPM0006,20150914,PRCP,0,,,N,700
US1CAPM0006,20150915,PRCP,5,,,N,700
US1CAPM0006,20150916,PRCP,0,,,N,700
US1CAPM0006,20150917,PRCP,66,,,N,700
US1CAPM0006,20150918,PRCP,0,,,N,700
US1CAPM0006,20150919,PRCP,0,,,N,700
US1CAPM0006,20150920,PRCP,0,,,N,700
US1CAPM0006,20150921,PRCP,0,,,N,700
US1CAPM0006,20150922,PRCP,0,,,N,700
US1CAPM0006,20150923,PRCP,0,,,N,700
US1CAPM0006,20150925,PRCP,0,,,N,700
US1CAPM0006,20150926,PRCP,0,,,N,700
US1CAPM0006,20150927,PRCP,0,,,N,700
US1CAPM0006,20150928,PRCP,0,,,N,700
US1CAPM0006,20150929,PRCP,0,,,N,700
US1CAPM0006,20150901,SNOW,0,,,N,700
US1CAPM0006,20150902,SNOW,0,,,N,700
US1CAPM0006,20150903,SNOW,0,,,N,700
US1CAPM0006,20150904,SNOW,0,,,N,700
US1CAPM0006,20150905,SNOW,0,,,N,700
US1CAPM0006,20150906,SNOW,0,,,N,700
US1CAPM0006,20150907,SNOW,0,,,N,700
US1CAPM0006,20150908,SNOW,0,,,N,700
US1CAPM0006,20150909,SNOW,0,,,N,700
US1CAPM0006,20150910,SNOW,0,,,N,700
US1CAPM0006,20150911,SNOW,0,,,N,700
US1CAPM0006,20150912,SNOW,0,,,N,700
US1CAPM0006,20150913,SNOW,0,,,N,700
US1CAPM0006,20150914,SNOW,0,,,N,700
US1CAPM0006,20150916,SNOW,0,,,N,700
US1CAPM0006,20150918,SNOW,0,,,N,700
US1CAPM0006,20150919,SNOW,0,,,N,700
US1CAPM0006,20150920,SNOW,0,,,N,700
US1CAPM0006,20150921,SNOW,0,,,N,700
US1CAPM0006,20150922,SNOW,0,,,N,700
US1CAPM0006,20150923,SNOW,0,,,N,700
US1CAPM0006,20150925,SNOW,0,,,N,700
US1CAPM0006,20150926,SNOW,0,,,N,700
US1CAPM0006,20150927,SNOW,0,,,N,700
US1CAPM0006,20150928,SNOW,0,,,N,700
US1CAPM0006,20150929,SNOW,0,,,N,700
US1CAPM0006,20151001,PRCP,41,,,N,700
US1CAPM0006,20151002,PRCP,28,,,N,700
US1CAPM0006,20151003,PRCP,0,,,N,700
US1CAPM0006,20151004,PRCP,81,,,N,700
US1CAPM0006,20151005,PRCP,0,,,N,700
US1CAPM0006,20151006,PRCP,0,,,N,700
US1CAPM0006,20151007,PRCP,0,,,N,700
US1CAPM0006,20151008,PRCP,0,,,N,700
US1CAPM0006,20151009,PRCP,0,,,N,700
US1CAPM0006,20151011,PRCP,0,,,N,700
US1CAPM0006,20151012,PRCP,0,,,N,700
US1CAPM0006,20151013,PRCP,0,,,N,700
US1CAPM0006,20151014,PRCP,0,,,N,700
US1CAPM0006,20151015,PRCP,0,,,N,700
US1CAPM0006,20151016,PRCP,0,,,N,700
US1CAPM0006,20151017,PRCP,114,,,N,700
US1CAPM0006,20151018,PRCP,122,,,N,700
US1CAPM0006,20151019,PRCP,10,,,N,700
US1CAPM0006,20151020,PRCP,20,,,N,700
US1CAPM0006,20151021,PRCP,0,,,N,700
US1CAPM0006,20151022,PRCP,0,,,N,700
US1CAPM0006,20151024,PRCP,0,,,N,700
US1CAPM0006,20151025,PRCP,0,,,N,700
US1CAPM0006,20151026,PRCP,0,,,N,700
US1CAPM0006,20151027,PRCP,0,,,N,700
US1CAPM0006,20151028,PRCP,36,,,N,700
US1CAPM0006,20151029,PRCP,15,,,N,700
US1CAPM0006,20151030,PRCP,0,,,N,700
US1CAPM0006,20151003,SNOW,0,,,N,700
US1CAPM0006,20151005,SNOW,0,,,N,700
US1CAPM0006,20151006,SNOW,0,,,N,700
US1CAPM0006,20151007,SNOW,0,,,N,700
US1CAPM0006,20151008,SNOW,0,,,N,700
US1CAPM0006,20151009,SNOW,0,,,N,700
US1CAPM0006,20151011,SNOW,0,,,N,700
US1CAPM0006,20151012,SNOW,0,,,N,700
US1CAPM0006,20151013,SNOW,0,,,N,700
US1CAPM0006,20151014,SNOW,0,,,N,700
US1CAPM0006,20151015,SNOW,0,,,N,700
US1CAPM0006,20151016,SNOW,0,,,N,700
US1CAPM0006,20151021,SNOW,0,,,N,700
US1CAPM0006,20151022,SNOW,0,,,N,700
US1CAPM0006,20151024,SNOW,0,,,N,700
US1CAPM0006,20151025,SNOW,0,,,N,700
US1CAPM0006,20151026,SNOW,0,,,N,700
US1CAPM0006,20151027,SNOW,0,,,N,700
US1CAPM0006,20151030,SNOW,0,,,N,700
US1CAPM0006,20151102,PRCP,351,,,N,700
US1CAPM0006,20151103,PRCP,25,,,N,700
US1CAPM0006,20151104,PRCP,0,,,N,700
US1CAPM0006,20151105,PRCP,0,,,N,700
US1CAPM0006,20151106,PRCP,0,,,N,700
US1CAPM0006,20151107,PRCP,0,,,N,700
US1CAPM0006,20151108,PRCP,0,T,,N,700
US1CAPM0006,20151109,PRCP,94,,,N,700
US1CAPM0006,20151110,PRCP,99,,,N,700
US1CAPM0006,20151111,PRCP,0,,,N,700
US1CAPM0006,20151112,PRCP,0,,,N,700
US1CAPM0006,20151113,PRCP,0,,,N,700
US1CAPM0006,20151114,PRCP,0,,,N,700
US1CAPM0006,20151115,PRCP,0,T,,N,700
US1CAPM0006,20151116,PRCP,135,,,N,700
US1CAPM0006,20151117,PRCP,0,,,N,700
US1CAPM0006,20151118,PRCP,0,,,N,700
US1CAPM0006,20151119,PRCP,0,,,N,700
US1CAPM0006,20151120,PRCP,0,,,N,700
US1CAPM0006,20151121,PRCP,0,,,N,700
US1CAPM0006,20151122,PRCP,0,,,N,700
US1CAPM0006,20151123,PRCP,8,,,N,700
US1CAPM0006,20151124,PRCP,0,T,,N,700
US1CAPM0006,20151125,PRCP,180,,,N,700
US1CAPM0006,20151126,PRCP,0,T,,N,700
US1CAPM0006,20151127,PRCP,0,,,N,700
US1CAPM0006,20151128,PRCP,0,,,N,700
US1CAPM0006,20151129,PRCP,0,,,N,700
US1CAPM0006,20151104,SNOW,0,,,N,700
US1CAPM0006,20151105,SNOW,0,,,N,700
US1CAPM0006,20151106,SNOW,0,,,N,700
US1CAPM0006,20151107,SNOW,0,,,N,700
US1CAPM0006,20151111,SNOW,0,,,N,700
US1CAPM0006,20151112,SNOW,0,,,N,700
US1CAPM0006,20151113,SNOW,0,,,N,700
US1CAPM0006,20151114,SNOW,0,,,N,700
US1CAPM0006,20151117,SNOW,0,,,N,700
US1CAPM0006,20151118,SNOW,0,,,N,700
US1CAPM0006,20151119,SNOW,0,,,N,700
US1CAPM0006,20151120,SNOW,0,,,N,700
US1CAPM0006,20151121,SNOW,0,,,N,700
US1CAPM0006,20151122,SNOW,0,,,N,700
US1CAPM0006,20151127,SNOW,0,,,N,700
US1CAPM0006,20151128,SNOW,0,,,N,700
US1CAPM0006,20151129,SNOW,0,,,N,700
US1CAPM0006,20151125,WESF,28,,,N,700
US1CAPM0006,20151201,PRCP,0,,,N,700
US1CAPM0006,20151202,PRCP,0,,,N,700
US1CAPM0006,20151203,PRCP,0,,,N,700
US1CAPM0006,20151204,PRCP,318,,,N,700
US1CAPM0006,20151205,PRCP,0,,,N,700
US1CAPM0006,20151206,PRCP,36,,,N,700
US1CAPM0006,20151207,PRCP,76,,,N,700
US1CAPM0006,20151208,PRCP,3,,,N,700
US1CAPM0006,20151209,PRCP,0,,,N,700
US1CAPM0006,20151210,PRCP,254,,,N,700
US1CAPM0006,20151211,PRCP,130,,,N,700
US1CAPM0006,20151213,PRCP,23,,,N,700
US1CAPM0006,20151214,PRCP,267,,,N,700
US1CAPM0006,20151215,PRCP,0,,,N,700
US1CAPM0006,20151216,PRCP,0,,,N,700
US1CAPM0006,20151217,PRCP,0,,,N,700
US1CAPM0006,20151218,PRCP,0,,,N,700
US1CAPM0006,20151223,PRCP,0,,,N,700
US1CAPM0006,20151224,PRCP,25,,,N,700
US1CAPM0006,20151225,PRCP,58,,,N,700
US1CAPM0006,20151226,PRCP,0,,,N,700
US1CAPM0006,20151227,PRCP,0,,,N,700
US1CAPM0006,20151228,PRCP,13,,,N,700
US1CAPM0006,20151229,PRCP,0,,,N,700
US1CAPM0006,20151230,PRCP,8,,,N,700
US1CAPM0006,20151231,PRCP,0,,,N,700
US1CAPM0006,20151201,SNOW,0,,,N,700
US1CAPM0006,20151202,SNOW,0,,,N,700
US1CAPM0006,20151203,SNOW,0,,,N,700
US1CAPM0006,20151205,SNOW,0,,,N,700
US1CAPM0006,20151209,SNOW,0,,,N,700
US1CAPM0006,20151215,SNOW,0,,,N,700
US1CAPM0006,20151216,SNOW,0,,,N,700
US1CAPM0006,20151217,SNOW,0,,,N,700
US1CAPM0006,20151218,SNOW,0,,,N,700
US1CAPM0006,20151223,SNOW,0,,,N,700
US1CAPM0006,20151226,SNOW,0,,,N,700
US1CAPM0006,20151227,SNOW,0,,,N,700
US1CAPM0006,20151229,SNOW,0,,,N,700
US1CAPM0006,20151231,SNOW,0,,,N,700
US1CAPM0006,20151222,DAPR,4,,,N,1300
US1CAPM0006,20151222,MDPR,554,,,N,1300
US1CAPM0006,20160101,PRCP,0,,,N,700
US1CAPM0006,20160102,PRCP,0,,,N,700
US1CAPM0006,20160103,PRCP,0,,,N,700
US1CAPM0006,20160104,PRCP,0,,,N,700
US1CAPM0006,20160105,PRCP,99,,,N,700
US1CAPM0006,20160106,PRCP,43,,,N,700
US1CAPM0006,20160107,PRCP,61,,,N,700
US1CAPM0006,20160108,PRCP,13,,,N,700
US1CAPM0006,20160109,PRCP,43,,,N,700
US1CAPM0006,20160110,PRCP,0,,,N,700
US1CAPM0006,20160111,PRCP,0,,,N,700
US1CAPM0006,20160112,PRCP,0,,,N,700
US1CAPM0006,20160113,PRCP,305,,,N,700
US1CAPM0006,20160114,PRCP,140,,,N,700
US1CAPM0006,20160115,PRCP,213,,,N,700
US1CAPM0006,20160116,PRCP,56,,,N,700
US1CAPM0006,20160117,PRCP,23,,,N,700
US1CAPM0006,20160118,PRCP,892,,,N,700
US1CAPM0006,20160119,PRCP,71,,,N,700
US1CAPM0006,20160120,PRCP,213,,,N,700
US1CAPM0006,20160121,PRCP,5,,,N,700
US1CAPM0006,20160122,PRCP,163,,,N,700
US1CAPM0006,20160123,PRCP,290,,,N,700
US1CAPM0006,20160124,PRCP,64,,,N,700
US1CAPM0006,20160125,PRCP,30,,,N,700
US1CAPM0006,20160126,PRCP,5,,,N,700
US1CAPM0006,20160127,PRCP,5,,,N,700
US1CAPM0006,20160128,PRCP,0,,,N,700
US1CAPM0006,20160129,PRCP,84,,,N,700
US1CAPM0006,20160130,PRCP,401,,,N,700
US1CAPM0006,20160131,PRCP,89,,,N,700
US1CAPM0006,20160101,SNOW,0,,,N,700
US1CAPM0006,20160102,SNOW,0,,,N,700
US1CAPM0006,20160103,SNOW,0,,,N,700
US1CAPM0006,20160104,SNOW,0,,,N,700
US1CAPM0006,20160110,SNOW,0,,,N,700
US1CAPM0006,20160111,SNOW,0,,,N,700
US1CAPM0006,20160112,SNOW,0,,,N,700
US1CAPM0006,20160128,SNOW,0,,,N,700
US1CAPM0006,20160131,WESF,64,,,N,700
US1CAPM0006,20160201,PRCP,3,,,N,700
US1CAPM0006,20160202,PRCP,0,T,,N,700
US1CAPM0006,20160203,PRCP,0,,,N,700
US1CAPM0006,20160204,PRCP,0,,,N,700
US1CAPM0006,20160205,PRCP,0,,,N,700
US1CAPM0006,20160206,PRCP,0,,,N,700
US1CAPM0006,20160207,PRCP,0,,,N,700
US1CAPM0006,20160208,PRCP,0,,,N,700
US1CAPM0006,20160209,PRCP,0,,,N,700
US1CAPM0006,20160210,PRCP,0,,,N,700
US1CAPM0006,20160211,PRCP,0,,,N,700
US1CAPM0006,20160212,PRCP,0,,,N,700
US1CAPM0006,20160213,PRCP,0,,,N,700
US1CAPM0006,20160214,PRCP,0,,,N,700
US1CAPM0006,20160215,PRCP,0,,,N,700
US1CAPM0006,20160216,PRCP,0,,,N,700
US1CAPM0006,20160217,PRCP,0,,,N,700
US1CAPM0006,20160218,PRCP,419,,,N,700
US1CAPM0006,20160219,PRCP,36,,,N,700
US1CAPM0006,20160220,PRCP,28,,,N,700
US1CAPM0006,20160221,PRCP,3,,,N,700
US1CAPM0006,20160222,PRCP,0,,,N,700
US1CAPM0006,20160223,PRCP,0,,,N,700
US1CAPM0006,20160224,PRCP,8,,,N,700
US1CAPM0006,20160226,PRCP,0,,,N,700
US1CAPM0006,20160227,PRCP,0,,,N,700
US1CAPM0006,20160228,PRCP,3,,,N,700
US1CAPM0006,20160229,PRCP,0,,,N,700
US1CAPM0006,20160203,SNOW,0,,,N,700
US1CAPM0006,20160204,SNOW,0,,,N,700
US1CAPM0006,20160205,SNOW,0,,,N,700
US1CAPM0006,20160206,SNOW,0,,,N,700
US1CAPM0006,20160207,SNOW,0,,,N,700
US1CAPM0006,20160208,SNOW,0,,,N,700
US1CAPM0006,20160209,SNOW,0,,,N,700
US1CAPM0006,20160210,SNOW,0,,,N,700
US1CAPM0006,20160211,SNOW,0,,,N,700
US1CAPM0006,20160212,SNOW,0,,,N,700
US1CAPM0006,20160213,SNOW,0,,,N,700
US1CAPM0006,20160214,SNOW,0,,,N,700
US1CAPM0006,20160215,SNOW,0,,,N,700
US1CAPM0006,20160216,SNOW,0,,,N,700
US1CAPM0006,20160217,SNOW,0,,,N,700
US1CAPM0006,20160222,SNOW,0,,,N,700
US1CAPM0006,20160223,SNOW,0,,,N,700
US1CAPM0006,20160226,SNOW,0,,,N,700
US1CAPM0006,20160227,SNOW,0,,,N,700
US1CAPM0006,20160229,SNOW,0,,,N,700
US1CAPM0006,20160301,PRCP,0,,,N,700
US1CAPM0006,20160302,PRCP,3,,,N,700
US1CAPM0006,20160303,PRCP,0,,,N,700
US1CAPM0006,20160304,PRCP,5,,,N,700
US1CAPM0006,20160305,PRCP,511,,,N,700
US1CAPM0006,20160306,PRCP,787,,,N,700
US1CAPM0006,20160307,PRCP,206,,,N,700
US1CAPM0006,20160308,PRCP,74,,,N,700
US1CAPM0006,20160309,PRCP,13,,,N,700
US1CAPM0006,20160310,PRCP,97,,,N,700
US1CAPM0006,20160311,PRCP,493,,,N,700
US1CAPM0006,20160312,PRCP,127,,,N,700
US1CAPM0006,20160313,PRCP,546,,,N,700
US1CAPM0006,20160314,PRCP,409,,,N,700
US1CAPM0006,20160315,PRCP,5,,,N,700
US1CAPM0006,20160316,PRCP,0,,,N,700
US1CAPM0006,20160317,PRCP,0,,,N,700
US1CAPM0006,20160318,PRCP,0,,,N,700
US1CAPM0006,20160319,PRCP,0,,,N,700
US1CAPM0006,20160320,PRCP,0,,,N,700
US1CAPM0006,20160321,PRCP,376,,,N,700
US1CAPM0006,20160322,PRCP,208,,,N,700
US1CAPM0006,20160323,PRCP,3,,,N,700
US1CAPM0006,20160324,PRCP,0,,,N,700
US1CAPM0006,20160325,PRCP,0,,,N,700
US1CAPM0006,20160326,PRCP,0,,,N,700
US1CAPM0006,20160327,PRCP,0,,,N,700
US1CAPM0006,20160328,PRCP,13,,,N,700
US1CAPM0006,20160329,PRCP,3,,,N,700
US1CAPM0006,20160330,PRCP,0,,,N,700
US1CAPM0006,20160331,PRCP,0,,,N,700
US1CAPM0006,20160301,SNOW,0,,,N,700
US1CAPM0006,20160303,SNOW,0,,,N,700
US1CAPM0006,20160316,SNOW,0,,,N,700
US1CAPM0006,20160317,SNOW,0,,,N,700
US1CAPM0006,20160318,SNOW,0,,,N,700
US1CAPM0006,20160319,SNOW,0,,,N,700
US1CAPM0006,20160320,SNOW,0,,,N,700
US1CAPM0006,20160324,SNOW,0,,,N,700
US1CAPM0006,20160325,SNOW,0,,,N,700
US1CAPM0006,20160326,SNOW,0,,,N,700
US1CAPM0006,20160327,SNOW,0,,,N,700
US1CAPM0006,20160330,SNOW,0,,,N,700
US1CAPM0006,20160331,SNOW,0,,,N,700
US1CAPM0006,20160401,PRCP,0,,,N,700
US1CAPM0006,20160403,PRCP,0,,,N,700
US1CAPM0006,20160404,PRCP,0,,,N,700
US1CAPM0006,20160405,PRCP,0,,,N,700
US1CAPM0006,20160406,PRCP,0,,,N,700
US1CAPM0006,20160407,PRCP,0,,,N,700
US1CAPM0006,20160409,PRCP,0,,,N,700
US1CAPM0006,20160410,PRCP,5,,,N,700
US1CAPM0006,20160411,PRCP,66,,,N,700
US1CAPM0006,20160412,PRCP,0,,,N,700
US1CAPM0006,20160413,PRCP,0,,,N,700
US1CAPM0006,20160414,PRCP,56,,,N,700
US1CAPM0006,20160415,PRCP,3,,,N,700
US1CAPM0006,20160416,PRCP,0,,,N,700
US1CAPM0006,20160417,PRCP,0,,,N,700
US1CAPM0006,20160418,PRCP,0,,,N,700
US1CAPM0006,20160419,PRCP,0,,,N,700
US1CAPM0006,20160420,PRCP,0,,,N,700
US1CAPM0006,20160422,PRCP,13,,,N,700
US1CAPM0006,20160423,PRCP,290,,,N,700
US1CAPM0006,20160424,PRCP,0,,,N,700
US1CAPM0006,20160425,PRCP,8,,,N,700
US1CAPM0006,20160426,PRCP,3,,,N,700
US1CAPM0006,20160427,PRCP,0,,,N,700
US1CAPM0006,20160428,PRCP,8,,,N,700
US1CAPM0006,20160429,PRCP,0,,,N,700
US1CAPM0006,20160430,PRCP,3,,,N,700
US1CAPM0006,20160401,SNOW,0,,,N,700
US1CAPM0006,20160403,SNOW,0,,,N,700
US1CAPM0006,20160404,SNOW,0,,,N,700
US1CAPM0006,20160405,SNOW,0,,,N,700
US1CAPM0006,20160406,SNOW,0,,,N,700
US1CAPM0006,20160407,SNOW,0,,,N,700
US1CAPM0006,20160409,SNOW,0,,,N,700
US1CAPM0006,20160412,SNOW,0,,,N,700
US1CAPM0006,20160413,SNOW,0,,,N,700
US1CAPM0006,20160416,SNOW,0,,,N,700
US1CAPM0006,20160417,SNOW,0,,,N,700
US1CAPM0006,20160418,SNOW,0,,,N,700
US1CAPM0006,20160419,SNOW,0,,,N,700
US1CAPM0006,20160420,SNOW,0,,,N,700
US1CAPM0006,20160424,SNOW,0,,,N,700
US1CAPM0006,20160427,SNOW,0,,,N,700
US1CAPM0006,20160429,SNOW,0,,,N,700
US1CAPM0006,20160501,PRCP,0,,,N,700
US1CAPM0006,20160502,PRCP,0,,,N,700
US1CAPM0006,20160503,PRCP,0,,,N,700
US1CAPM0006,20160504,PRCP,0,,,N,700
US1CAPM0006,20160505,PRCP,5,,,N,700
US1CAPM0006,20160506,PRCP,25,,,N,700
US1CAPM0006,20160509,PRCP,5,,,N,700
US1CAPM0006,20160511,PRCP,0,,,N,700
US1CAPM0006,20160513,PRCP,0,,,N,700
US1CAPM0006,20160515,PRCP,15,,,N,700
US1CAPM0006,20160516,PRCP,13,,,N,700
US1CAPM0006,20160517,PRCP,0,,,N,700
US1CAPM0006,20160518,PRCP,0,,,N,700
US1CAPM0006,20160520,PRCP,36,,,N,700
US1CAPM0006,20160521,PRCP,66,,,N,700
US1CAPM0006,20160522,PRCP,5,,,N,700
US1CAPM0006,20160523,PRCP,8,,,N,700
US1CAPM0006,20160525,PRCP,13,,,N,700
US1CAPM0006,20160526,PRCP,0,,,N,700
US1CAPM0006,20160527,PRCP,33,,,N,700
US1CAPM0006,20160528,PRCP,0,,,N,700
US1CAPM0006,20160529,PRCP,0,,,N,700
US1CAPM0006,20160530,PRCP,0,,,N,700
US1CAPM0006,20160531,PRCP,0,,,N,700
US1CAPM0006,20160501,SNOW,0,,,N,700
US1CAPM0006,20160502,SNOW,0,,,N,700
US1CAPM0006,20160503,SNOW,0,,,N,700
US1CAPM0006,20160504,SNOW,0,,,N,700
US1CAPM0006,20160511,SNOW,0,,,N,700
US1CAPM0006,20160513,SNOW,0,,,N,700
US1CAPM0006,20160517,SNOW,0,,,N,700
US1CAPM0006,20160518,SNOW,0,,,N,700
US1CAPM0006,20160526,SNOW,0,,,N,700
US1CAPM0006,20160528,SNOW,0,,,N,700
US1CAPM0006,20160529,SNOW,0,,,N,700
US1CAPM0006,20160530,SNOW,0,,,N,700
US1CAPM0006,20160531,SNOW,0,,,N,700
US1CAPM0006,20160508,DAPR,2,,,N,700
US1CAPM0006,20160508,MDPR,208,,,N,700
US1CAPM0006,20160601,PRCP,0,,,N,700
US1CAPM0006,20160602,PRCP,0,,,N,700
US1CAPM0006,20160603,PRCP,0,,,N,700
US1CAPM0006,20160606,PRCP,18,,,N,700
US1CAPM0006,20160607,PRCP,0,,,N,700
US1CAPM0006,20160609,PRCP,0,,,N,700
US1CAPM0006,20160610,PRCP,0,,,N,700
US1CAPM0006,20160611,PRCP,0,,,N,700
US1CAPM0006,20160612,PRCP,0,,,N,700
US1CAPM0006,20160613,PRCP,0,,,N,700
US1CAPM0006,20160618,PRCP,173,,,N,700
US1CAPM0006,20160619,PRCP,0,,,N,700
US1CAPM0006,20160601,SNOW,0,,,N,700
US1CAPM0006,20160602,SNOW,0,,,N,700
US1CAPM0006,20160603,SNOW,0,,,N,700
US1CAPM0006,20160606,SNOW,0,,,N,700
US1CAPM0006,20160607,SNOW,0,,,N,700
US1CAPM0006,20160609,SNOW,0,,,N,700
US1CAPM0006,20160610,SNOW,0,,,N,700
US1CAPM0006,20160611,SNOW,0,,,N,700
US1CAPM0006,20160612,SNOW,0,,,N,700
US1CAPM0006,20160613,SNOW,0,,,N,700
US1CAPM0006,20160619,SNOW,0,,,N,700
US1CAPM0006,20160822,PRCP,0,,,N,700
US1CAPM0006,20160823,PRCP,0,,,N,700
US1CAPM0006,20160824,PRCP,0,,,N,700
US1CAPM0006,20160825,PRCP,0,,,N,700
US1CAPM0006,20160826,PRCP,0,,,N,700
US1CAPM0006,20160829,PRCP,0,,,N,700
US1CAPM0006,20160822,SNOW,0,,,N,700
US1CAPM0006,20160823,SNOW,0,,,N,700
US1CAPM0006,20160824,SNOW,0,,,N,700
US1CAPM0006,20160825,SNOW,0,,,N,700
US1CAPM0006,20160826,SNOW,0,,,N,700
US1CAPM0006,20160829,SNOW,0,,,N,700
US1CAPM0006,20160912,PRCP,0,,,N,700
US1CAPM0006,20160923,PRCP,10,,,N,700
US1CAPM0006,20160912,SNOW,0,,,N,700
US1CAPM0006,20161003,PRCP,117,,,N,700
US1CAPM0006,20161004,PRCP,8,,,N,700
US1CAPM0006,20161014,PRCP,145,,,N,700
US1CAPM0006,20161015,PRCP,254,,,N,700
US1CAPM0006,20161016,PRCP,467,,,N,700
US1CAPM0006,20161018,PRCP,10,,,N,700
US1CAPM0006,20161024,PRCP,23,,,N,700
US1CAPM0006,20161025,PRCP,282,,,N,700
US1CAPM0006,20161026,PRCP,23,,,N,700
US1CAPM0006,20161027,PRCP,51,,,N,700
US1CAPM0006,20161028,PRCP,185,,,N,700
US1CAPM0006,20161029,PRCP,122,,,N,700
US1CAPM0006,20161030,PRCP,91,,,N,700
US1CAPM0006,20161031,PRCP,239,,,N,700
US1CAPM0006,20161101,PRCP,102,,,N,700
US1CAPM0006,20161103,PRCP,5,,,N,700
US1CAPM0006,20161106,PRCP,10,,,N,700
US1CAPM0006,20161107,PRCP,5,,,N,700
US1CAPM0006,20161108,PRCP,5,,,N,700
US1CAPM0006,20161109,PRCP,5,,,N,700
US1CAPM0006,20161110,PRCP,5,,,N,700
US1CAPM0006,20161116,PRCP,28,,,N,700
US1CAPM0006,20161118,PRCP,3,,,N,700
US1CAPM0006,20161119,PRCP,38,,,N,700
US1CAPM0006,20161120,PRCP,411,,,N,700
US1CAPM0006,20161121,PRCP,20,,,N,700
US1CAPM0006,20161122,PRCP,30,,,N,700
US1CAPM0006,20161123,PRCP,155,,,N,700
US1CAPM0006,20161128,PRCP,170,,,N,700
US1CAPM0006,20161129,PRCP,5,,,N,700
US1CAPM0006,20161130,PRCP,0,T,,N,700
US1CAPM0006,20161201,PRCP,25,,,N,700
US1CAPM0006,20161202,PRCP,0,,,N,700
US1CAPM0006,20161205,PRCP,0,,,N,700
US1CAPM0006,20161206,PRCP,0,,,N,700
US1CAPM0006,20161207,PRCP,5,,,N,700
US1CAPM0006,20161209,PRCP,259,,,N,700
US1CAPM0006,20161213,PRCP,0,,,N,700
US1CAPM0006,20161214,PRCP,241,,,N,700
US1CAPM0006,20161215,PRCP,254,,,N,700
US1CAPM0006,20161216,PRCP,940,,,N,700
US1CAPM0006,20161221,PRCP,18,,,N,700
US1CAPM0006,20161222,PRCP,5,,,N,700
US1CAPM0006,20161223,PRCP,28,,,N,700
US1CAPM0006,20161224,PRCP,64,,,N,700
US1CAPM0006,20161202,SNOW,0,,,N,700
US1CAPM0006,20161205,SNOW,0,,,N,700
US1CAPM0006,20161206,SNOW,0,,,N,700
US1CAPM0006,20161213,SNOW,0,,,N,700
US1CAPM0006,20161211,DAPR,2,,,N,700
US1CAPM0006,20161211,MDPR,729,,,N,700
US1CAPM0006,20170101,PRCP,13,,,N,700
US1CAPM0006,20170102,PRCP,28,,,N,700
US1CAPM0006,20170103,PRCP,203,,,N,700
US1CAPM0006,20170104,PRCP,528,,,N,700
US1CAPM0006,20170105,PRCP,43,,,N,700
US1CAPM0006,20170106,PRCP,0,,,N,700
US1CAPM0006,20170107,PRCP,30,,,N,700
US1CAPM0006,20170108,PRCP,716,,,N,700
US1CAPM0006,20170109,PRCP,772,,,N,700
US1CAPM0006,20170110,PRCP,498,,,N,700
US1CAPM0006,20170111,PRCP,805,,,N,700
US1CAPM0006,20170112,PRCP,38,,,N,700
US1CAPM0006,20170113,PRCP,28,,,N,700
US1CAPM0006,20170114,PRCP,0,,,N,700
US1CAPM0006,20170115,PRCP,0,,,N,700
US1CAPM0006,20170116,PRCP,0,,,N,700
US1CAPM0006,20170118,PRCP,5,,,N,700
US1CAPM0006,20170119,PRCP,564,,,N,700
US1CAPM0006,20170120,PRCP,163,,,N,700
US1CAPM0006,20170123,PRCP,127,,,N,700
US1CAPM0006,20170124,PRCP,3,,,N,700
US1CAPM0006,20170125,PRCP,0,,,N,700
US1CAPM0006,20170126,PRCP,0,,,N,700
US1CAPM0006,20170127,PRCP,0,,,N,700
US1CAPM0006,20170128,PRCP,0,,,N,700
US1CAPM0006,20170129,PRCP,0,,,N,700
US1CAPM0006,20170130,PRCP,0,,,N,700
US1CAPM0006,20170106,SNOW,0,,,N,700
US1CAPM0006,20170114,SNOW,0,,,N,700
US1CAPM0006,20170115,SNOW,0,,,N,700
US1CAPM0006,20170116,SNOW,0,,,N,700
US1CAPM0006,20170125,SNOW,0,,,N,700
US1CAPM0006,20170126,SNOW,0,,,N,700
US1CAPM0006,20170127,SNOW,0,,,N,700
US1CAPM0006,20170128,SNOW,0,,,N,700
US1CAPM0006,20170129,SNOW,0,,,N,700
US1CAPM0006,20170130,SNOW,0,,,N,700
US1CAPM0006,20170122,DAPR,2,,,N,700
US1CAPM0006,20170122,MDPR,348,,,N,700
US1CAPM0006,20170201,PRCP,0,,,N,700
US1CAPM0006,20170202,PRCP,53,,,N,700
US1CAPM0006,20170203,PRCP,244,,,N,700
US1CAPM0006,20170206,PRCP,422,,,N,700
US1CAPM0006,20170207,PRCP,780,,,N,700
US1CAPM0006,20170208,PRCP,102,,,N,700
US1CAPM0006,20170209,PRCP,503,,,N,700
US1CAPM0006,20170210,PRCP,787,,,N,700
US1CAPM0006,20170211,PRCP,66,,,N,700
US1CAPM0006,20170213,PRCP,0,,,N,700
US1CAPM0006,20170214,PRCP,0,,,N,700
US1CAPM0006,20170215,PRCP,0,,,N,700
US1CAPM0006,20170216,PRCP,203,,,N,700
US1CAPM0006,20170217,PRCP,84,,,N,700
US1CAPM0006,20170218,PRCP,305,,,N,700
US1CAPM0006,20170219,PRCP,58,,,N,700
US1CAPM0006,20170220,PRCP,414,,,N,700
US1CAPM0006,20170221,PRCP,963,,,N,700
US1CAPM0006,20170222,PRCP,160,,,N,700
US1CAPM0006,20170223,PRCP,13,,,N,700
US1CAPM0006,20170224,PRCP,8,,,N,700
US1CAPM0006,20170225,PRCP,5,,,N,700
US1CAPM0006,20170226,PRCP,0,,,N,700
US1CAPM0006,20170227,PRCP,69,,,N,700
US1CAPM0006,20170228,PRCP,3,,,N,700
US1CAPM0006,20170201,SNOW,0,,,N,700
US1CAPM0006,20170213,SNOW,0,,,N,700
US1CAPM0006,20170214,SNOW,0,,,N,700
US1CAPM0006,20170215,SNOW,0,,,N,700
US1CAPM0006,20170226,SNOW,0,,,N,700
US1CAPM0006,20170205,DAPR,2,,,N,700
US1CAPM0006,20170205,MDPR,437,,,N,700
US1CAPM0006,20170301,PRCP,0,,,N,700
US1CAPM0006,20170302,PRCP,0,,,N,700
US1CAPM0006,20170303,PRCP,0,,,N,700
US1CAPM0006,20170304,PRCP,0,,,N,700
US1CAPM0006,20170305,PRCP,198,,,N,700
US1CAPM0006,20170306,PRCP,51,,,N,700
US1CAPM0006,20170307,PRCP,15,,,N,700
US1CAPM0006,20170308,PRCP,10,,,N,700
US1CAPM0006,20170309,PRCP,0,,,N,700
US1CAPM0006,20170310,PRCP,0,,,N,700
US1CAPM0006,20170312,PRCP,0,,,N,700
US1CAPM0006,20170313,PRCP,0,,,N,700
US1CAPM0006,20170314,PRCP,0,,,N,700
US1CAPM0006,20170318,PRCP,5,,,N,700
US1CAPM0006,20170319,PRCP,8,,,N,700
US1CAPM0006,20170320,PRCP,5,,,N,700
US1CAPM0006,20170321,PRCP,356,,,N,700
US1CAPM0006,20170322,PRCP,330,,,N,700
US1CAPM0006,20170323,PRCP,10,,,N,700
US1CAPM0006,20170324,PRCP,25,,,N,700
US1CAPM0006,20170325,PRCP,137,,,N,700
US1CAPM0006,20170328,PRCP,5,,,N,700
US1CAPM0006,20170329,PRCP,0,,,N,700
US1CAPM0006,20170330,PRCP,114,,,N,700
US1CAPM0006,20170331,PRCP,5,,,N,700
US1CAPM0006,20170301,SNOW,0,,,N,700
US1CAPM0006,20170302,SNOW,0,,,N,700
US1CAPM0006,20170303,SNOW,0,,,N,700
US1CAPM0006,20170304,SNOW,0,,,N,700
US1CAPM0006,20170309,SNOW,0,,,N,700
US1CAPM0006,20170310,SNOW,0,,,N,700
US1CAPM0006,20170312,SNOW,0,,,N,700
US1CAPM0006,20170313,SNOW,0,,,N,700
US1CAPM0006,20170314,SNOW,0,,,N,700
US1CAPM0006,20170329,SNOW,0,,,N,700
US1CAPM0006,20170327,DAPR,2,,,N,700
US1CAPM0006,20170327,MDPR,102,,,N,700
US1CAPM0006,20170401,PRCP,0,,,N,700
US1CAPM0006,20170402,PRCP,0,,,N,700
US1CAPM0006,20170403,PRCP,0,,,N,700
US1CAPM0006,20170404,PRCP,0,,,N,700
US1CAPM0006,20170405,PRCP,0,,,N,700
US1CAPM0006,20170406,PRCP,104,,,N,700
US1CAPM0006,20170407,PRCP,739,,,N,700
US1CAPM0006,20170408,PRCP,437,,,N,700
US1CAPM0006,20170409,PRCP,43,,,N,700
US1CAPM0006,20170410,PRCP,0,,,N,700
US1CAPM0006,20170411,PRCP,0,,,N,700
US1CAPM0006,20170412,PRCP,56,,,N,700
US1CAPM0006,20170413,PRCP,340,,,N,700
US1CAPM0006,20170418,PRCP,76,,,N,700
US1CAPM0006,20170419,PRCP,5,,,N,700
US1CAPM0006,20170420,PRCP,152,,,N,700
US1CAPM0006,20170421,PRCP,8,,,N,700
US1CAPM0006,20170422,PRCP,0,,,N,700
US1CAPM0006,20170423,PRCP,0,,,N,700
US1CAPM0006,20170424,PRCP,10,,,N,700
US1CAPM0006,20170425,PRCP,0,,,N,700
US1CAPM0006,20170426,PRCP,8,,,N,700
US1CAPM0006,20170427,PRCP,0,,,N,700
US1CAPM0006,20170428,PRCP,0,,,N,700
US1CAPM0006,20170401,SNOW,0,,,N,700
US1CAPM0006,20170402,SNOW,0,,,N,700
US1CAPM0006,20170403,SNOW,0,,,N,700
US1CAPM0006,20170404,SNOW,0,,,N,700
US1CAPM0006,20170405,SNOW,0,,,N,700
US1CAPM0006,20170410,SNOW,0,,,N,700
US1CAPM0006,20170411,SNOW,0,,,N,700
US1CAPM0006,20170422,SNOW,0,,,N,700
US1CAPM0006,20170423,SNOW,0,,,N,700
US1CAPM0006,20170425,SNOW,0,,,N,700
US1CAPM0006,20170427,SNOW,0,,,N,700
US1CAPM0006,20170428,SNOW,0,,,N,700
US1CAPM0006,20170417,DAPR,4,,,N,700
US1CAPM0006,20170417,MDPR,229,,,N,700
US1CAPM0006,20170501,PRCP,0,,,N,700
US1CAPM0006,20170502,PRCP,0,,,N,700
US1CAPM0006,20170504,PRCP,0,,,N,700
US1CAPM0006,20170505,PRCP,0,,,N,700
US1CAPM0006,20170506,PRCP,0,,,N,700
US1CAPM0006,20170507,PRCP,30,,,N,700
US1CAPM0006,20170509,PRCP,0,,,N,700
US1CAPM0006,20170510,PRCP,0,,,N,630
US1CAPM0006,20170511,PRCP,0,,,N,700
US1CAPM0006,20170512,PRCP,0,,,N,635
US1CAPM0006,20170515,PRCP,8,,,N,700
US1CAPM0006,20170516,PRCP,0,,,N,700
US1CAPM0006,20170517,PRCP,10,,,N,700
US1CAPM0006,20170522,PRCP,0,,,N,700
US1CAPM0006,20170523,PRCP,0,,,N,700
US1CAPM0006,20170524,PRCP,0,,,N,700
US1CAPM0006,20170525,PRCP,0,,,N,700
US1CAPM0006,20170526,PRCP,0,,,N,700
US1CAPM0006,20170527,PRCP,0,,,N,700
US1CAPM0006,20170528,PRCP,0,,,N,700
US1CAPM0006,20170529,PRCP,0,,,N,700
US1CAPM0006,20170530,PRCP,132,,,N,700
US1CAPM0006,20170531,PRCP,30,,,N,700
US1CAPM0006,20170501,SNOW,0,,,N,700
US1CAPM0006,20170502,SNOW,0,,,N,700
US1CAPM0006,20170504,SNOW,0,,,N,700
US1CAPM0006,20170505,SNOW,0,,,N,700
US1CAPM0006,20170506,SNOW,0,,,N,700
US1CAPM0006,20170509,SNOW,0,,,N,700
US1CAPM0006,20170510,SNOW,0,,,N,630
US1CAPM0006,20170511,SNOW,0,,,N,700
US1CAPM0006,20170512,SNOW,0,,,N,635
US1CAPM0006,20170516,SNOW,0,,,N,700
US1CAPM0006,20170522,SNOW,0,,,N,700
US1CAPM0006,20170523,SNOW,0,,,N,700
US1CAPM0006,20170524,SNOW,0,,,N,700
US1CAPM0006,20170525,SNOW,0,,,N,700
US1CAPM0006,20170526,SNOW,0,,,N,700
US1CAPM0006,20170527,SNOW,0,,,N,700
US1CAPM0006,20170528,SNOW,0,,,N,700
US1CAPM0006,20170529,SNOW,0,,,N,700
US1CAPM0006,20170601,PRCP,25,,,N,700
US1CAPM0006,20170605,PRCP,0,,,N,700
US1CAPM0006,20170606,PRCP,0,,,N,700
US1CAPM0006,20170607,PRCP,0,,,N,700
US1CAPM0006,20170608,PRCP,48,,,N,700
US1CAPM0006,20170609,PRCP,48,,,N,700
US1CAPM0006,20170610,PRCP,58,,,N,700
US1CAPM0006,20170613,PRCP,15,,,N,700
US1CAPM0006,20170615,PRCP,0,,,N,700
US1CAPM0006,20170605,SNOW,0,,,N,700
US1CAPM0006,20170606,SNOW,0,,,N,700
US1CAPM0006,20170607,SNOW,0,,,N,700
US1CAPM0006,20170615,SNOW,0,,,N,700
US1CAPM0006,20170612,DAPR,2,,,N,700
US1CAPM0006,20170612,MDPR,132,,,N,700
