US1CAAL0022,20140101,PRCP,0,Unnamed: 4,Unnamed: 5,N,0600
US1CAAL0022,20140102,PRCP,0,,,N,600
US1CAAL0022,20140103,PRCP,0,,,N,600
US1CAAL0022,20140104,PRCP,0,,,N,600
US1CAAL0022,20140105,PRCP,0,,,N,600
US1CAAL0022,20140106,PRCP,0,,,N,600
US1CAAL0022,20140107,PRCP,0,,,N,600
US1CAAL0022,20140108,PRCP,0,,,N,600
US1CAAL0022,20140109,PRCP,0,,,N,600
US1CAAL0022,20140110,PRCP,0,,,N,600
US1CAAL0022,20140111,PRCP,0,,,N,600
US1CAAL0022,20140112,PRCP,0,,,N,600
US1CAAL0022,20140113,PRCP,0,,,N,600
US1CAAL0022,20140114,PRCP,0,,,N,600
US1CAAL0022,20140115,PRCP,0,,,N,600
US1CAAL0022,20140116,PRCP,0,,,N,600
US1CAAL0022,20140117,PRCP,0,,,N,600
US1CAAL0022,20140118,PRCP,0,,,N,600
US1CAAL0022,20140119,PRCP,0,,,N,600
US1CAAL0022,20140120,PRCP,0,,,N,600
US1CAAL0022,20140121,PRCP,0,,,N,600
US1CAAL0022,20140122,PRCP,0,,,N,600
US1CAAL0022,20140123,PRCP,0,,,N,600
US1CAAL0022,20140124,PRCP,0,,,N,600
US1CAAL0022,20140125,PRCP,0,,,N,600
US1CAAL0022,20140126,PRCP,0,,,N,600
US1CAAL0022,20140127,PRCP,0,,,N,600
US1CAAL0022,20140128,PRCP,0,,,N,600
US1CAAL0022,20140129,PRCP,3,,,N,600
US1CAAL0022,20140130,PRCP,10,,,N,700
US1CAAL0022,20140131,PRCP,0,,,N,600
US1CAAL0022,20140101,SNOW,0,,,N,600
US1CAAL0022,20140102,SNOW,0,,,N,600
US1CAAL0022,20140103,SNOW,0,,,N,600
US1CAAL0022,20140104,SNOW,0,,,N,600
US1CAAL0022,20140105,SNOW,0,,,N,600
US1CAAL0022,20140106,SNOW,0,,,N,600
US1CAAL0022,20140107,SNOW,0,,,N,600
US1CAAL0022,20140108,SNOW,0,,,N,600
US1CAAL0022,20140109,SNOW,0,,,N,600
US1CAAL0022,20140110,SNOW,0,,,N,600
US1CAAL0022,20140111,SNOW,0,,,N,600
US1CAAL0022,20140112,SNOW,0,,,N,600
US1CAAL0022,20140113,SNOW,0,,,N,600
US1CAAL0022,20140114,SNOW,0,,,N,600
US1CAAL0022,20140115,SNOW,0,,,N,600
US1CAAL0022,20140116,SNOW,0,,,N,600
US1CAAL0022,20140117,SNOW,0,,,N,600
US1CAAL0022,20140118,SNOW,0,,,N,600
US1CAAL0022,20140119,SNOW,0,,,N,600
US1CAAL0022,20140120,SNOW,0,,,N,600
US1CAAL0022,20140121,SNOW,0,,,N,600
US1CAAL0022,20140122,SNOW,0,,,N,600
US1CAAL0022,20140123,SNOW,0,,,N,600
US1CAAL0022,20140124,SNOW,0,,,N,600
US1CAAL0022,20140125,SNOW,0,,,N,600
US1CAAL0022,20140126,SNOW,0,,,N,600
US1CAAL0022,20140127,SNOW,0,,,N,600
US1CAAL0022,20140128,SNOW,0,,,N,600
US1CAAL0022,20140131,SNOW,0,,,N,600
US1CAAL0022,20140201,PRCP,0,,,N,600
US1CAAL0022,20140202,PRCP,8,,,N,800
US1CAAL0022,20140203,PRCP,28,,,N,700
US1CAAL0022,20140204,PRCP,0,,,N,600
US1CAAL0022,20140205,PRCP,0,,,N,600
US1CAAL0022,20140206,PRCP,175,,,N,700
US1CAAL0022,20140207,PRCP,33,,,N,700
US1CAAL0022,20140208,PRCP,58,,,N,700
US1CAAL0022,20140209,PRCP,10,,,N,900
US1CAAL0022,20140210,PRCP,15,,,N,700
US1CAAL0022,20140211,PRCP,8,,,N,700
US1CAAL0022,20140212,PRCP,0,,,N,600
US1CAAL0022,20140213,PRCP,0,,,N,600
US1CAAL0022,20140214,PRCP,0,,,N,600
US1CAAL0022,20140215,PRCP,0,,,N,600
US1CAAL0022,20140216,PRCP,8,,,N,700
US1CAAL0022,20140217,PRCP,0,,,N,600
US1CAAL0022,20140218,PRCP,0,,,N,600
US1CAAL0022,20140219,PRCP,10,,,N,700
US1CAAL0022,20140220,PRCP,0,,,N,600
US1CAAL0022,20140221,PRCP,0,,,N,600
US1CAAL0022,20140222,PRCP,0,,,N,600
US1CAAL0022,20140223,PRCP,0,,,N,600
US1CAAL0022,20140224,PRCP,0,,,N,600
US1CAAL0022,20140225,PRCP,0,,,N,600
US1CAAL0022,20140226,PRCP,3,,,N,700
US1CAAL0022,20140227,PRCP,211,,,N,700
US1CAAL0022,20140228,PRCP,229,,,N,700
US1CAAL0022,20140201,SNOW,0,,,N,600
US1CAAL0022,20140204,SNOW,0,,,N,600
US1CAAL0022,20140205,SNOW,0,,,N,600
US1CAAL0022,20140212,SNOW,0,,,N,600
US1CAAL0022,20140213,SNOW,0,,,N,600
US1CAAL0022,20140214,SNOW,0,,,N,600
US1CAAL0022,20140215,SNOW,0,,,N,600
US1CAAL0022,20140217,SNOW,0,,,N,600
US1CAAL0022,20140218,SNOW,0,,,N,600
US1CAAL0022,20140220,SNOW,0,,,N,600
US1CAAL0022,20140221,SNOW,0,,,N,600
US1CAAL0022,20140222,SNOW,0,,,N,600
US1CAAL0022,20140223,SNOW,0,,,N,600
US1CAAL0022,20140224,SNOW,0,,,N,600
US1CAAL0022,20140225,SNOW,0,,,N,600
US1CAAL0022,20140301,PRCP,74,,,N,700
US1CAAL0022,20140302,PRCP,0,,,N,600
US1CAAL0022,20140303,PRCP,0,,,N,600
US1CAAL0022,20140304,PRCP,41,,,N,700
US1CAAL0022,20140305,PRCP,0,,,N,600
US1CAAL0022,20140306,PRCP,23,,,N,700
US1CAAL0022,20140307,PRCP,0,,,N,600
US1CAAL0022,20140308,PRCP,0,,,N,600
US1CAAL0022,20140309,PRCP,0,,,N,600
US1CAAL0022,20140310,PRCP,3,,,N,700
US1CAAL0022,20140311,PRCP,0,,,N,600
US1CAAL0022,20140312,PRCP,0,,,N,600
US1CAAL0022,20140313,PRCP,0,,,N,600
US1CAAL0022,20140314,PRCP,0,,,N,600
US1CAAL0022,20140315,PRCP,0,,,N,600
US1CAAL0022,20140316,PRCP,0,,,N,600
US1CAAL0022,20140317,PRCP,0,,,N,600
US1CAAL0022,20140318,PRCP,0,,,N,600
US1CAAL0022,20140319,PRCP,0,,,N,600
US1CAAL0022,20140320,PRCP,0,,,N,600
US1CAAL0022,20140321,PRCP,0,,,N,600
US1CAAL0022,20140322,PRCP,0,,,N,600
US1CAAL0022,20140323,PRCP,0,,,N,600
US1CAAL0022,20140324,PRCP,0,,,N,600
US1CAAL0022,20140325,PRCP,0,,,N,600
US1CAAL0022,20140326,PRCP,0,T,,N,600
US1CAAL0022,20140327,PRCP,86,,,N,600
US1CAAL0022,20140328,PRCP,0,,,N,600
US1CAAL0022,20140329,PRCP,0,,,N,600
US1CAAL0022,20140330,PRCP,145,,,N,600
US1CAAL0022,20140331,PRCP,0,,,N,600
US1CAAL0022,20140302,SNOW,0,,,N,600
US1CAAL0022,20140303,SNOW,0,,,N,600
US1CAAL0022,20140305,SNOW,0,,,N,600
US1CAAL0022,20140307,SNOW,0,,,N,600
US1CAAL0022,20140308,SNOW,0,,,N,600
US1CAAL0022,20140309,SNOW,0,,,N,600
US1CAAL0022,20140311,SNOW,0,,,N,600
US1CAAL0022,20140312,SNOW,0,,,N,600
US1CAAL0022,20140313,SNOW,0,,,N,600
US1CAAL0022,20140314,SNOW,0,,,N,600
US1CAAL0022,20140315,SNOW,0,,,N,600
US1CAAL0022,20140316,SNOW,0,,,N,600
US1CAAL0022,20140317,SNOW,0,,,N,600
US1CAAL0022,20140318,SNOW,0,,,N,600
US1CAAL0022,20140319,SNOW,0,,,N,600
US1CAAL0022,20140320,SNOW,0,,,N,600
US1CAAL0022,20140321,SNOW,0,,,N,600
US1CAAL0022,20140322,SNOW,0,,,N,600
US1CAAL0022,20140323,SNOW,0,,,N,600
US1CAAL0022,20140324,SNOW,0,,,N,600
US1CAAL0022,20140325,SNOW,0,,,N,600
US1CAAL0022,20140328,SNOW,0,,,N,600
US1CAAL0022,20140329,SNOW,0,,,N,600
US1CAAL0022,20140331,SNOW,0,,,N,600
US1CAAL0022,20140401,PRCP,206,,,N,600
US1CAAL0022,20140402,PRCP,114,,,N,600
US1CAAL0022,20140403,PRCP,0,,,N,600
US1CAAL0022,20140404,PRCP,15,,,N,600
US1CAAL0022,20140405,PRCP,20,,,N,600
US1CAAL0022,20140406,PRCP,0,,,N,600
US1CAAL0022,20140407,PRCP,0,,,N,600
US1CAAL0022,20140408,PRCP,0,,,N,600
US1CAAL0022,20140409,PRCP,0,,,N,600
US1CAAL0022,20140410,PRCP,0,,,N,600
US1CAAL0022,20140411,PRCP,0,,,N,600
US1CAAL0022,20140412,PRCP,0,,,N,600
US1CAAL0022,20140413,PRCP,0,,,N,600
US1CAAL0022,20140414,PRCP,0,,,N,600
US1CAAL0022,20140415,PRCP,0,,,N,600
US1CAAL0022,20140416,PRCP,0,,,N,600
US1CAAL0022,20140417,PRCP,0,,,N,600
US1CAAL0022,20140418,PRCP,0,,,N,600
US1CAAL0022,20140419,PRCP,0,,,N,600
US1CAAL0022,20140420,PRCP,0,,,N,600
US1CAAL0022,20140421,PRCP,0,,,N,600
US1CAAL0022,20140422,PRCP,0,T,,N,600
US1CAAL0022,20140423,PRCP,0,,,N,600
US1CAAL0022,20140424,PRCP,0,,,N,600
US1CAAL0022,20140425,PRCP,5,,,N,600
US1CAAL0022,20140426,PRCP,94,,,N,600
US1CAAL0022,20140427,PRCP,0,,,N,600
US1CAAL0022,20140428,PRCP,0,,,N,600
US1CAAL0022,20140429,PRCP,0,,,N,600
US1CAAL0022,20140430,PRCP,0,,,N,600
US1CAAL0022,20140403,SNOW,0,,,N,600
US1CAAL0022,20140406,SNOW,0,,,N,600
US1CAAL0022,20140407,SNOW,0,,,N,600
US1CAAL0022,20140408,SNOW,0,,,N,600
US1CAAL0022,20140409,SNOW,0,,,N,600
US1CAAL0022,20140410,SNOW,0,,,N,600
US1CAAL0022,20140411,SNOW,0,,,N,600
US1CAAL0022,20140412,SNOW,0,,,N,600
US1CAAL0022,20140413,SNOW,0,,,N,600
US1CAAL0022,20140414,SNOW,0,,,N,600
US1CAAL0022,20140415,SNOW,0,,,N,600
US1CAAL0022,20140416,SNOW,0,,,N,600
US1CAAL0022,20140417,SNOW,0,,,N,600
US1CAAL0022,20140418,SNOW,0,,,N,600
US1CAAL0022,20140419,SNOW,0,,,N,600
US1CAAL0022,20140420,SNOW,0,,,N,600
US1CAAL0022,20140421,SNOW,0,,,N,600
US1CAAL0022,20140422,SNOW,0,,,N,600
US1CAAL0022,20140423,SNOW,0,,,N,600
US1CAAL0022,20140424,SNOW,0,,,N,600
US1CAAL0022,20140427,SNOW,0,,,N,600
US1CAAL0022,20140428,SNOW,0,,,N,600
US1CAAL0022,20140429,SNOW,0,,,N,600
US1CAAL0022,20140430,SNOW,0,,,N,600
US1CAAL0022,20140501,PRCP,0,,,N,600
US1CAAL0022,20140502,PRCP,0,,,N,600
US1CAAL0022,20140503,PRCP,0,,,N,600
US1CAAL0022,20140504,PRCP,0,,,N,600
US1CAAL0022,20140505,PRCP,0,,,N,600
US1CAAL0022,20140506,PRCP,0,,,N,600
US1CAAL0022,20140507,PRCP,0,,,N,600
US1CAAL0022,20140508,PRCP,0,,,N,600
US1CAAL0022,20140509,PRCP,5,,,N,600
US1CAAL0022,20140510,PRCP,0,,,N,600
US1CAAL0022,20140511,PRCP,0,,,N,600
US1CAAL0022,20140512,PRCP,0,,,N,600
US1CAAL0022,20140513,PRCP,0,,,N,600
US1CAAL0022,20140514,PRCP,0,,,N,600
US1CAAL0022,20140515,PRCP,0,,,N,600
US1CAAL0022,20140516,PRCP,0,,,N,600
US1CAAL0022,20140517,PRCP,0,,,N,600
US1CAAL0022,20140518,PRCP,0,,,N,600
US1CAAL0022,20140519,PRCP,0,,,N,600
US1CAAL0022,20140520,PRCP,5,,,N,600
US1CAAL0022,20140521,PRCP,8,,,N,600
US1CAAL0022,20140522,PRCP,0,,,N,600
US1CAAL0022,20140523,PRCP,0,,,N,600
US1CAAL0022,20140524,PRCP,0,,,N,600
US1CAAL0022,20140525,PRCP,0,,,N,600
US1CAAL0022,20140526,PRCP,0,,,N,600
US1CAAL0022,20140527,PRCP,0,,,N,600
US1CAAL0022,20140528,PRCP,0,,,N,600
US1CAAL0022,20140529,PRCP,0,,,N,600
US1CAAL0022,20140530,PRCP,0,,,N,600
US1CAAL0022,20140531,PRCP,0,,,N,600
US1CAAL0022,20140501,SNOW,0,,,N,600
US1CAAL0022,20140502,SNOW,0,,,N,600
US1CAAL0022,20140503,SNOW,0,,,N,600
US1CAAL0022,20140504,SNOW,0,,,N,600
US1CAAL0022,20140505,SNOW,0,,,N,600
US1CAAL0022,20140506,SNOW,0,,,N,600
US1CAAL0022,20140507,SNOW,0,,,N,600
US1CAAL0022,20140508,SNOW,0,,,N,600
US1CAAL0022,20140510,SNOW,0,,,N,600
US1CAAL0022,20140511,SNOW,0,,,N,600
US1CAAL0022,20140512,SNOW,0,,,N,600
US1CAAL0022,20140513,SNOW,0,,,N,600
US1CAAL0022,20140514,SNOW,0,,,N,600
US1CAAL0022,20140515,SNOW,0,,,N,600
US1CAAL0022,20140516,SNOW,0,,,N,600
US1CAAL0022,20140517,SNOW,0,,,N,600
US1CAAL0022,20140518,SNOW,0,,,N,600
US1CAAL0022,20140519,SNOW,0,,,N,600
US1CAAL0022,20140522,SNOW,0,,,N,600
US1CAAL0022,20140523,SNOW,0,,,N,600
US1CAAL0022,20140524,SNOW,0,,,N,600
US1CAAL0022,20140525,SNOW,0,,,N,600
US1CAAL0022,20140526,SNOW,0,,,N,600
US1CAAL0022,20140527,SNOW,0,,,N,600
US1CAAL0022,20140528,SNOW,0,,,N,600
US1CAAL0022,20140529,SNOW,0,,,N,600
US1CAAL0022,20140530,SNOW,0,,,N,600
US1CAAL0022,20140531,SNOW,0,,,N,600
US1CAAL0022,20140601,PRCP,0,,,N,600
US1CAAL0022,20140602,PRCP,0,,,N,600
US1CAAL0022,20140603,PRCP,0,,,N,600
US1CAAL0022,20140604,PRCP,0,,,N,600
US1CAAL0022,20140605,PRCP,0,,,N,600
US1CAAL0022,20140606,PRCP,0,,,N,600
US1CAAL0022,20140607,PRCP,0,,,N,600
US1CAAL0022,20140608,PRCP,0,,,N,600
US1CAAL0022,20140609,PRCP,0,,,N,600
US1CAAL0022,20140610,PRCP,0,,,N,600
US1CAAL0022,20140611,PRCP,0,,,N,600
US1CAAL0022,20140612,PRCP,0,,,N,600
US1CAAL0022,20140613,PRCP,0,,,N,600
US1CAAL0022,20140614,PRCP,0,,,N,600
US1CAAL0022,20140615,PRCP,0,,,N,600
US1CAAL0022,20140616,PRCP,0,,,N,600
US1CAAL0022,20140617,PRCP,0,,,N,600
US1CAAL0022,20140618,PRCP,0,,,N,600
US1CAAL0022,20140619,PRCP,0,,,N,600
US1CAAL0022,20140620,PRCP,0,,,N,600
US1CAAL0022,20140621,PRCP,0,,,N,600
US1CAAL0022,20140622,PRCP,0,,,N,600
US1CAAL0022,20140623,PRCP,0,,,N,600
US1CAAL0022,20140624,PRCP,0,,,N,600
US1CAAL0022,20140625,PRCP,0,,,N,600
US1CAAL0022,20140626,PRCP,3,,,N,600
US1CAAL0022,20140627,PRCP,0,,,N,600
US1CAAL0022,20140628,PRCP,0,,,N,600
US1CAAL0022,20140629,PRCP,0,,,N,600
US1CAAL0022,20140630,PRCP,0,,,N,600
US1CAAL0022,20140601,SNOW,0,,,N,600
US1CAAL0022,20140602,SNOW,0,,,N,600
US1CAAL0022,20140603,SNOW,0,,,N,600
US1CAAL0022,20140604,SNOW,0,,,N,600
US1CAAL0022,20140605,SNOW,0,,,N,600
US1CAAL0022,20140606,SNOW,0,,,N,600
US1CAAL0022,20140607,SNOW,0,,,N,600
US1CAAL0022,20140608,SNOW,0,,,N,600
US1CAAL0022,20140609,SNOW,0,,,N,600
US1CAAL0022,20140610,SNOW,0,,,N,600
US1CAAL0022,20140611,SNOW,0,,,N,600
US1CAAL0022,20140612,SNOW,0,,,N,600
US1CAAL0022,20140613,SNOW,0,,,N,600
US1CAAL0022,20140614,SNOW,0,,,N,600
US1CAAL0022,20140615,SNOW,0,,,N,600
US1CAAL0022,20140616,SNOW,0,,,N,600
US1CAAL0022,20140617,SNOW,0,,,N,600
US1CAAL0022,20140618,SNOW,0,,,N,600
US1CAAL0022,20140619,SNOW,0,,,N,600
US1CAAL0022,20140620,SNOW,0,,,N,600
US1CAAL0022,20140621,SNOW,0,,,N,600
US1CAAL0022,20140622,SNOW,0,,,N,600
US1CAAL0022,20140623,SNOW,0,,,N,600
US1CAAL0022,20140624,SNOW,0,,,N,600
US1CAAL0022,20140625,SNOW,0,,,N,600
US1CAAL0022,20140627,SNOW,0,,,N,600
US1CAAL0022,20140628,SNOW,0,,,N,600
US1CAAL0022,20140629,SNOW,0,,,N,600
US1CAAL0022,20140630,SNOW,0,,,N,600
US1CAAL0022,20140701,PRCP,0,,,N,600
US1CAAL0022,20140702,PRCP,0,,,N,600
US1CAAL0022,20140703,PRCP,0,,,N,600
US1CAAL0022,20140704,PRCP,0,,,N,600
US1CAAL0022,20140705,PRCP,0,,,N,600
US1CAAL0022,20140706,PRCP,0,,,N,600
US1CAAL0022,20140707,PRCP,0,,,N,600
US1CAAL0022,20140708,PRCP,0,,,N,600
US1CAAL0022,20140709,PRCP,0,,,N,600
US1CAAL0022,20140710,PRCP,0,,,N,600
US1CAAL0022,20140711,PRCP,0,,,N,600
US1CAAL0022,20140712,PRCP,0,,,N,600
US1CAAL0022,20140713,PRCP,0,,,N,600
US1CAAL0022,20140714,PRCP,0,,,N,600
US1CAAL0022,20140715,PRCP,0,T,,N,600
US1CAAL0022,20140716,PRCP,0,,,N,600
US1CAAL0022,20140717,PRCP,0,,,N,600
US1CAAL0022,20140718,PRCP,0,,,N,600
US1CAAL0022,20140719,PRCP,0,,,N,600
US1CAAL0022,20140720,PRCP,0,,,N,600
US1CAAL0022,20140721,PRCP,0,,,N,600
US1CAAL0022,20140722,PRCP,0,T,,N,600
US1CAAL0022,20140723,PRCP,0,,,N,600
US1CAAL0022,20140724,PRCP,0,,,N,600
US1CAAL0022,20140725,PRCP,0,,,N,600
US1CAAL0022,20140726,PRCP,0,,,N,600
US1CAAL0022,20140727,PRCP,0,,,N,600
US1CAAL0022,20140728,PRCP,0,T,,N,600
US1CAAL0022,20140729,PRCP,0,,,N,600
US1CAAL0022,20140730,PRCP,0,,,N,600
US1CAAL0022,20140731,PRCP,0,,,N,600
US1CAAL0022,20140701,SNOW,0,,,N,600
US1CAAL0022,20140702,SNOW,0,,,N,600
US1CAAL0022,20140703,SNOW,0,,,N,600
US1CAAL0022,20140704,SNOW,0,,,N,600
US1CAAL0022,20140705,SNOW,0,,,N,600
US1CAAL0022,20140706,SNOW,0,,,N,600
US1CAAL0022,20140707,SNOW,0,,,N,600
US1CAAL0022,20140708,SNOW,0,,,N,600
US1CAAL0022,20140709,SNOW,0,,,N,600
US1CAAL0022,20140710,SNOW,0,,,N,600
US1CAAL0022,20140711,SNOW,0,,,N,600
US1CAAL0022,20140712,SNOW,0,,,N,600
US1CAAL0022,20140713,SNOW,0,,,N,600
US1CAAL0022,20140714,SNOW,0,,,N,600
US1CAAL0022,20140716,SNOW,0,,,N,600
US1CAAL0022,20140717,SNOW,0,,,N,600
US1CAAL0022,20140718,SNOW,0,,,N,600
US1CAAL0022,20140719,SNOW,0,,,N,600
US1CAAL0022,20140720,SNOW,0,,,N,600
US1CAAL0022,20140721,SNOW,0,,,N,600
US1CAAL0022,20140723,SNOW,0,,,N,600
US1CAAL0022,20140724,SNOW,0,,,N,600
US1CAAL0022,20140725,SNOW,0,,,N,600
US1CAAL0022,20140726,SNOW,0,,,N,600
US1CAAL0022,20140727,SNOW,0,,,N,600
US1CAAL0022,20140729,SNOW,0,,,N,600
US1CAAL0022,20140730,SNOW,0,,,N,600
US1CAAL0022,20140731,SNOW,0,,,N,600
US1CAAL0022,20140801,PRCP,0,,,N,600
US1CAAL0022,20140802,PRCP,0,,,N,600
US1CAAL0022,20140803,PRCP,0,,,N,600
US1CAAL0022,20140804,PRCP,0,,,N,600
US1CAAL0022,20140805,PRCP,0,,,N,600
US1CAAL0022,20140806,PRCP,5,,,N,600
US1CAAL0022,20140807,PRCP,0,,,N,600
US1CAAL0022,20140808,PRCP,0,,,N,600
US1CAAL0022,20140809,PRCP,0,,,N,600
US1CAAL0022,20140810,PRCP,0,,,N,600
US1CAAL0022,20140811,PRCP,0,,,N,600
US1CAAL0022,20140812,PRCP,0,,,N,600
US1CAAL0022,20140813,PRCP,0,,,N,600
US1CAAL0022,20140814,PRCP,0,,,N,600
US1CAAL0022,20140815,PRCP,0,,,N,600
US1CAAL0022,20140816,PRCP,0,,,N,600
US1CAAL0022,20140817,PRCP,0,,,N,600
US1CAAL0022,20140818,PRCP,0,,,N,600
US1CAAL0022,20140819,PRCP,0,,,N,600
US1CAAL0022,20140820,PRCP,0,,,N,600
US1CAAL0022,20140821,PRCP,0,,,N,600
US1CAAL0022,20140822,PRCP,0,,,N,600
US1CAAL0022,20140823,PRCP,0,,,N,600
US1CAAL0022,20140824,PRCP,0,,,N,600
US1CAAL0022,20140825,PRCP,0,,,N,600
US1CAAL0022,20140826,PRCP,0,,,N,600
US1CAAL0022,20140827,PRCP,0,,,N,600
US1CAAL0022,20140828,PRCP,0,,,N,600
US1CAAL0022,20140829,PRCP,0,,,N,600
US1CAAL0022,20140830,PRCP,0,,,N,600
US1CAAL0022,20140831,PRCP,0,,,N,600
US1CAAL0022,20140801,SNOW,0,,,N,600
US1CAAL0022,20140802,SNOW,0,,,N,600
US1CAAL0022,20140803,SNOW,0,,,N,600
US1CAAL0022,20140804,SNOW,0,,,N,600
US1CAAL0022,20140805,SNOW,0,,,N,600
US1CAAL0022,20140807,SNOW,0,,,N,600
US1CAAL0022,20140808,SNOW,0,,,N,600
US1CAAL0022,20140809,SNOW,0,,,N,600
US1CAAL0022,20140810,SNOW,0,,,N,600
US1CAAL0022,20140811,SNOW,0,,,N,600
US1CAAL0022,20140812,SNOW,0,,,N,600
US1CAAL0022,20140813,SNOW,0,,,N,600
US1CAAL0022,20140814,SNOW,0,,,N,600
US1CAAL0022,20140815,SNOW,0,,,N,600
US1CAAL0022,20140816,SNOW,0,,,N,600
US1CAAL0022,20140817,SNOW,0,,,N,600
US1CAAL0022,20140818,SNOW,0,,,N,600
US1CAAL0022,20140819,SNOW,0,,,N,600
US1CAAL0022,20140820,SNOW,0,,,N,600
US1CAAL0022,20140821,SNOW,0,,,N,600
US1CAAL0022,20140822,SNOW,0,,,N,600
US1CAAL0022,20140823,SNOW,0,,,N,600
US1CAAL0022,20140824,SNOW,0,,,N,600
US1CAAL0022,20140825,SNOW,0,,,N,600
US1CAAL0022,20140826,SNOW,0,,,N,600
US1CAAL0022,20140827,SNOW,0,,,N,600
US1CAAL0022,20140828,SNOW,0,,,N,600
US1CAAL0022,20140829,SNOW,0,,,N,600
US1CAAL0022,20140830,SNOW,0,,,N,600
US1CAAL0022,20140831,SNOW,0,,,N,600
US1CAAL0022,20140901,PRCP,0,,,N,600
US1CAAL0022,20140902,PRCP,0,,,N,600
US1CAAL0022,20140903,PRCP,0,,,N,600
US1CAAL0022,20140904,PRCP,0,,,N,600
US1CAAL0022,20140905,PRCP,0,,,N,600
US1CAAL0022,20140906,PRCP,0,,,N,600
US1CAAL0022,20140907,PRCP,0,,,N,600
US1CAAL0022,20140908,PRCP,0,,,N,600
US1CAAL0022,20140909,PRCP,0,,,N,600
US1CAAL0022,20140910,PRCP,0,,,N,600
US1CAAL0022,20140911,PRCP,0,,,N,600
US1CAAL0022,20140912,PRCP,0,,,N,600
US1CAAL0022,20140913,PRCP,0,,,N,600
US1CAAL0022,20140914,PRCP,0,,,N,600
US1CAAL0022,20140915,PRCP,0,,,N,600
US1CAAL0022,20140916,PRCP,0,,,N,600
US1CAAL0022,20140917,PRCP,0,,,N,600
US1CAAL0022,20140918,PRCP,0,,,N,600
US1CAAL0022,20140919,PRCP,0,,,N,600
US1CAAL0022,20140920,PRCP,0,,,N,600
US1CAAL0022,20140921,PRCP,0,,,N,600
US1CAAL0022,20140922,PRCP,0,,,N,600
US1CAAL0022,20140923,PRCP,0,,,N,600
US1CAAL0022,20140924,PRCP,0,,,N,600
US1CAAL0022,20140925,PRCP,36,,,N,600
US1CAAL0022,20140926,PRCP,89,,,N,600
US1CAAL0022,20140928,PRCP,0,,,N,600
US1CAAL0022,20140929,PRCP,0,,,N,600
US1CAAL0022,20140930,PRCP,0,,,N,600
US1CAAL0022,20140901,SNOW,0,,,N,600
US1CAAL0022,20140902,SNOW,0,,,N,600
US1CAAL0022,20140903,SNOW,0,,,N,600
US1CAAL0022,20140904,SNOW,0,,,N,600
US1CAAL0022,20140905,SNOW,0,,,N,600
US1CAAL0022,20140906,SNOW,0,,,N,600
US1CAAL0022,20140907,SNOW,0,,,N,600
US1CAAL0022,20140908,SNOW,0,,,N,600
US1CAAL0022,20140909,SNOW,0,,,N,600
US1CAAL0022,20140910,SNOW,0,,,N,600
US1CAAL0022,20140911,SNOW,0,,,N,600
US1CAAL0022,20140912,SNOW,0,,,N,600
US1CAAL0022,20140913,SNOW,0,,,N,600
US1CAAL0022,20140914,SNOW,0,,,N,600
US1CAAL0022,20140915,SNOW,0,,,N,600
US1CAAL0022,20140916,SNOW,0,,,N,600
US1CAAL0022,20140917,SNOW,0,,,N,600
US1CAAL0022,20140918,SNOW,0,,,N,600
US1CAAL0022,20140919,SNOW,0,,,N,600
US1CAAL0022,20140920,SNOW,0,,,N,600
US1CAAL0022,20140921,SNOW,0,,,N,600
US1CAAL0022,20140922,SNOW,0,,,N,600
US1CAAL0022,20140923,SNOW,0,,,N,600
US1CAAL0022,20140924,SNOW,0,,,N,600
US1CAAL0022,20140928,SNOW,0,,,N,600
US1CAAL0022,20140929,SNOW,0,,,N,600
US1CAAL0022,20140930,SNOW,0,,,N,600
US1CAAL0022,20141001,PRCP,0,,,N,600
US1CAAL0022,20141002,PRCP,0,,,N,600
US1CAAL0022,20141003,PRCP,0,,,N,600
US1CAAL0022,20141004,PRCP,0,,,N,600
US1CAAL0022,20141005,PRCP,0,,,N,600
US1CAAL0022,20141006,PRCP,0,,,N,600
US1CAAL0022,20141007,PRCP,0,,,N,600
US1CAAL0022,20141008,PRCP,0,,,N,600
US1CAAL0022,20141009,PRCP,0,,,N,600
US1CAAL0022,20141010,PRCP,0,,,N,600
US1CAAL0022,20141011,PRCP,0,,,N,600
US1CAAL0022,20141012,PRCP,0,,,N,600
US1CAAL0022,20141013,PRCP,0,,,N,600
US1CAAL0022,20141014,PRCP,0,,,N,600
US1CAAL0022,20141015,PRCP,3,,,N,600
US1CAAL0022,20141016,PRCP,0,,,N,600
US1CAAL0022,20141017,PRCP,0,,,N,600
US1CAAL0022,20141018,PRCP,0,,,N,600
US1CAAL0022,20141019,PRCP,0,,,N,600
US1CAAL0022,20141020,PRCP,0,,,N,600
US1CAAL0022,20141021,PRCP,0,T,,N,600
US1CAAL0022,20141022,PRCP,0,,,N,600
US1CAAL0022,20141023,PRCP,0,,,N,600
US1CAAL0022,20141024,PRCP,0,,,N,600
US1CAAL0022,20141025,PRCP,23,,,N,800
US1CAAL0022,20141026,PRCP,20,,,N,600
US1CAAL0022,20141027,PRCP,0,,,N,600
US1CAAL0022,20141028,PRCP,0,,,N,600
US1CAAL0022,20141029,PRCP,0,,,N,600
US1CAAL0022,20141030,PRCP,0,,,N,600
US1CAAL0022,20141031,PRCP,0,,,N,600
US1CAAL0022,20141001,SNOW,0,,,N,600
US1CAAL0022,20141002,SNOW,0,,,N,600
US1CAAL0022,20141003,SNOW,0,,,N,600
US1CAAL0022,20141004,SNOW,0,,,N,600
US1CAAL0022,20141005,SNOW,0,,,N,600
US1CAAL0022,20141006,SNOW,0,,,N,600
US1CAAL0022,20141007,SNOW,0,,,N,600
US1CAAL0022,20141008,SNOW,0,,,N,600
US1CAAL0022,20141009,SNOW,0,,,N,600
US1CAAL0022,20141010,SNOW,0,,,N,600
US1CAAL0022,20141011,SNOW,0,,,N,600
US1CAAL0022,20141012,SNOW,0,,,N,600
US1CAAL0022,20141013,SNOW,0,,,N,600
US1CAAL0022,20141014,SNOW,0,,,N,600
US1CAAL0022,20141016,SNOW,0,,,N,600
US1CAAL0022,20141017,SNOW,0,,,N,600
US1CAAL0022,20141018,SNOW,0,,,N,600
US1CAAL0022,20141019,SNOW,0,,,N,600
US1CAAL0022,20141020,SNOW,0,,,N,600
US1CAAL0022,20141022,SNOW,0,,,N,600
US1CAAL0022,20141023,SNOW,0,,,N,600
US1CAAL0022,20141024,SNOW,0,,,N,600
US1CAAL0022,20141027,SNOW,0,,,N,600
US1CAAL0022,20141028,SNOW,0,,,N,600
US1CAAL0022,20141029,SNOW,0,,,N,600
US1CAAL0022,20141030,SNOW,0,,,N,600
US1CAAL0022,20141031,SNOW,0,,,N,600
US1CAAL0022,20141101,PRCP,61,,,N,800
US1CAAL0022,20141102,PRCP,5,,,N,600
US1CAAL0022,20141103,PRCP,0,,,N,600
US1CAAL0022,20141104,PRCP,0,,,N,600
US1CAAL0022,20141105,PRCP,0,,,N,600
US1CAAL0022,20141106,PRCP,0,,,N,600
US1CAAL0022,20141107,PRCP,0,,,N,600
US1CAAL0022,20141108,PRCP,0,,,N,600
US1CAAL0022,20141109,PRCP,0,,,N,600
US1CAAL0022,20141110,PRCP,0,,,N,600
US1CAAL0022,20141111,PRCP,0,,,N,600
US1CAAL0022,20141112,PRCP,0,,,N,600
US1CAAL0022,20141113,PRCP,61,,,N,600
US1CAAL0022,20141114,PRCP,5,,,N,600
US1CAAL0022,20141115,PRCP,0,,,N,600
US1CAAL0022,20141116,PRCP,0,,,N,600
US1CAAL0022,20141117,PRCP,0,,,N,600
US1CAAL0022,20141118,PRCP,0,,,N,600
US1CAAL0022,20141119,PRCP,0,,,N,600
US1CAAL0022,20141120,PRCP,51,,,N,600
US1CAAL0022,20141121,PRCP,56,,,N,600
US1CAAL0022,20141122,PRCP,0,,,N,600
US1CAAL0022,20141123,PRCP,74,,,N,600
US1CAAL0022,20141124,PRCP,0,,,N,600
US1CAAL0022,20141125,PRCP,0,,,N,600
US1CAAL0022,20141126,PRCP,0,,,N,600
US1CAAL0022,20141127,PRCP,0,,,N,600
US1CAAL0022,20141128,PRCP,0,,,N,600
US1CAAL0022,20141129,PRCP,0,,,N,600
US1CAAL0022,20141130,PRCP,0,,,N,600
US1CAAL0022,20141103,SNOW,0,,,N,600
US1CAAL0022,20141104,SNOW,0,,,N,600
US1CAAL0022,20141105,SNOW,0,,,N,600
US1CAAL0022,20141106,SNOW,0,,,N,600
US1CAAL0022,20141107,SNOW,0,,,N,600
US1CAAL0022,20141108,SNOW,0,,,N,600
US1CAAL0022,20141109,SNOW,0,,,N,600
US1CAAL0022,20141110,SNOW,0,,,N,600
US1CAAL0022,20141111,SNOW,0,,,N,600
US1CAAL0022,20141112,SNOW,0,,,N,600
US1CAAL0022,20141115,SNOW,0,,,N,600
US1CAAL0022,20141116,SNOW,0,,,N,600
US1CAAL0022,20141117,SNOW,0,,,N,600
US1CAAL0022,20141118,SNOW,0,,,N,600
US1CAAL0022,20141119,SNOW,0,,,N,600
US1CAAL0022,20141122,SNOW,0,,,N,600
US1CAAL0022,20141124,SNOW,0,,,N,600
US1CAAL0022,20141125,SNOW,0,,,N,600
US1CAAL0022,20141126,SNOW,0,,,N,600
US1CAAL0022,20141127,SNOW,0,,,N,600
US1CAAL0022,20141128,SNOW,0,,,N,600
US1CAAL0022,20141129,SNOW,0,,,N,600
US1CAAL0022,20141130,SNOW,0,,,N,600
US1CAAL0022,20141201,PRCP,193,,,N,600
US1CAAL0022,20141202,PRCP,152,,,N,600
US1CAAL0022,20141203,PRCP,554,,,N,600
US1CAAL0022,20141204,PRCP,127,,,N,600
US1CAAL0022,20141205,PRCP,13,,,N,600
US1CAAL0022,20141206,PRCP,107,,,N,800
US1CAAL0022,20141207,PRCP,0,,,N,600
US1CAAL0022,20141208,PRCP,0,,,N,600
US1CAAL0022,20141209,PRCP,0,,,N,600
US1CAAL0022,20141210,PRCP,0,,,N,600
US1CAAL0022,20141211,PRCP,0,T,,N,600
US1CAAL0022,20141212,PRCP,1153,,,N,600
US1CAAL0022,20141213,PRCP,30,,,N,600
US1CAAL0022,20141214,PRCP,0,,,N,600
US1CAAL0022,20141215,PRCP,0,,,N,600
US1CAAL0022,20141216,PRCP,290,,,N,600
US1CAAL0022,20141217,PRCP,112,,,N,600
US1CAAL0022,20141218,PRCP,56,,,N,600
US1CAAL0022,20141219,PRCP,0,,,N,600
US1CAAL0022,20141220,PRCP,107,,,N,600
US1CAAL0022,20141221,PRCP,0,,,N,600
US1CAAL0022,20141222,PRCP,0,T,,N,600
US1CAAL0022,20141223,PRCP,0,,,N,600
US1CAAL0022,20141224,PRCP,0,,,N,600
US1CAAL0022,20141225,PRCP,15,,,N,600
US1CAAL0022,20141226,PRCP,0,,,N,600
US1CAAL0022,20141227,PRCP,0,,,N,600
US1CAAL0022,20141228,PRCP,0,,,N,600
US1CAAL0022,20141229,PRCP,0,,,N,600
US1CAAL0022,20141230,PRCP,0,,,N,600
US1CAAL0022,20141231,PRCP,0,,,N,600
US1CAAL0022,20141207,SNOW,0,,,N,600
US1CAAL0022,20141208,SNOW,0,,,N,600
US1CAAL0022,20141209,SNOW,0,,,N,600
US1CAAL0022,20141210,SNOW,0,,,N,600
US1CAAL0022,20141214,SNOW,0,,,N,600
US1CAAL0022,20141215,SNOW,0,,,N,600
US1CAAL0022,20141219,SNOW,0,,,N,600
US1CAAL0022,20141221,SNOW,0,,,N,600
US1CAAL0022,20141223,SNOW,0,,,N,600
US1CAAL0022,20141224,SNOW,0,,,N,600
US1CAAL0022,20141226,SNOW,0,,,N,600
US1CAAL0022,20141227,SNOW,0,,,N,600
US1CAAL0022,20141228,SNOW,0,,,N,600
US1CAAL0022,20141229,SNOW,0,,,N,600
US1CAAL0022,20141230,SNOW,0,,,N,600
US1CAAL0022,20141231,SNOW,0,,,N,600
US1CAAL0022,20150101,PRCP,0,,,N,600
US1CAAL0022,20150102,PRCP,0,,,N,600
US1CAAL0022,20150103,PRCP,0,,,N,600
US1CAAL0022,20150104,PRCP,0,,,N,600
US1CAAL0022,20150105,PRCP,0,,,N,600
US1CAAL0022,20150106,PRCP,0,,,N,600
US1CAAL0022,20150107,PRCP,0,,,N,600
US1CAAL0022,20150108,PRCP,0,,,N,600
US1CAAL0022,20150109,PRCP,0,,,N,600
US1CAAL0022,20150110,PRCP,0,,,N,600
US1CAAL0022,20150111,PRCP,0,,,N,600
US1CAAL0022,20150112,PRCP,0,,,N,600
US1CAAL0022,20150113,PRCP,0,,,N,600
US1CAAL0022,20150114,PRCP,0,,,N,600
US1CAAL0022,20150115,PRCP,0,,,N,600
US1CAAL0022,20150116,PRCP,0,,,N,600
US1CAAL0022,20150117,PRCP,0,,,N,600
US1CAAL0022,20150118,PRCP,0,,,N,600
US1CAAL0022,20150119,PRCP,0,,,N,600
US1CAAL0022,20150120,PRCP,0,,,N,600
US1CAAL0022,20150121,PRCP,0,,,N,600
US1CAAL0022,20150122,PRCP,0,,,N,600
US1CAAL0022,20150123,PRCP,0,,,N,600
US1CAAL0022,20150124,PRCP,0,,,N,600
US1CAAL0022,20150125,PRCP,0,,,N,600
US1CAAL0022,20150126,PRCP,0,,,N,600
US1CAAL0022,20150127,PRCP,0,,,N,600
US1CAAL0022,20150128,PRCP,0,,,N,600
US1CAAL0022,20150129,PRCP,0,,,N,600
US1CAAL0022,20150130,PRCP,0,,,N,600
US1CAAL0022,20150131,PRCP,0,,,N,600
US1CAAL0022,20150101,SNOW,0,,,N,600
US1CAAL0022,20150102,SNOW,0,,,N,600
US1CAAL0022,20150103,SNOW,0,,,N,600
US1CAAL0022,20150104,SNOW,0,,,N,600
US1CAAL0022,20150105,SNOW,0,,,N,600
US1CAAL0022,20150106,SNOW,0,,,N,600
US1CAAL0022,20150107,SNOW,0,,,N,600
US1CAAL0022,20150108,SNOW,0,,,N,600
US1CAAL0022,20150109,SNOW,0,,,N,600
US1CAAL0022,20150110,SNOW,0,,,N,600
US1CAAL0022,20150111,SNOW,0,,,N,600
US1CAAL0022,20150112,SNOW,0,,,N,600
US1CAAL0022,20150113,SNOW,0,,,N,600
US1CAAL0022,20150114,SNOW,0,,,N,600
US1CAAL0022,20150115,SNOW,0,,,N,600
US1CAAL0022,20150116,SNOW,0,,,N,600
US1CAAL0022,20150117,SNOW,0,,,N,600
US1CAAL0022,20150118,SNOW,0,,,N,600
US1CAAL0022,20150119,SNOW,0,,,N,600
US1CAAL0022,20150120,SNOW,0,,,N,600
US1CAAL0022,20150121,SNOW,0,,,N,600
US1CAAL0022,20150122,SNOW,0,,,N,600
US1CAAL0022,20150123,SNOW,0,,,N,600
US1CAAL0022,20150124,SNOW,0,,,N,600
US1CAAL0022,20150125,SNOW,0,,,N,600
US1CAAL0022,20150126,SNOW,0,,,N,600
US1CAAL0022,20150127,SNOW,0,,,N,600
US1CAAL0022,20150128,SNOW,0,,,N,600
US1CAAL0022,20150129,SNOW,0,,,N,600
US1CAAL0022,20150130,SNOW,0,,,N,600
US1CAAL0022,20150131,SNOW,0,,,N,600
US1CAAL0022,20150201,PRCP,0,,,N,600
US1CAAL0022,20150202,PRCP,0,,,N,600
US1CAAL0022,20150203,PRCP,0,,,N,600
US1CAAL0022,20150204,PRCP,0,,,N,600
US1CAAL0022,20150205,PRCP,0,,,N,600
US1CAAL0022,20150206,PRCP,0,,,N,600
US1CAAL0022,20150207,PRCP,0,,,N,600
US1CAAL0022,20150208,PRCP,0,,,N,600
US1CAAL0022,20150209,PRCP,483,,,N,800
US1CAAL0022,20150210,PRCP,0,,,N,600
US1CAAL0022,20150211,PRCP,0,,,N,600
US1CAAL0022,20150212,PRCP,0,,,N,600
US1CAAL0022,20150213,PRCP,0,,,N,600
US1CAAL0022,20150214,PRCP,0,,,N,600
US1CAAL0022,20150215,PRCP,0,,,N,600
US1CAAL0022,20150216,PRCP,0,,,N,600
US1CAAL0022,20150217,PRCP,0,,,N,600
US1CAAL0022,20150218,PRCP,0,,,N,600
US1CAAL0022,20150219,PRCP,0,,,N,600
US1CAAL0022,20150220,PRCP,0,,,N,600
US1CAAL0022,20150221,PRCP,0,,,N,600
US1CAAL0022,20150222,PRCP,0,,,N,600
US1CAAL0022,20150223,PRCP,0,,,N,600
US1CAAL0022,20150224,PRCP,0,,,N,600
US1CAAL0022,20150225,PRCP,0,,,N,600
US1CAAL0022,20150226,PRCP,0,,,N,600
US1CAAL0022,20150227,PRCP,0,,,N,600
US1CAAL0022,20150228,PRCP,0,,,N,600
US1CAAL0022,20150201,SNOW,0,,,N,600
US1CAAL0022,20150202,SNOW,0,,,N,600
US1CAAL0022,20150203,SNOW,0,,,N,600
US1CAAL0022,20150204,SNOW,0,,,N,600
US1CAAL0022,20150205,SNOW,0,,,N,600
US1CAAL0022,20150206,SNOW,0,,,N,600
US1CAAL0022,20150207,SNOW,0,,,N,600
US1CAAL0022,20150208,SNOW,0,,,N,600
US1CAAL0022,20150210,SNOW,0,,,N,600
US1CAAL0022,20150211,SNOW,0,,,N,600
US1CAAL0022,20150212,SNOW,0,,,N,600
US1CAAL0022,20150213,SNOW,0,,,N,600
US1CAAL0022,20150214,SNOW,0,,,N,600
US1CAAL0022,20150215,SNOW,0,,,N,600
US1CAAL0022,20150216,SNOW,0,,,N,600
US1CAAL0022,20150217,SNOW,0,,,N,600
US1CAAL0022,20150218,SNOW,0,,,N,600
US1CAAL0022,20150219,SNOW,0,,,N,600
US1CAAL0022,20150220,SNOW,0,,,N,600
US1CAAL0022,20150221,SNOW,0,,,N,600
US1CAAL0022,20150222,SNOW,0,,,N,600
US1CAAL0022,20150223,SNOW,0,,,N,600
US1CAAL0022,20150224,SNOW,0,,,N,600
US1CAAL0022,20150225,SNOW,0,,,N,600
US1CAAL0022,20150226,SNOW,0,,,N,600
US1CAAL0022,20150227,SNOW,0,,,N,600
US1CAAL0022,20150228,SNOW,0,,,N,600
US1CAAL0022,20150301,PRCP,36,,,N,600
US1CAAL0022,20150302,PRCP,0,,,N,600
US1CAAL0022,20150303,PRCP,23,,,N,600
US1CAAL0022,20150304,PRCP,0,,,N,600
US1CAAL0022,20150305,PRCP,0,,,N,600
US1CAAL0022,20150306,PRCP,0,,,N,600
US1CAAL0022,20150307,PRCP,0,,,N,600
US1CAAL0022,20150308,PRCP,0,,,N,600
US1CAAL0022,20150309,PRCP,0,,,N,600
US1CAAL0022,20150310,PRCP,0,,,N,600
US1CAAL0022,20150311,PRCP,13,,,N,700
US1CAAL0022,20150312,PRCP,10,,,N,600
US1CAAL0022,20150313,PRCP,0,,,N,600
US1CAAL0022,20150314,PRCP,0,,,N,600
US1CAAL0022,20150315,PRCP,0,,,N,600
US1CAAL0022,20150316,PRCP,0,,,N,600
US1CAAL0022,20150317,PRCP,0,,,N,600
US1CAAL0022,20150318,PRCP,0,,,N,600
US1CAAL0022,20150319,PRCP,0,,,N,600
US1CAAL0022,20150320,PRCP,0,,,N,600
US1CAAL0022,20150321,PRCP,0,,,N,600
US1CAAL0022,20150322,PRCP,0,,,N,600
US1CAAL0022,20150323,PRCP,15,,,N,600
US1CAAL0022,20150324,PRCP,0,,,N,600
US1CAAL0022,20150325,PRCP,0,,,N,600
US1CAAL0022,20150326,PRCP,0,,,N,600
US1CAAL0022,20150327,PRCP,0,,,N,600
US1CAAL0022,20150328,PRCP,0,,,N,600
US1CAAL0022,20150329,PRCP,0,,,N,600
US1CAAL0022,20150330,PRCP,0,,,N,600
US1CAAL0022,20150331,PRCP,0,,,N,600
US1CAAL0022,20150302,SNOW,0,,,N,600
US1CAAL0022,20150304,SNOW,0,,,N,600
US1CAAL0022,20150305,SNOW,0,,,N,600
US1CAAL0022,20150306,SNOW,0,,,N,600
US1CAAL0022,20150307,SNOW,0,,,N,600
US1CAAL0022,20150308,SNOW,0,,,N,600
US1CAAL0022,20150309,SNOW,0,,,N,600
US1CAAL0022,20150310,SNOW,0,,,N,600
US1CAAL0022,20150313,SNOW,0,,,N,600
US1CAAL0022,20150314,SNOW,0,,,N,600
US1CAAL0022,20150315,SNOW,0,,,N,600
US1CAAL0022,20150316,SNOW,0,,,N,600
US1CAAL0022,20150317,SNOW,0,,,N,600
US1CAAL0022,20150318,SNOW,0,,,N,600
US1CAAL0022,20150319,SNOW,0,,,N,600
US1CAAL0022,20150320,SNOW,0,,,N,600
US1CAAL0022,20150321,SNOW,0,,,N,600
US1CAAL0022,20150322,SNOW,0,,,N,600
US1CAAL0022,20150324,SNOW,0,,,N,600
US1CAAL0022,20150325,SNOW,0,,,N,600
US1CAAL0022,20150326,SNOW,0,,,N,600
US1CAAL0022,20150327,SNOW,0,,,N,600
US1CAAL0022,20150328,SNOW,0,,,N,600
US1CAAL0022,20150329,SNOW,0,,,N,600
US1CAAL0022,20150330,SNOW,0,,,N,600
US1CAAL0022,20150331,SNOW,0,,,N,600
US1CAAL0022,20150401,PRCP,0,,,N,600
US1CAAL0022,20150402,PRCP,0,,,N,600
US1CAAL0022,20150403,PRCP,0,,,N,600
US1CAAL0022,20150404,PRCP,0,,,N,600
US1CAAL0022,20150405,PRCP,0,,,N,600
US1CAAL0022,20150406,PRCP,0,T,,N,700
US1CAAL0022,20150407,PRCP,163,,,N,600
US1CAAL0022,20150408,PRCP,51,,,N,600
US1CAAL0022,20150409,PRCP,25,,,N,600
US1CAAL0022,20150410,PRCP,0,,,N,600
US1CAAL0022,20150411,PRCP,0,,,N,600
US1CAAL0022,20150412,PRCP,0,,,N,600
US1CAAL0022,20150413,PRCP,0,,,N,600
US1CAAL0022,20150414,PRCP,0,,,N,600
US1CAAL0022,20150415,PRCP,0,,,N,600
US1CAAL0022,20150416,PRCP,0,,,N,600
US1CAAL0022,20150417,PRCP,0,,,N,600
US1CAAL0022,20150418,PRCP,0,,,N,600
US1CAAL0022,20150419,PRCP,0,,,N,600
US1CAAL0022,20150420,PRCP,0,,,N,600
US1CAAL0022,20150421,PRCP,0,,,N,600
US1CAAL0022,20150422,PRCP,0,,,N,600
US1CAAL0022,20150423,PRCP,0,,,N,600
US1CAAL0022,20150424,PRCP,0,,,N,600
US1CAAL0022,20150425,PRCP,213,,,N,600
US1CAAL0022,20150426,PRCP,0,,,N,600
US1CAAL0022,20150427,PRCP,0,,,N,600
US1CAAL0022,20150428,PRCP,0,,,N,600
US1CAAL0022,20150429,PRCP,0,,,N,600
US1CAAL0022,20150430,PRCP,0,,,N,600
US1CAAL0022,20150401,SNOW,0,,,N,600
US1CAAL0022,20150402,SNOW,0,,,N,600
US1CAAL0022,20150403,SNOW,0,,,N,600
US1CAAL0022,20150404,SNOW,0,,,N,600
US1CAAL0022,20150405,SNOW,0,,,N,600
US1CAAL0022,20150410,SNOW,0,,,N,600
US1CAAL0022,20150411,SNOW,0,,,N,600
US1CAAL0022,20150412,SNOW,0,,,N,600
US1CAAL0022,20150413,SNOW,0,,,N,600
US1CAAL0022,20150414,SNOW,0,,,N,600
US1CAAL0022,20150415,SNOW,0,,,N,600
US1CAAL0022,20150416,SNOW,0,,,N,600
US1CAAL0022,20150417,SNOW,0,,,N,600
US1CAAL0022,20150418,SNOW,0,,,N,600
US1CAAL0022,20150419,SNOW,0,,,N,600
US1CAAL0022,20150420,SNOW,0,,,N,600
US1CAAL0022,20150421,SNOW,0,,,N,600
US1CAAL0022,20150422,SNOW,0,,,N,600
US1CAAL0022,20150423,SNOW,0,,,N,600
US1CAAL0022,20150424,SNOW,0,,,N,600
US1CAAL0022,20150426,SNOW,0,,,N,600
US1CAAL0022,20150427,SNOW,0,,,N,600
US1CAAL0022,20150428,SNOW,0,,,N,600
US1CAAL0022,20150429,SNOW,0,,,N,600
US1CAAL0022,20150430,SNOW,0,,,N,600
US1CAAL0022,20150501,PRCP,0,,,N,600
US1CAAL0022,20150502,PRCP,0,,,N,600
US1CAAL0022,20150503,PRCP,0,,,N,600
US1CAAL0022,20150504,PRCP,0,,,N,600
US1CAAL0022,20150505,PRCP,0,,,N,600
US1CAAL0022,20150506,PRCP,0,,,N,600
US1CAAL0022,20150507,PRCP,0,,,N,600
US1CAAL0022,20150508,PRCP,10,,,N,600
US1CAAL0022,20150509,PRCP,0,,,N,600
US1CAAL0022,20150510,PRCP,0,,,N,600
US1CAAL0022,20150511,PRCP,0,,,N,600
US1CAAL0022,20150512,PRCP,0,,,N,600
US1CAAL0022,20150513,PRCP,0,,,N,600
US1CAAL0022,20150514,PRCP,0,,,N,600
US1CAAL0022,20150515,PRCP,89,,,N,600
US1CAAL0022,20150516,PRCP,0,,,N,600
US1CAAL0022,20150517,PRCP,0,,,N,600
US1CAAL0022,20150518,PRCP,0,,,N,600
US1CAAL0022,20150519,PRCP,0,T,,N,600
US1CAAL0022,20150520,PRCP,0,,,N,600
US1CAAL0022,20150521,PRCP,0,,,N,600
US1CAAL0022,20150522,PRCP,0,,,N,600
US1CAAL0022,20150523,PRCP,0,,,N,600
US1CAAL0022,20150524,PRCP,0,,,N,600
US1CAAL0022,20150525,PRCP,0,,,N,600
US1CAAL0022,20150526,PRCP,0,,,N,600
US1CAAL0022,20150527,PRCP,0,,,N,600
US1CAAL0022,20150528,PRCP,0,,,N,600
US1CAAL0022,20150529,PRCP,0,,,N,600
US1CAAL0022,20150530,PRCP,0,,,N,600
US1CAAL0022,20150531,PRCP,0,,,N,600
US1CAAL0022,20150501,SNOW,0,,,N,600
US1CAAL0022,20150502,SNOW,0,,,N,600
US1CAAL0022,20150503,SNOW,0,,,N,600
US1CAAL0022,20150504,SNOW,0,,,N,600
US1CAAL0022,20150505,SNOW,0,,,N,600
US1CAAL0022,20150506,SNOW,0,,,N,600
US1CAAL0022,20150507,SNOW,0,,,N,600
US1CAAL0022,20150509,SNOW,0,,,N,600
US1CAAL0022,20150510,SNOW,0,,,N,600
US1CAAL0022,20150511,SNOW,0,,,N,600
US1CAAL0022,20150512,SNOW,0,,,N,600
US1CAAL0022,20150513,SNOW,0,,,N,600
US1CAAL0022,20150514,SNOW,0,,,N,600
US1CAAL0022,20150516,SNOW,0,,,N,600
US1CAAL0022,20150517,SNOW,0,,,N,600
US1CAAL0022,20150518,SNOW,0,,,N,600
US1CAAL0022,20150520,SNOW,0,,,N,600
US1CAAL0022,20150521,SNOW,0,,,N,600
US1CAAL0022,20150522,SNOW,0,,,N,600
US1CAAL0022,20150523,SNOW,0,,,N,600
US1CAAL0022,20150524,SNOW,0,,,N,600
US1CAAL0022,20150525,SNOW,0,,,N,600
US1CAAL0022,20150526,SNOW,0,,,N,600
US1CAAL0022,20150527,SNOW,0,,,N,600
US1CAAL0022,20150528,SNOW,0,,,N,600
US1CAAL0022,20150529,SNOW,0,,,N,600
US1CAAL0022,20150530,SNOW,0,,,N,600
US1CAAL0022,20150531,SNOW,0,,,N,600
US1CAAL0022,20150601,PRCP,0,,,N,600
US1CAAL0022,20150602,PRCP,0,,,N,600
US1CAAL0022,20150603,PRCP,0,,,N,600
US1CAAL0022,20150604,PRCP,0,,,N,600
US1CAAL0022,20150605,PRCP,0,,,N,600
US1CAAL0022,20150606,PRCP,0,,,N,600
US1CAAL0022,20150607,PRCP,0,,,N,600
US1CAAL0022,20150608,PRCP,0,,,N,600
US1CAAL0022,20150609,PRCP,0,,,N,600
US1CAAL0022,20150610,PRCP,3,,,N,600
US1CAAL0022,20150611,PRCP,41,,,N,600
US1CAAL0022,20150612,PRCP,0,,,N,600
US1CAAL0022,20150613,PRCP,0,,,N,600
US1CAAL0022,20150614,PRCP,0,,,N,600
US1CAAL0022,20150615,PRCP,0,,,N,600
US1CAAL0022,20150616,PRCP,0,,,N,600
US1CAAL0022,20150617,PRCP,0,,,N,600
US1CAAL0022,20150618,PRCP,0,,,N,600
US1CAAL0022,20150619,PRCP,0,,,N,600
US1CAAL0022,20150620,PRCP,0,,,N,600
US1CAAL0022,20150621,PRCP,0,,,N,600
US1CAAL0022,20150622,PRCP,0,,,N,600
US1CAAL0022,20150623,PRCP,0,,,N,600
US1CAAL0022,20150624,PRCP,0,,,N,600
US1CAAL0022,20150625,PRCP,0,,,N,600
US1CAAL0022,20150626,PRCP,0,,,N,600
US1CAAL0022,20150627,PRCP,0,,,N,600
US1CAAL0022,20150628,PRCP,0,T,,N,600
US1CAAL0022,20150629,PRCP,0,,,N,600
US1CAAL0022,20150630,PRCP,0,,,N,600
US1CAAL0022,20150601,SNOW,0,,,N,600
US1CAAL0022,20150602,SNOW,0,,,N,600
US1CAAL0022,20150603,SNOW,0,,,N,600
US1CAAL0022,20150604,SNOW,0,,,N,600
US1CAAL0022,20150605,SNOW,0,,,N,600
US1CAAL0022,20150606,SNOW,0,,,N,600
US1CAAL0022,20150607,SNOW,0,,,N,600
US1CAAL0022,20150608,SNOW,0,,,N,600
US1CAAL0022,20150609,SNOW,0,,,N,600
US1CAAL0022,20150612,SNOW,0,,,N,600
US1CAAL0022,20150613,SNOW,0,,,N,600
US1CAAL0022,20150614,SNOW,0,,,N,600
US1CAAL0022,20150615,SNOW,0,,,N,600
US1CAAL0022,20150616,SNOW,0,,,N,600
US1CAAL0022,20150617,SNOW,0,,,N,600
US1CAAL0022,20150618,SNOW,0,,,N,600
US1CAAL0022,20150619,SNOW,0,,,N,600
US1CAAL0022,20150620,SNOW,0,,,N,600
US1CAAL0022,20150621,SNOW,0,,,N,600
US1CAAL0022,20150622,SNOW,0,,,N,600
US1CAAL0022,20150623,SNOW,0,,,N,600
US1CAAL0022,20150624,SNOW,0,,,N,600
US1CAAL0022,20150625,SNOW,0,,,N,600
US1CAAL0022,20150626,SNOW,0,,,N,600
US1CAAL0022,20150627,SNOW,0,,,N,600
US1CAAL0022,20150629,SNOW,0,,,N,600
US1CAAL0022,20150630,SNOW,0,,,N,600
US1CAAL0022,20150701,PRCP,0,,,N,600
US1CAAL0022,20150702,PRCP,3,,,N,600
US1CAAL0022,20150703,PRCP,0,,,N,600
US1CAAL0022,20150704,PRCP,0,,,N,600
US1CAAL0022,20150705,PRCP,0,,,N,600
US1CAAL0022,20150706,PRCP,0,,,N,600
US1CAAL0022,20150707,PRCP,0,,,N,600
US1CAAL0022,20150708,PRCP,0,,,N,600
US1CAAL0022,20150709,PRCP,0,,,N,600
US1CAAL0022,20150710,PRCP,0,T,,N,600
US1CAAL0022,20150711,PRCP,0,,,N,600
US1CAAL0022,20150712,PRCP,0,,,N,600
US1CAAL0022,20150713,PRCP,0,,,N,600
US1CAAL0022,20150714,PRCP,0,,,N,600
US1CAAL0022,20150715,PRCP,0,,,N,600
US1CAAL0022,20150716,PRCP,0,,,N,600
US1CAAL0022,20150717,PRCP,0,,,N,600
US1CAAL0022,20150718,PRCP,0,,,N,600
US1CAAL0022,20150719,PRCP,0,,,N,600
US1CAAL0022,20150720,PRCP,0,,,N,600
US1CAAL0022,20150721,PRCP,0,,,N,600
US1CAAL0022,20150722,PRCP,0,,,N,600
US1CAAL0022,20150723,PRCP,0,,,N,600
US1CAAL0022,20150724,PRCP,0,,,N,600
US1CAAL0022,20150725,PRCP,0,,,N,600
US1CAAL0022,20150726,PRCP,0,,,N,600
US1CAAL0022,20150727,PRCP,0,,,N,600
US1CAAL0022,20150728,PRCP,0,,,N,600
US1CAAL0022,20150729,PRCP,0,,,N,600
US1CAAL0022,20150730,PRCP,0,,,N,600
US1CAAL0022,20150731,PRCP,0,,,N,600
US1CAAL0022,20150701,SNOW,0,,,N,600
US1CAAL0022,20150703,SNOW,0,,,N,600
US1CAAL0022,20150704,SNOW,0,,,N,600
US1CAAL0022,20150705,SNOW,0,,,N,600
US1CAAL0022,20150706,SNOW,0,,,N,600
US1CAAL0022,20150707,SNOW,0,,,N,600
US1CAAL0022,20150708,SNOW,0,,,N,600
US1CAAL0022,20150709,SNOW,0,,,N,600
US1CAAL0022,20150711,SNOW,0,,,N,600
US1CAAL0022,20150712,SNOW,0,,,N,600
US1CAAL0022,20150713,SNOW,0,,,N,600
US1CAAL0022,20150714,SNOW,0,,,N,600
US1CAAL0022,20150715,SNOW,0,,,N,600
US1CAAL0022,20150716,SNOW,0,,,N,600
US1CAAL0022,20150717,SNOW,0,,,N,600
US1CAAL0022,20150718,SNOW,0,,,N,600
US1CAAL0022,20150719,SNOW,0,,,N,600
US1CAAL0022,20150720,SNOW,0,,,N,600
US1CAAL0022,20150721,SNOW,0,,,N,600
US1CAAL0022,20150722,SNOW,0,,,N,600
US1CAAL0022,20150723,SNOW,0,,,N,600
US1CAAL0022,20150724,SNOW,0,,,N,600
US1CAAL0022,20150725,SNOW,0,,,N,600
US1CAAL0022,20150726,SNOW,0,,,N,600
US1CAAL0022,20150727,SNOW,0,,,N,600
US1CAAL0022,20150728,SNOW,0,,,N,600
US1CAAL0022,20150729,SNOW,0,,,N,600
US1CAAL0022,20150730,SNOW,0,,,N,600
US1CAAL0022,20150731,SNOW,0,,,N,600
US1CAAL0022,20150801,PRCP,0,,,N,600
US1CAAL0022,20150802,PRCP,0,,,N,600
US1CAAL0022,20150803,PRCP,0,,,N,600
US1CAAL0022,20150804,PRCP,0,,,N,600
US1CAAL0022,20150805,PRCP,0,,,N,600
US1CAAL0022,20150806,PRCP,0,,,N,600
US1CAAL0022,20150807,PRCP,0,T,,N,600
US1CAAL0022,20150808,PRCP,0,,,N,600
US1CAAL0022,20150809,PRCP,0,,,N,600
US1CAAL0022,20150810,PRCP,0,,,N,600
US1CAAL0022,20150811,PRCP,0,,,N,600
US1CAAL0022,20150812,PRCP,0,,,N,600
US1CAAL0022,20150813,PRCP,0,,,N,600
US1CAAL0022,20150814,PRCP,0,,,N,600
US1CAAL0022,20150815,PRCP,0,,,N,600
US1CAAL0022,20150816,PRCP,0,,,N,600
US1CAAL0022,20150817,PRCP,0,,,N,600
US1CAAL0022,20150818,PRCP,0,,,N,600
US1CAAL0022,20150819,PRCP,0,,,N,600
US1CAAL0022,20150820,PRCP,0,,,N,600
US1CAAL0022,20150821,PRCP,0,,,N,600
US1CAAL0022,20150822,PRCP,0,,,N,600
US1CAAL0022,20150823,PRCP,0,,,N,600
US1CAAL0022,20150824,PRCP,0,,,N,600
US1CAAL0022,20150825,PRCP,0,,,N,600
US1CAAL0022,20150826,PRCP,0,,,N,600
US1CAAL0022,20150827,PRCP,0,,,N,600
US1CAAL0022,20150828,PRCP,0,,,N,600
US1CAAL0022,20150829,PRCP,0,,,N,600
US1CAAL0022,20150830,PRCP,0,,,N,600
US1CAAL0022,20150831,PRCP,0,,,N,600
US1CAAL0022,20150801,SNOW,0,,,N,600
US1CAAL0022,20150802,SNOW,0,,,N,600
US1CAAL0022,20150803,SNOW,0,,,N,600
US1CAAL0022,20150804,SNOW,0,,,N,600
US1CAAL0022,20150805,SNOW,0,,,N,600
US1CAAL0022,20150806,SNOW,0,,,N,600
US1CAAL0022,20150808,SNOW,0,,,N,600
US1CAAL0022,20150809,SNOW,0,,,N,600
US1CAAL0022,20150810,SNOW,0,,,N,600
US1CAAL0022,20150811,SNOW,0,,,N,600
US1CAAL0022,20150812,SNOW,0,,,N,600
US1CAAL0022,20150813,SNOW,0,,,N,600
US1CAAL0022,20150814,SNOW,0,,,N,600
US1CAAL0022,20150815,SNOW,0,,,N,600
US1CAAL0022,20150816,SNOW,0,,,N,600
US1CAAL0022,20150817,SNOW,0,,,N,600
US1CAAL0022,20150818,SNOW,0,,,N,600
US1CAAL0022,20150819,SNOW,0,,,N,600
US1CAAL0022,20150820,SNOW,0,,,N,600
US1CAAL0022,20150821,SNOW,0,,,N,600
US1CAAL0022,20150822,SNOW,0,,,N,600
US1CAAL0022,20150823,SNOW,0,,,N,600
US1CAAL0022,20150824,SNOW,0,,,N,600
US1CAAL0022,20150825,SNOW,0,,,N,600
US1CAAL0022,20150826,SNOW,0,,,N,600
US1CAAL0022,20150827,SNOW,0,,,N,600
US1CAAL0022,20150828,SNOW,0,,,N,600
US1CAAL0022,20150829,SNOW,0,,,N,600
US1CAAL0022,20150830,SNOW,0,,,N,600
US1CAAL0022,20150831,SNOW,0,,,N,600
US1CAAL0022,20150901,PRCP,0,,,N,600
US1CAAL0022,20150902,PRCP,0,,,N,600
US1CAAL0022,20150903,PRCP,0,,,N,600
US1CAAL0022,20150904,PRCP,0,,,N,600
US1CAAL0022,20150905,PRCP,0,,,N,600
US1CAAL0022,20150906,PRCP,0,,,N,600
US1CAAL0022,20150907,PRCP,0,,,N,600
US1CAAL0022,20150908,PRCP,0,,,N,600
US1CAAL0022,20150909,PRCP,0,,,N,600
US1CAAL0022,20150910,PRCP,0,,,N,600
US1CAAL0022,20150911,PRCP,0,,,N,600
US1CAAL0022,20150912,PRCP,0,,,N,600
US1CAAL0022,20150913,PRCP,0,,,N,600
US1CAAL0022,20150914,PRCP,0,,,N,600
US1CAAL0022,20150915,PRCP,0,,,N,600
US1CAAL0022,20150916,PRCP,0,,,N,600
US1CAAL0022,20150917,PRCP,0,T,,N,600
US1CAAL0022,20150918,PRCP,0,,,N,600
US1CAAL0022,20150919,PRCP,0,,,N,600
US1CAAL0022,20150920,PRCP,0,,,N,600
US1CAAL0022,20150921,PRCP,0,,,N,600
US1CAAL0022,20150922,PRCP,0,,,N,600
US1CAAL0022,20150923,PRCP,0,,,N,600
US1CAAL0022,20150924,PRCP,0,,,N,600
US1CAAL0022,20150925,PRCP,0,,,N,600
US1CAAL0022,20150926,PRCP,0,,,N,600
US1CAAL0022,20150927,PRCP,0,,,N,600
US1CAAL0022,20150928,PRCP,0,,,N,600
US1CAAL0022,20150929,PRCP,0,,,N,600
US1CAAL0022,20150930,PRCP,0,,,N,600
US1CAAL0022,20150901,SNOW,0,,,N,600
US1CAAL0022,20150902,SNOW,0,,,N,600
US1CAAL0022,20150903,SNOW,0,,,N,600
US1CAAL0022,20150904,SNOW,0,,,N,600
US1CAAL0022,20150905,SNOW,0,,,N,600
US1CAAL0022,20150906,SNOW,0,,,N,600
US1CAAL0022,20150907,SNOW,0,,,N,600
US1CAAL0022,20150908,SNOW,0,,,N,600
US1CAAL0022,20150909,SNOW,0,,,N,600
US1CAAL0022,20150910,SNOW,0,,,N,600
US1CAAL0022,20150911,SNOW,0,,,N,600
US1CAAL0022,20150912,SNOW,0,,,N,600
US1CAAL0022,20150913,SNOW,0,,,N,600
US1CAAL0022,20150914,SNOW,0,,,N,600
US1CAAL0022,20150915,SNOW,0,,,N,600
US1CAAL0022,20150916,SNOW,0,,,N,600
US1CAAL0022,20150918,SNOW,0,,,N,600
US1CAAL0022,20150919,SNOW,0,,,N,600
US1CAAL0022,20150920,SNOW,0,,,N,600
US1CAAL0022,20150921,SNOW,0,,,N,600
US1CAAL0022,20150922,SNOW,0,,,N,600
US1CAAL0022,20150923,SNOW,0,,,N,600
US1CAAL0022,20150924,SNOW,0,,,N,600
US1CAAL0022,20150925,SNOW,0,,,N,600
US1CAAL0022,20150926,SNOW,0,,,N,600
US1CAAL0022,20150927,SNOW,0,,,N,600
US1CAAL0022,20150928,SNOW,0,,,N,600
US1CAAL0022,20150929,SNOW,0,,,N,600
US1CAAL0022,20150930,SNOW,0,,,N,600
US1CAAL0022,20151001,PRCP,0,T,,N,600
US1CAAL0022,20151002,PRCP,0,,,N,600
US1CAAL0022,20151003,PRCP,0,,,N,600
US1CAAL0022,20151004,PRCP,0,,,N,600
US1CAAL0022,20151005,PRCP,0,,,N,600
US1CAAL0022,20151006,PRCP,0,,,N,600
US1CAAL0022,20151007,PRCP,0,,,N,600
US1CAAL0022,20151008,PRCP,0,,,N,600
US1CAAL0022,20151009,PRCP,0,,,N,600
US1CAAL0022,20151010,PRCP,0,,,N,600
US1CAAL0022,20151011,PRCP,0,,,N,600
US1CAAL0022,20151012,PRCP,0,,,N,600
US1CAAL0022,20151013,PRCP,0,,,N,600
US1CAAL0022,20151014,PRCP,0,,,N,600
US1CAAL0022,20151015,PRCP,0,,,N,600
US1CAAL0022,20151016,PRCP,0,,,N,600
US1CAAL0022,20151017,PRCP,3,,,N,600
US1CAAL0022,20151018,PRCP,0,,,N,600
US1CAAL0022,20151019,PRCP,0,T,,N,600
US1CAAL0022,20151020,PRCP,8,,,N,600
US1CAAL0022,20151021,PRCP,0,,,N,600
US1CAAL0022,20151022,PRCP,0,,,N,600
US1CAAL0022,20151023,PRCP,0,,,N,600
US1CAAL0022,20151024,PRCP,0,,,N,600
US1CAAL0022,20151025,PRCP,0,,,N,600
US1CAAL0022,20151026,PRCP,0,,,N,600
US1CAAL0022,20151027,PRCP,0,,,N,600
US1CAAL0022,20151028,PRCP,5,,,N,600
US1CAAL0022,20151029,PRCP,0,,,N,600
US1CAAL0022,20151030,PRCP,0,,,N,600
US1CAAL0022,20151031,PRCP,0,,,N,600
US1CAAL0022,20151002,SNOW,0,,,N,600
US1CAAL0022,20151003,SNOW,0,,,N,600
US1CAAL0022,20151004,SNOW,0,,,N,600
US1CAAL0022,20151005,SNOW,0,,,N,600
US1CAAL0022,20151006,SNOW,0,,,N,600
US1CAAL0022,20151007,SNOW,0,,,N,600
US1CAAL0022,20151008,SNOW,0,,,N,600
US1CAAL0022,20151009,SNOW,0,,,N,600
US1CAAL0022,20151010,SNOW,0,,,N,600
US1CAAL0022,20151011,SNOW,0,,,N,600
US1CAAL0022,20151012,SNOW,0,,,N,600
US1CAAL0022,20151013,SNOW,0,,,N,600
US1CAAL0022,20151014,SNOW,0,,,N,600
US1CAAL0022,20151015,SNOW,0,,,N,600
US1CAAL0022,20151016,SNOW,0,,,N,600
US1CAAL0022,20151017,SNOW,0,,,N,600
US1CAAL0022,20151018,SNOW,0,,,N,600
US1CAAL0022,20151021,SNOW,0,,,N,600
US1CAAL0022,20151022,SNOW,0,,,N,600
US1CAAL0022,20151023,SNOW,0,,,N,600
US1CAAL0022,20151024,SNOW,0,,,N,600
US1CAAL0022,20151025,SNOW,0,,,N,600
US1CAAL0022,20151026,SNOW,0,,,N,600
US1CAAL0022,20151027,SNOW,0,,,N,600
US1CAAL0022,20151029,SNOW,0,,,N,600
US1CAAL0022,20151030,SNOW,0,,,N,600
US1CAAL0022,20151031,SNOW,0,,,N,600
US1CAAL0022,20151101,PRCP,0,,,N,600
US1CAAL0022,20151103,PRCP,127,,,N,600
US1CAAL0022,20151104,PRCP,0,,,N,600
US1CAAL0022,20151105,PRCP,0,,,N,600
US1CAAL0022,20151106,PRCP,0,,,N,600
US1CAAL0022,20151107,PRCP,0,,,N,600
US1CAAL0022,20151108,PRCP,0,,,N,600
US1CAAL0022,20151109,PRCP,8,,,N,600
US1CAAL0022,20151110,PRCP,109,,,N,600
US1CAAL0022,20151111,PRCP,0,,,N,600
US1CAAL0022,20151112,PRCP,0,,,N,600
US1CAAL0022,20151113,PRCP,0,,,N,600
US1CAAL0022,20151114,PRCP,0,,,N,600
US1CAAL0022,20151115,PRCP,104,,,N,600
US1CAAL0022,20151116,PRCP,0,,,N,600
US1CAAL0022,20151117,PRCP,0,,,N,600
US1CAAL0022,20151118,PRCP,0,,,N,600
US1CAAL0022,20151119,PRCP,0,,,N,600
US1CAAL0022,20151120,PRCP,0,,,N,600
US1CAAL0022,20151121,PRCP,0,,,N,600
US1CAAL0022,20151122,PRCP,0,,,N,600
US1CAAL0022,20151123,PRCP,0,,,N,600
US1CAAL0022,20151124,PRCP,0,,,N,600
US1CAAL0022,20151125,PRCP,99,,,N,600
US1CAAL0022,20151126,PRCP,0,,,N,600
US1CAAL0022,20151127,PRCP,0,,,N,600
US1CAAL0022,20151128,PRCP,0,,,N,600
US1CAAL0022,20151129,PRCP,0,,,N,600
US1CAAL0022,20151130,PRCP,0,,,N,600
US1CAAL0022,20151101,SNOW,0,,,N,600
US1CAAL0022,20151104,SNOW,0,,,N,600
US1CAAL0022,20151105,SNOW,0,,,N,600
US1CAAL0022,20151106,SNOW,0,,,N,600
US1CAAL0022,20151107,SNOW,0,,,N,600
US1CAAL0022,20151108,SNOW,0,,,N,600
US1CAAL0022,20151111,SNOW,0,,,N,600
US1CAAL0022,20151112,SNOW,0,,,N,600
US1CAAL0022,20151113,SNOW,0,,,N,600
US1CAAL0022,20151114,SNOW,0,,,N,600
US1CAAL0022,20151116,SNOW,0,,,N,600
US1CAAL0022,20151117,SNOW,0,,,N,600
US1CAAL0022,20151118,SNOW,0,,,N,600
US1CAAL0022,20151119,SNOW,0,,,N,600
US1CAAL0022,20151120,SNOW,0,,,N,600
US1CAAL0022,20151121,SNOW,0,,,N,600
US1CAAL0022,20151122,SNOW,0,,,N,600
US1CAAL0022,20151123,SNOW,0,,,N,600
US1CAAL0022,20151124,SNOW,0,,,N,600
US1CAAL0022,20151126,SNOW,0,,,N,600
US1CAAL0022,20151127,SNOW,0,,,N,600
US1CAAL0022,20151128,SNOW,0,,,N,600
US1CAAL0022,20151129,SNOW,0,,,N,600
US1CAAL0022,20151130,SNOW,0,,,N,600
US1CAAL0022,20151201,PRCP,0,,,N,600
US1CAAL0022,20151202,PRCP,0,,,N,600
US1CAAL0022,20151203,PRCP,0,,,N,600
US1CAAL0022,20151204,PRCP,46,,,N,600
US1CAAL0022,20151205,PRCP,0,,,N,600
US1CAAL0022,20151206,PRCP,0,,,N,600
US1CAAL0022,20151207,PRCP,0,,,N,600
US1CAAL0022,20151208,PRCP,0,,,N,600
US1CAAL0022,20151209,PRCP,0,,,N,600
US1CAAL0022,20151210,PRCP,25,,,N,600
US1CAAL0022,20151211,PRCP,66,,,N,600
US1CAAL0022,20151212,PRCP,8,,,N,600
US1CAAL0022,20151213,PRCP,0,,,N,600
US1CAAL0022,20151214,PRCP,99,,,N,600
US1CAAL0022,20151215,PRCP,0,,,N,600
US1CAAL0022,20151216,PRCP,0,,,N,600
US1CAAL0022,20151217,PRCP,0,,,N,600
US1CAAL0022,20151218,PRCP,0,,,N,600
US1CAAL0022,20151219,PRCP,160,,,N,600
US1CAAL0022,20151220,PRCP,0,,,N,600
US1CAAL0022,20151221,PRCP,28,,,N,600
US1CAAL0022,20151222,PRCP,287,,,N,600
US1CAAL0022,20151223,PRCP,0,,,N,600
US1CAAL0022,20151224,PRCP,0,,,N,600
US1CAAL0022,20151225,PRCP,61,,,N,600
US1CAAL0022,20151226,PRCP,0,,,N,600
US1CAAL0022,20151227,PRCP,0,,,N,600
US1CAAL0022,20151228,PRCP,36,,,N,600
US1CAAL0022,20151229,PRCP,0,,,N,600
US1CAAL0022,20151230,PRCP,0,,,N,600
US1CAAL0022,20151231,PRCP,0,T,,N,600
US1CAAL0022,20151201,SNOW,0,,,N,600
US1CAAL0022,20151202,SNOW,0,,,N,600
US1CAAL0022,20151203,SNOW,0,,,N,600
US1CAAL0022,20151205,SNOW,0,,,N,600
US1CAAL0022,20151206,SNOW,0,,,N,600
US1CAAL0022,20151207,SNOW,0,,,N,600
US1CAAL0022,20151208,SNOW,0,,,N,600
US1CAAL0022,20151209,SNOW,0,,,N,600
US1CAAL0022,20151213,SNOW,0,,,N,600
US1CAAL0022,20151215,SNOW,0,,,N,600
US1CAAL0022,20151216,SNOW,0,,,N,600
US1CAAL0022,20151217,SNOW,0,,,N,600
US1CAAL0022,20151218,SNOW,0,,,N,600
US1CAAL0022,20151220,SNOW,0,,,N,600
US1CAAL0022,20151223,SNOW,0,,,N,600
US1CAAL0022,20151224,SNOW,0,,,N,600
US1CAAL0022,20151226,SNOW,0,,,N,600
US1CAAL0022,20151227,SNOW,0,,,N,600
US1CAAL0022,20151229,SNOW,0,,,N,600
US1CAAL0022,20151230,SNOW,0,,,N,600
US1CAAL0022,20160101,PRCP,0,,,N,600
US1CAAL0022,20160102,PRCP,0,,,N,600
US1CAAL0022,20160103,PRCP,0,,,N,600
US1CAAL0022,20160104,PRCP,3,,,N,600
US1CAAL0022,20160105,PRCP,178,,,N,600
US1CAAL0022,20160106,PRCP,137,,,N,600
US1CAAL0022,20160107,PRCP,56,,,N,600
US1CAAL0022,20160108,PRCP,0,,,N,600
US1CAAL0022,20160109,PRCP,8,,,N,600
US1CAAL0022,20160110,PRCP,10,,,N,600
US1CAAL0022,20160111,PRCP,5,,,N,600
US1CAAL0022,20160112,PRCP,0,,,N,600
US1CAAL0022,20160113,PRCP,20,,,N,600
US1CAAL0022,20160114,PRCP,3,,,N,600
US1CAAL0022,20160115,PRCP,0,,,N,600
US1CAAL0022,20160116,PRCP,0,,,N,600
US1CAAL0022,20160117,PRCP,0,,,N,600
US1CAAL0022,20160118,PRCP,0,,,N,600
US1CAAL0022,20160119,PRCP,0,,,N,600
US1CAAL0022,20160120,PRCP,523,,,N,600
US1CAAL0022,20160121,PRCP,0,,,N,600
US1CAAL0022,20160122,PRCP,5,,,N,600
US1CAAL0022,20160101,SNOW,0,,,N,600
US1CAAL0022,20160102,SNOW,0,,,N,600
US1CAAL0022,20160103,SNOW,0,,,N,600
US1CAAL0022,20160108,SNOW,0,,,N,600
US1CAAL0022,20160112,SNOW,0,,,N,600
US1CAAL0022,20160115,SNOW,0,,,N,600
US1CAAL0022,20160116,SNOW,0,,,N,600
US1CAAL0022,20160117,SNOW,0,,,N,600
US1CAAL0022,20160118,SNOW,0,,,N,600
US1CAAL0022,20160119,SNOW,0,,,N,600
US1CAAL0022,20160121,SNOW,0,,,N,600
