US1CASB0004,20100531,PRCP,0,Unnamed: 4,Unnamed: 5,N,0700
US1CASB0004,20100531,SNOW,0,,,N,700
US1CASB0004,20100602,PRCP,0,,,N,700
US1CASB0004,20100606,PRCP,0,,,N,700
US1CASB0004,20100607,PRCP,0,,,N,700
US1CASB0004,20100608,PRCP,0,,,N,700
US1CASB0004,20100612,PRCP,0,,,N,700
US1CASB0004,20100615,PRCP,0,,,N,700
US1CASB0004,20100620,PRCP,0,,,N,700
US1CASB0004,20100627,PRCP,0,,,N,700
US1CASB0004,20100629,PRCP,0,,,N,700
US1CASB0004,20100602,SNOW,0,,,N,700
US1CASB0004,20100606,SNOW,0,,,N,700
US1CASB0004,20100607,SNOW,0,,,N,700
US1CASB0004,20100608,SNOW,0,,,N,700
US1CASB0004,20100612,SNOW,0,,,N,700
US1CASB0004,20100615,SNOW,0,,,N,700
US1CASB0004,20100620,SNOW,0,,,N,700
US1CASB0004,20100627,SNOW,0,,,N,700
US1CASB0004,20100629,SNOW,0,,,N,700
US1CASB0004,20100703,PRCP,0,,,N,700
US1CASB0004,20100704,PRCP,0,,,N,700
US1CASB0004,20100705,PRCP,0,,,N,700
US1CASB0004,20100706,PRCP,5,,,N,700
US1CASB0004,20100710,PRCP,0,,,N,700
US1CASB0004,20100725,PRCP,0,,,N,700
US1CASB0004,20100731,PRCP,0,,,N,700
US1CASB0004,20100703,SNOW,0,,,N,700
US1CASB0004,20100704,SNOW,0,,,N,700
US1CASB0004,20100705,SNOW,0,,,N,700
US1CASB0004,20100710,SNOW,0,,,N,700
US1CASB0004,20100725,SNOW,0,,,N,700
US1CASB0004,20100731,SNOW,0,,,N,700
US1CASB0004,20100801,PRCP,0,,,N,700
US1CASB0004,20100807,PRCP,0,,,N,700
US1CASB0004,20100801,SNOW,0,,,N,700
US1CASB0004,20100807,SNOW,0,,,N,700
US1CASB0004,20100927,PRCP,0,,,N,1530
US1CASB0004,20100927,SNOW,0,,,N,1530
US1CASB0004,20101001,PRCP,0,,,N,700
US1CASB0004,20101002,PRCP,0,,,N,700
US1CASB0004,20101003,PRCP,0,,,N,700
US1CASB0004,20101004,PRCP,20,,,N,700
US1CASB0004,20101005,PRCP,0,,,N,700
US1CASB0004,20101006,PRCP,175,,,N,1410
US1CASB0004,20101007,PRCP,0,,,N,700
US1CASB0004,20101008,PRCP,0,,,N,700
US1CASB0004,20101009,PRCP,0,,,N,700
US1CASB0004,20101010,PRCP,0,,,N,700
US1CASB0004,20101011,PRCP,0,,,N,700
US1CASB0004,20101012,PRCP,0,,,N,700
US1CASB0004,20101013,PRCP,0,,,N,700
US1CASB0004,20101014,PRCP,5,,,N,700
US1CASB0004,20101015,PRCP,0,,,N,700
US1CASB0004,20101016,PRCP,5,,,N,700
US1CASB0004,20101017,PRCP,23,,,N,700
US1CASB0004,20101018,PRCP,3,,,N,700
US1CASB0004,20101019,PRCP,51,,,N,700
US1CASB0004,20101020,PRCP,0,,,N,700
US1CASB0004,20101021,PRCP,5,,,N,700
US1CASB0004,20101022,PRCP,0,,,N,700
US1CASB0004,20101023,PRCP,0,,,N,700
US1CASB0004,20101024,PRCP,0,,,N,700
US1CASB0004,20101025,PRCP,0,,,N,700
US1CASB0004,20101026,PRCP,0,,,N,700
US1CASB0004,20101027,PRCP,0,,,N,700
US1CASB0004,20101028,PRCP,0,,,N,700
US1CASB0004,20101029,PRCP,0,,,N,700
US1CASB0004,20101030,PRCP,251,,,N,700
US1CASB0004,20101031,PRCP,0,,,N,700
US1CASB0004,20101001,SNOW,0,,,N,700
US1CASB0004,20101002,SNOW,0,,,N,700
US1CASB0004,20101003,SNOW,0,,,N,700
US1CASB0004,20101005,SNOW,0,,,N,700
US1CASB0004,20101007,SNOW,0,,,N,700
US1CASB0004,20101008,SNOW,0,,,N,700
US1CASB0004,20101009,SNOW,0,,,N,700
US1CASB0004,20101010,SNOW,0,,,N,700
US1CASB0004,20101011,SNOW,0,,,N,700
US1CASB0004,20101012,SNOW,0,,,N,700
US1CASB0004,20101013,SNOW,0,,,N,700
US1CASB0004,20101015,SNOW,0,,,N,700
US1CASB0004,20101020,SNOW,0,,,N,700
US1CASB0004,20101022,SNOW,0,,,N,700
US1CASB0004,20101023,SNOW,0,,,N,700
US1CASB0004,20101024,SNOW,0,,,N,700
US1CASB0004,20101025,SNOW,0,,,N,700
US1CASB0004,20101026,SNOW,0,,,N,700
US1CASB0004,20101027,SNOW,0,,,N,700
US1CASB0004,20101028,SNOW,0,,,N,700
US1CASB0004,20101029,SNOW,0,,,N,700
US1CASB0004,20101031,SNOW,0,,,N,700
US1CASB0004,20101101,PRCP,0,,,N,700
US1CASB0004,20101102,PRCP,0,,,N,700
US1CASB0004,20101103,PRCP,0,,,N,700
US1CASB0004,20101104,PRCP,0,,,N,700
US1CASB0004,20101105,PRCP,0,,,N,700
US1CASB0004,20101106,PRCP,0,,,N,700
US1CASB0004,20101107,PRCP,0,,,N,700
US1CASB0004,20101108,PRCP,33,,,N,700
US1CASB0004,20101109,PRCP,0,,,N,700
US1CASB0004,20101110,PRCP,0,,,N,700
US1CASB0004,20101111,PRCP,0,,,N,700
US1CASB0004,20101112,PRCP,0,,,N,700
US1CASB0004,20101113,PRCP,0,,,N,700
US1CASB0004,20101114,PRCP,0,,,N,700
US1CASB0004,20101115,PRCP,0,,,N,700
US1CASB0004,20101116,PRCP,0,,,N,700
US1CASB0004,20101117,PRCP,0,,,N,700
US1CASB0004,20101118,PRCP,0,,,N,700
US1CASB0004,20101119,PRCP,0,,,N,700
US1CASB0004,20101120,PRCP,180,,,N,700
US1CASB0004,20101121,PRCP,112,,,N,700
US1CASB0004,20101122,PRCP,0,,,N,700
US1CASB0004,20101123,PRCP,0,,,N,700
US1CASB0004,20101124,PRCP,0,,,N,700
US1CASB0004,20101125,PRCP,0,,,N,700
US1CASB0004,20101126,PRCP,0,,,N,700
US1CASB0004,20101127,PRCP,0,,,N,700
US1CASB0004,20101128,PRCP,3,,,N,700
US1CASB0004,20101129,PRCP,0,,,N,700
US1CASB0004,20101130,PRCP,0,,,N,700
US1CASB0004,20101101,SNOW,0,,,N,700
US1CASB0004,20101102,SNOW,0,,,N,700
US1CASB0004,20101103,SNOW,0,,,N,700
US1CASB0004,20101104,SNOW,0,,,N,700
US1CASB0004,20101105,SNOW,0,,,N,700
US1CASB0004,20101106,SNOW,0,,,N,700
US1CASB0004,20101107,SNOW,0,,,N,700
US1CASB0004,20101109,SNOW,0,,,N,700
US1CASB0004,20101110,SNOW,0,,,N,700
US1CASB0004,20101111,SNOW,0,,,N,700
US1CASB0004,20101112,SNOW,0,,,N,700
US1CASB0004,20101113,SNOW,0,,,N,700
US1CASB0004,20101114,SNOW,0,,,N,700
US1CASB0004,20101115,SNOW,0,,,N,700
US1CASB0004,20101116,SNOW,0,,,N,700
US1CASB0004,20101117,SNOW,0,,,N,700
US1CASB0004,20101118,SNOW,0,,,N,700
US1CASB0004,20101119,SNOW,0,,,N,700
US1CASB0004,20101122,SNOW,0,,,N,700
US1CASB0004,20101123,SNOW,0,,,N,700
US1CASB0004,20101124,SNOW,0,,,N,700
US1CASB0004,20101125,SNOW,0,,,N,700
US1CASB0004,20101126,SNOW,0,,,N,700
US1CASB0004,20101127,SNOW,0,,,N,700
US1CASB0004,20101129,SNOW,0,,,N,700
US1CASB0004,20101130,SNOW,0,,,N,700
US1CASB0004,20101201,PRCP,0,,,N,700
US1CASB0004,20101202,PRCP,0,,,N,700
US1CASB0004,20101203,PRCP,0,,,N,700
US1CASB0004,20101204,PRCP,0,,,N,700
US1CASB0004,20101205,PRCP,0,,,N,700
US1CASB0004,20101206,PRCP,145,,,N,700
US1CASB0004,20101207,PRCP,0,,,N,700
US1CASB0004,20101208,PRCP,0,,,N,700
US1CASB0004,20101209,PRCP,0,,,N,700
US1CASB0004,20101210,PRCP,0,,,N,700
US1CASB0004,20101211,PRCP,0,,,N,700
US1CASB0004,20101212,PRCP,0,,,N,700
US1CASB0004,20101213,PRCP,0,,,N,700
US1CASB0004,20101214,PRCP,0,,,N,700
US1CASB0004,20101215,PRCP,0,,,N,700
US1CASB0004,20101216,PRCP,0,,,N,700
US1CASB0004,20101217,PRCP,30,,,N,700
US1CASB0004,20101218,PRCP,218,,,N,700
US1CASB0004,20101219,PRCP,828,,,N,700
US1CASB0004,20101220,PRCP,754,,,N,700
US1CASB0004,20101221,PRCP,86,,,N,700
US1CASB0004,20101222,PRCP,381,,,N,700
US1CASB0004,20101223,PRCP,71,,,N,700
US1CASB0004,20101224,PRCP,3,,,N,700
US1CASB0004,20101225,PRCP,3,,,N,700
US1CASB0004,20101226,PRCP,180,,,N,700
US1CASB0004,20101227,PRCP,0,,,N,700
US1CASB0004,20101228,PRCP,0,,,N,700
US1CASB0004,20101229,PRCP,168,,,N,700
US1CASB0004,20101230,PRCP,13,,,N,700
US1CASB0004,20101231,PRCP,0,,,N,700
US1CASB0004,20101201,SNOW,0,,,N,700
US1CASB0004,20101202,SNOW,0,,,N,700
US1CASB0004,20101203,SNOW,0,,,N,700
US1CASB0004,20101204,SNOW,0,,,N,700
US1CASB0004,20101205,SNOW,0,,,N,700
US1CASB0004,20101207,SNOW,0,,,N,700
US1CASB0004,20101208,SNOW,0,,,N,700
US1CASB0004,20101209,SNOW,0,,,N,700
US1CASB0004,20101210,SNOW,0,,,N,700
US1CASB0004,20101211,SNOW,0,,,N,700
US1CASB0004,20101212,SNOW,0,,,N,700
US1CASB0004,20101213,SNOW,0,,,N,700
US1CASB0004,20101214,SNOW,0,,,N,700
US1CASB0004,20101215,SNOW,0,,,N,700
US1CASB0004,20101216,SNOW,0,,,N,700
US1CASB0004,20101227,SNOW,0,,,N,700
US1CASB0004,20101228,SNOW,0,,,N,700
US1CASB0004,20101231,SNOW,0,,,N,700
US1CASB0004,20101218,DAPR,3,,L,N,701
US1CASB0004,20101219,DAPR,3,,L,N,700
US1CASB0004,20110101,PRCP,0,,,N,700
US1CASB0004,20110102,PRCP,0,,,N,700
US1CASB0004,20110103,PRCP,262,,,N,700
US1CASB0004,20110104,PRCP,0,,,N,700
US1CASB0004,20110105,PRCP,0,,,N,612
US1CASB0004,20110106,PRCP,0,,,N,700
US1CASB0004,20110107,PRCP,0,,,N,700
US1CASB0004,20110108,PRCP,3,,,N,700
US1CASB0004,20110109,PRCP,0,,,N,700
US1CASB0004,20110110,PRCP,0,,,N,700
US1CASB0004,20110111,PRCP,0,,,N,700
US1CASB0004,20110112,PRCP,0,,,N,700
US1CASB0004,20110113,PRCP,0,,,N,700
US1CASB0004,20110114,PRCP,0,,,N,700
US1CASB0004,20110115,PRCP,0,,,N,700
US1CASB0004,20110116,PRCP,0,,,N,700
US1CASB0004,20110117,PRCP,0,,,N,700
US1CASB0004,20110118,PRCP,0,,,N,700
US1CASB0004,20110119,PRCP,0,,,N,700
US1CASB0004,20110120,PRCP,0,,,N,700
US1CASB0004,20110121,PRCP,0,,,N,700
US1CASB0004,20110122,PRCP,0,,,N,700
US1CASB0004,20110123,PRCP,0,,,N,700
US1CASB0004,20110124,PRCP,0,,,N,700
US1CASB0004,20110125,PRCP,0,,,N,700
US1CASB0004,20110126,PRCP,0,,,N,700
US1CASB0004,20110127,PRCP,0,,,N,700
US1CASB0004,20110128,PRCP,0,,,N,700
US1CASB0004,20110129,PRCP,0,,,N,700
US1CASB0004,20110130,PRCP,0,,,N,700
US1CASB0004,20110131,PRCP,94,,,N,700
US1CASB0004,20110101,SNOW,0,,,N,700
US1CASB0004,20110102,SNOW,0,,,N,700
US1CASB0004,20110104,SNOW,0,,,N,700
US1CASB0004,20110105,SNOW,0,,,N,612
US1CASB0004,20110106,SNOW,0,,,N,700
US1CASB0004,20110107,SNOW,0,,,N,700
US1CASB0004,20110109,SNOW,0,,,N,700
US1CASB0004,20110110,SNOW,0,,,N,700
US1CASB0004,20110111,SNOW,0,,,N,700
US1CASB0004,20110112,SNOW,0,,,N,700
US1CASB0004,20110113,SNOW,0,,,N,700
US1CASB0004,20110114,SNOW,0,,,N,700
US1CASB0004,20110115,SNOW,0,,,N,700
US1CASB0004,20110116,SNOW,0,,,N,700
US1CASB0004,20110117,SNOW,0,,,N,700
US1CASB0004,20110118,SNOW,0,,,N,700
US1CASB0004,20110119,SNOW,0,,,N,700
US1CASB0004,20110120,SNOW,0,,,N,700
US1CASB0004,20110121,SNOW,0,,,N,700
US1CASB0004,20110122,SNOW,0,,,N,700
US1CASB0004,20110123,SNOW,0,,,N,700
US1CASB0004,20110124,SNOW,0,,,N,700
US1CASB0004,20110125,SNOW,0,,,N,700
US1CASB0004,20110126,SNOW,0,,,N,700
US1CASB0004,20110127,SNOW,0,,,N,700
US1CASB0004,20110128,SNOW,0,,,N,700
US1CASB0004,20110129,SNOW,0,,,N,700
US1CASB0004,20110130,SNOW,0,,,N,700
US1CASB0004,20110201,PRCP,0,,,N,700
US1CASB0004,20110202,PRCP,0,,,N,700
US1CASB0004,20110203,PRCP,0,,,N,700
US1CASB0004,20110204,PRCP,0,,,N,700
US1CASB0004,20110205,PRCP,0,,,N,700
US1CASB0004,20110206,PRCP,0,,,N,700
US1CASB0004,20110207,PRCP,0,,,N,700
US1CASB0004,20110208,PRCP,0,,,N,700
US1CASB0004,20110209,PRCP,0,,,N,700
US1CASB0004,20110210,PRCP,0,,,N,700
US1CASB0004,20110211,PRCP,0,,,N,700
US1CASB0004,20110212,PRCP,0,,,N,700
US1CASB0004,20110213,PRCP,0,,,N,700
US1CASB0004,20110214,PRCP,0,,,N,700
US1CASB0004,20110215,PRCP,0,T,L,N,700
US1CASB0004,20110216,PRCP,84,,L,N,700
US1CASB0004,20110217,PRCP,48,,L,N,700
US1CASB0004,20110218,PRCP,0,T,L,N,700
US1CASB0004,20110219,PRCP,284,,L,N,700
US1CASB0004,20110220,PRCP,147,,,N,700
US1CASB0004,20110221,PRCP,0,,,N,700
US1CASB0004,20110222,PRCP,0,,,N,700
US1CASB0004,20110223,PRCP,0,,,N,700
US1CASB0004,20110224,PRCP,0,,,N,700
US1CASB0004,20110225,PRCP,0,T,,N,700
US1CASB0004,20110226,PRCP,358,,,N,700
US1CASB0004,20110227,PRCP,3,,,N,700
US1CASB0004,20110228,PRCP,0,,,N,700
US1CASB0004,20110201,SNOW,0,,,N,700
US1CASB0004,20110202,SNOW,0,,,N,700
US1CASB0004,20110203,SNOW,0,,,N,700
US1CASB0004,20110204,SNOW,0,,,N,700
US1CASB0004,20110205,SNOW,0,,,N,700
US1CASB0004,20110206,SNOW,0,,,N,700
US1CASB0004,20110207,SNOW,0,,,N,700
US1CASB0004,20110208,SNOW,0,,,N,700
US1CASB0004,20110209,SNOW,0,,,N,700
US1CASB0004,20110210,SNOW,0,,,N,700
US1CASB0004,20110211,SNOW,0,,,N,700
US1CASB0004,20110212,SNOW,0,,,N,700
US1CASB0004,20110213,SNOW,0,,,N,700
US1CASB0004,20110214,SNOW,0,,,N,700
US1CASB0004,20110221,SNOW,0,,,N,700
US1CASB0004,20110222,SNOW,0,,,N,700
US1CASB0004,20110223,SNOW,0,,,N,700
US1CASB0004,20110224,SNOW,0,,,N,700
US1CASB0004,20110228,SNOW,0,,,N,700
US1CASB0004,20110219,DAPR,5,,L,N,700
US1CASB0004,20110219,MDPR,584,,L,N,700
US1CASB0004,20110301,PRCP,0,,,N,700
US1CASB0004,20110302,PRCP,8,,,N,700
US1CASB0004,20110303,PRCP,51,,,N,700
US1CASB0004,20110304,PRCP,0,,,N,700
US1CASB0004,20110305,PRCP,0,,,N,700
US1CASB0004,20110306,PRCP,0,,,N,700
US1CASB0004,20110307,PRCP,5,,,N,700
US1CASB0004,20110308,PRCP,0,,,N,700
US1CASB0004,20110309,PRCP,0,,,N,700
US1CASB0004,20110310,PRCP,0,,,N,700
US1CASB0004,20110311,PRCP,0,,,N,700
US1CASB0004,20110312,PRCP,0,,,N,700
US1CASB0004,20110313,PRCP,0,,,N,700
US1CASB0004,20110314,PRCP,0,,,N,700
US1CASB0004,20110315,PRCP,0,,,N,700
US1CASB0004,20110316,PRCP,0,,,N,700
US1CASB0004,20110317,PRCP,0,,,N,700
US1CASB0004,20110318,PRCP,0,,L,N,700
US1CASB0004,20110319,PRCP,46,,L,N,700
US1CASB0004,20110320,PRCP,803,,L,N,700
US1CASB0004,20110321,PRCP,706,,L,N,700
US1CASB0004,20110322,PRCP,97,,,N,700
US1CASB0004,20110323,PRCP,0,T,,N,700
US1CASB0004,20110324,PRCP,94,,,N,700
US1CASB0004,20110325,PRCP,234,,,N,700
US1CASB0004,20110326,PRCP,0,,,N,700
US1CASB0004,20110327,PRCP,10,,,N,700
US1CASB0004,20110328,PRCP,5,,,N,700
US1CASB0004,20110329,PRCP,0,,,N,700
US1CASB0004,20110330,PRCP,0,,,N,700
US1CASB0004,20110331,PRCP,0,,,N,700
US1CASB0004,20110301,SNOW,0,,,N,700
US1CASB0004,20110304,SNOW,0,,,N,700
US1CASB0004,20110305,SNOW,0,,,N,700
US1CASB0004,20110306,SNOW,0,,,N,700
US1CASB0004,20110308,SNOW,0,,,N,700
US1CASB0004,20110309,SNOW,0,,,N,700
US1CASB0004,20110310,SNOW,0,,,N,700
US1CASB0004,20110311,SNOW,0,,,N,700
US1CASB0004,20110312,SNOW,0,,,N,700
US1CASB0004,20110313,SNOW,0,,,N,700
US1CASB0004,20110314,SNOW,0,,,N,700
US1CASB0004,20110315,SNOW,0,,,N,700
US1CASB0004,20110316,SNOW,0,,,N,700
US1CASB0004,20110317,SNOW,0,,,N,700
US1CASB0004,20110318,SNOW,0,,,N,700
US1CASB0004,20110326,SNOW,0,,,N,700
US1CASB0004,20110328,SNOW,0,,,N,700
US1CASB0004,20110329,SNOW,0,,,N,700
US1CASB0004,20110330,SNOW,0,,,N,700
US1CASB0004,20110331,SNOW,0,,,N,700
US1CASB0004,20110321,DAPR,4,,L,N,600
US1CASB0004,20110321,MDPR,1544,,L,N,600
US1CASB0004,20110401,PRCP,0,,,N,700
US1CASB0004,20110402,PRCP,0,,,N,700
US1CASB0004,20110403,PRCP,18,,,N,700
US1CASB0004,20110404,PRCP,0,,,N,700
US1CASB0004,20110405,PRCP,0,,,N,700
US1CASB0004,20110406,PRCP,0,,,N,700
US1CASB0004,20110407,PRCP,0,,,N,700
US1CASB0004,20110408,PRCP,10,,,N,700
US1CASB0004,20110409,PRCP,0,,,N,700
US1CASB0004,20110410,PRCP,0,,,N,700
US1CASB0004,20110411,PRCP,0,,,N,700
US1CASB0004,20110412,PRCP,0,,,N,700
US1CASB0004,20110413,PRCP,0,,,N,700
US1CASB0004,20110414,PRCP,0,,,N,700
US1CASB0004,20110415,PRCP,0,,,N,700
US1CASB0004,20110416,PRCP,0,,,N,700
US1CASB0004,20110417,PRCP,0,,,N,700
US1CASB0004,20110418,PRCP,0,,,N,700
US1CASB0004,20110419,PRCP,0,,,N,700
US1CASB0004,20110420,PRCP,0,,,N,700
US1CASB0004,20110421,PRCP,0,T,,N,700
US1CASB0004,20110422,PRCP,0,,,N,700
US1CASB0004,20110423,PRCP,10,,,N,700
US1CASB0004,20110424,PRCP,0,,,N,700
US1CASB0004,20110425,PRCP,0,,,N,700
US1CASB0004,20110426,PRCP,0,,,N,700
US1CASB0004,20110427,PRCP,0,,,N,700
US1CASB0004,20110428,PRCP,0,,,N,700
US1CASB0004,20110429,PRCP,0,,,N,700
US1CASB0004,20110430,PRCP,0,,,N,700
US1CASB0004,20110401,SNOW,0,,,N,700
US1CASB0004,20110402,SNOW,0,,,N,700
US1CASB0004,20110404,SNOW,0,,,N,700
US1CASB0004,20110405,SNOW,0,,,N,700
US1CASB0004,20110406,SNOW,0,,,N,700
US1CASB0004,20110407,SNOW,0,,,N,700
US1CASB0004,20110409,SNOW,0,,,N,700
US1CASB0004,20110410,SNOW,0,,,N,700
US1CASB0004,20110411,SNOW,0,,,N,700
US1CASB0004,20110412,SNOW,0,,,N,700
US1CASB0004,20110413,SNOW,0,,,N,700
US1CASB0004,20110414,SNOW,0,,,N,700
US1CASB0004,20110415,SNOW,0,,,N,700
US1CASB0004,20110416,SNOW,0,,,N,700
US1CASB0004,20110417,SNOW,0,,,N,700
US1CASB0004,20110418,SNOW,0,,,N,700
US1CASB0004,20110419,SNOW,0,,,N,700
US1CASB0004,20110420,SNOW,0,,,N,700
US1CASB0004,20110422,SNOW,0,,,N,700
US1CASB0004,20110424,SNOW,0,,,N,700
US1CASB0004,20110425,SNOW,0,,,N,700
US1CASB0004,20110426,SNOW,0,,,N,700
US1CASB0004,20110427,SNOW,0,,,N,700
US1CASB0004,20110428,SNOW,0,,,N,700
US1CASB0004,20110429,SNOW,0,,,N,700
US1CASB0004,20110430,SNOW,0,,,N,700
US1CASB0004,20110501,PRCP,0,,,N,700
US1CASB0004,20110502,PRCP,0,,,N,700
US1CASB0004,20110503,PRCP,0,,,N,700
US1CASB0004,20110504,PRCP,0,,,N,700
US1CASB0004,20110505,PRCP,0,,,N,700
US1CASB0004,20110506,PRCP,0,,,N,700
US1CASB0004,20110507,PRCP,0,,,N,700
US1CASB0004,20110508,PRCP,0,,,N,700
US1CASB0004,20110509,PRCP,0,,,N,700
US1CASB0004,20110510,PRCP,0,,,N,700
US1CASB0004,20110511,PRCP,0,,,N,700
US1CASB0004,20110512,PRCP,0,,,N,700
US1CASB0004,20110513,PRCP,0,,,N,700
US1CASB0004,20110514,PRCP,0,,,N,700
US1CASB0004,20110515,PRCP,41,,,N,700
US1CASB0004,20110516,PRCP,0,,,N,700
US1CASB0004,20110517,PRCP,79,,,N,700
US1CASB0004,20110518,PRCP,84,,,N,700
US1CASB0004,20110519,PRCP,0,,,N,700
US1CASB0004,20110520,PRCP,0,,,N,700
US1CASB0004,20110521,PRCP,0,,,N,700
US1CASB0004,20110522,PRCP,0,,,N,700
US1CASB0004,20110523,PRCP,0,,,N,700
US1CASB0004,20110524,PRCP,0,,,N,700
US1CASB0004,20110525,PRCP,0,,,N,700
US1CASB0004,20110526,PRCP,0,,,N,700
US1CASB0004,20110527,PRCP,0,,,N,700
US1CASB0004,20110528,PRCP,0,,,N,700
US1CASB0004,20110529,PRCP,0,,,N,700
US1CASB0004,20110530,PRCP,0,,,N,700
US1CASB0004,20110531,PRCP,0,,,N,700
US1CASB0004,20110501,SNOW,0,,,N,700
US1CASB0004,20110502,SNOW,0,,,N,700
US1CASB0004,20110503,SNOW,0,,,N,700
US1CASB0004,20110504,SNOW,0,,,N,700
US1CASB0004,20110505,SNOW,0,,,N,700
US1CASB0004,20110506,SNOW,0,,,N,700
US1CASB0004,20110507,SNOW,0,,,N,700
US1CASB0004,20110508,SNOW,0,,,N,700
US1CASB0004,20110509,SNOW,0,,,N,700
US1CASB0004,20110510,SNOW,0,,,N,700
US1CASB0004,20110511,SNOW,0,,,N,700
US1CASB0004,20110512,SNOW,0,,,N,700
US1CASB0004,20110513,SNOW,0,,,N,700
US1CASB0004,20110514,SNOW,0,,,N,700
US1CASB0004,20110516,SNOW,0,,,N,700
US1CASB0004,20110519,SNOW,0,,,N,700
US1CASB0004,20110520,SNOW,0,,,N,700
US1CASB0004,20110521,SNOW,0,,,N,700
US1CASB0004,20110522,SNOW,0,,,N,700
US1CASB0004,20110523,SNOW,0,,,N,700
US1CASB0004,20110524,SNOW,0,,,N,700
US1CASB0004,20110525,SNOW,0,,,N,700
US1CASB0004,20110526,SNOW,0,,,N,700
US1CASB0004,20110527,SNOW,0,,,N,700
US1CASB0004,20110528,SNOW,0,,,N,700
US1CASB0004,20110529,SNOW,0,,,N,700
US1CASB0004,20110530,SNOW,0,,,N,700
US1CASB0004,20110531,SNOW,0,,,N,700
US1CASB0004,20110601,PRCP,0,,,N,700
US1CASB0004,20110602,PRCP,0,,,N,700
US1CASB0004,20110603,PRCP,0,,,N,700
US1CASB0004,20110604,PRCP,3,,,N,700
US1CASB0004,20110605,PRCP,41,,,N,700
US1CASB0004,20110606,PRCP,175,,,N,700
US1CASB0004,20110607,PRCP,0,,,N,700
US1CASB0004,20110608,PRCP,0,,,N,700
US1CASB0004,20110609,PRCP,0,,,N,700
US1CASB0004,20110610,PRCP,0,,,N,700
US1CASB0004,20110611,PRCP,3,,,N,700
US1CASB0004,20110612,PRCP,0,,,N,700
US1CASB0004,20110613,PRCP,0,,,N,700
US1CASB0004,20110614,PRCP,0,,,N,700
US1CASB0004,20110615,PRCP,0,T,,N,700
US1CASB0004,20110616,PRCP,0,T,,N,700
US1CASB0004,20110617,PRCP,5,,,N,700
US1CASB0004,20110618,PRCP,0,,,N,700
US1CASB0004,20110619,PRCP,0,T,,N,700
US1CASB0004,20110620,PRCP,0,T,,N,700
US1CASB0004,20110621,PRCP,0,,,N,700
US1CASB0004,20110622,PRCP,0,,,N,700
US1CASB0004,20110623,PRCP,0,,,N,700
US1CASB0004,20110624,PRCP,0,,,N,700
US1CASB0004,20110625,PRCP,0,,,N,700
US1CASB0004,20110626,PRCP,0,,,N,700
US1CASB0004,20110627,PRCP,0,,,N,700
US1CASB0004,20110628,PRCP,0,,,N,700
US1CASB0004,20110629,PRCP,0,,,N,700
US1CASB0004,20110630,PRCP,0,,,N,700
US1CASB0004,20110601,SNOW,0,,,N,700
US1CASB0004,20110602,SNOW,0,,,N,700
US1CASB0004,20110603,SNOW,0,,,N,700
US1CASB0004,20110607,SNOW,0,,,N,700
US1CASB0004,20110608,SNOW,0,,,N,700
US1CASB0004,20110609,SNOW,0,,,N,700
US1CASB0004,20110610,SNOW,0,,,N,700
US1CASB0004,20110612,SNOW,0,,,N,700
US1CASB0004,20110613,SNOW,0,,,N,700
US1CASB0004,20110614,SNOW,0,,,N,700
US1CASB0004,20110618,SNOW,0,,,N,700
US1CASB0004,20110621,SNOW,0,,,N,700
US1CASB0004,20110622,SNOW,0,,,N,700
US1CASB0004,20110623,SNOW,0,,,N,700
US1CASB0004,20110624,SNOW,0,,,N,700
US1CASB0004,20110625,SNOW,0,,,N,700
US1CASB0004,20110626,SNOW,0,,,N,700
US1CASB0004,20110627,SNOW,0,,,N,700
US1CASB0004,20110628,SNOW,0,,,N,700
US1CASB0004,20110629,SNOW,0,,,N,700
US1CASB0004,20110630,SNOW,0,,,N,700
US1CASB0004,20110701,PRCP,0,,,N,700
US1CASB0004,20110702,PRCP,0,,,N,700
US1CASB0004,20110703,PRCP,0,,,N,700
US1CASB0004,20110704,PRCP,0,,,N,700
US1CASB0004,20110705,PRCP,0,,,N,700
US1CASB0004,20110706,PRCP,0,,,N,700
US1CASB0004,20110707,PRCP,0,,,N,700
US1CASB0004,20110708,PRCP,0,,,N,700
US1CASB0004,20110709,PRCP,0,,,N,700
US1CASB0004,20110710,PRCP,0,,,N,700
US1CASB0004,20110711,PRCP,0,,,N,700
US1CASB0004,20110712,PRCP,0,,,N,700
US1CASB0004,20110713,PRCP,0,,,N,700
US1CASB0004,20110714,PRCP,0,,,N,700
US1CASB0004,20110715,PRCP,0,,,N,700
US1CASB0004,20110716,PRCP,0,,,N,700
US1CASB0004,20110717,PRCP,0,,,N,700
US1CASB0004,20110718,PRCP,0,,,N,700
US1CASB0004,20110719,PRCP,0,,,N,700
US1CASB0004,20110720,PRCP,0,,,N,700
US1CASB0004,20110721,PRCP,0,,,N,700
US1CASB0004,20110722,PRCP,0,,,N,700
US1CASB0004,20110723,PRCP,0,,,N,700
US1CASB0004,20110724,PRCP,0,,,N,700
US1CASB0004,20110725,PRCP,0,,,N,700
US1CASB0004,20110726,PRCP,0,,,N,700
US1CASB0004,20110727,PRCP,0,,,N,700
US1CASB0004,20110728,PRCP,0,,,N,700
US1CASB0004,20110729,PRCP,0,,,N,700
US1CASB0004,20110701,SNOW,0,,,N,700
US1CASB0004,20110702,SNOW,0,,,N,700
US1CASB0004,20110703,SNOW,0,,,N,700
US1CASB0004,20110704,SNOW,0,,,N,700
US1CASB0004,20110705,SNOW,0,,,N,700
US1CASB0004,20110706,SNOW,0,,,N,700
US1CASB0004,20110707,SNOW,0,,,N,700
US1CASB0004,20110708,SNOW,0,,,N,700
US1CASB0004,20110709,SNOW,0,,,N,700
US1CASB0004,20110710,SNOW,0,,,N,700
US1CASB0004,20110711,SNOW,0,,,N,700
US1CASB0004,20110712,SNOW,0,,,N,700
US1CASB0004,20110713,SNOW,0,,,N,700
US1CASB0004,20110714,SNOW,0,,,N,700
US1CASB0004,20110715,SNOW,0,,,N,700
US1CASB0004,20110716,SNOW,0,,,N,700
US1CASB0004,20110717,SNOW,0,,,N,700
US1CASB0004,20110718,SNOW,0,,,N,700
US1CASB0004,20110719,SNOW,0,,,N,700
US1CASB0004,20110720,SNOW,0,,,N,700
US1CASB0004,20110721,SNOW,0,,,N,700
US1CASB0004,20110722,SNOW,0,,,N,700
US1CASB0004,20110723,SNOW,0,,,N,700
US1CASB0004,20110724,SNOW,0,,,N,700
US1CASB0004,20110725,SNOW,0,,,N,700
US1CASB0004,20110726,SNOW,0,,,N,700
US1CASB0004,20110727,SNOW,0,,,N,700
US1CASB0004,20110728,SNOW,0,,,N,700
US1CASB0004,20110729,SNOW,0,,,N,700
US1CASB0004,20110801,PRCP,0,,,N,700
US1CASB0004,20110802,PRCP,0,,,N,700
US1CASB0004,20110803,PRCP,0,,,N,700
US1CASB0004,20110804,PRCP,0,,,N,700
US1CASB0004,20110805,PRCP,0,,,N,700
US1CASB0004,20110806,PRCP,0,,,N,700
US1CASB0004,20110807,PRCP,0,,,N,700
US1CASB0004,20110808,PRCP,0,,,N,700
US1CASB0004,20110809,PRCP,0,,,N,700
US1CASB0004,20110810,PRCP,0,,,N,700
US1CASB0004,20110811,PRCP,0,T,,N,700
US1CASB0004,20110812,PRCP,0,,,N,700
US1CASB0004,20110813,PRCP,0,T,,N,700
US1CASB0004,20110814,PRCP,0,,,N,700
US1CASB0004,20110815,PRCP,0,,,N,700
US1CASB0004,20110816,PRCP,0,,,N,700
US1CASB0004,20110817,PRCP,0,,,N,700
US1CASB0004,20110818,PRCP,0,,,N,700
US1CASB0004,20110819,PRCP,0,,,N,700
US1CASB0004,20110820,PRCP,0,,,N,700
US1CASB0004,20110821,PRCP,0,,,N,700
US1CASB0004,20110822,PRCP,0,,,N,700
US1CASB0004,20110823,PRCP,0,,,N,700
US1CASB0004,20110824,PRCP,0,,,N,700
US1CASB0004,20110825,PRCP,0,,,N,700
US1CASB0004,20110826,PRCP,0,,,N,700
US1CASB0004,20110827,PRCP,0,,,N,700
US1CASB0004,20110828,PRCP,0,,,N,700
US1CASB0004,20110829,PRCP,0,,,N,700
US1CASB0004,20110830,PRCP,0,,,N,700
US1CASB0004,20110831,PRCP,0,,,N,700
US1CASB0004,20110801,SNOW,0,,,N,700
US1CASB0004,20110802,SNOW,0,,,N,700
US1CASB0004,20110803,SNOW,0,,,N,700
US1CASB0004,20110804,SNOW,0,,,N,700
US1CASB0004,20110805,SNOW,0,,,N,700
US1CASB0004,20110806,SNOW,0,,,N,700
US1CASB0004,20110807,SNOW,0,,,N,700
US1CASB0004,20110808,SNOW,0,,,N,700
US1CASB0004,20110809,SNOW,0,,,N,700
US1CASB0004,20110810,SNOW,0,,,N,700
US1CASB0004,20110812,SNOW,0,,,N,700
US1CASB0004,20110814,SNOW,0,,,N,700
US1CASB0004,20110815,SNOW,0,,,N,700
US1CASB0004,20110816,SNOW,0,,,N,700
US1CASB0004,20110817,SNOW,0,,,N,700
US1CASB0004,20110818,SNOW,0,,,N,700
US1CASB0004,20110819,SNOW,0,,,N,700
US1CASB0004,20110820,SNOW,0,,,N,700
US1CASB0004,20110821,SNOW,0,,,N,700
US1CASB0004,20110822,SNOW,0,,,N,700
US1CASB0004,20110823,SNOW,0,,,N,700
US1CASB0004,20110824,SNOW,0,,,N,700
US1CASB0004,20110825,SNOW,0,,,N,700
US1CASB0004,20110826,SNOW,0,,,N,700
US1CASB0004,20110827,SNOW,0,,,N,700
US1CASB0004,20110828,SNOW,0,,,N,700
US1CASB0004,20110829,SNOW,0,,,N,700
US1CASB0004,20110830,SNOW,0,,,N,700
US1CASB0004,20110831,SNOW,0,,,N,700
US1CASB0004,20110901,PRCP,0,T,,N,700
US1CASB0004,20110902,PRCP,0,T,,N,700
US1CASB0004,20110903,PRCP,0,T,,N,700
US1CASB0004,20110904,PRCP,0,,,N,700
US1CASB0004,20110905,PRCP,0,,,N,700
US1CASB0004,20110906,PRCP,0,,,N,700
US1CASB0004,20110907,PRCP,0,,,N,700
US1CASB0004,20110908,PRCP,0,,,N,700
US1CASB0004,20110909,PRCP,0,,,N,700
US1CASB0004,20110910,PRCP,0,,,N,700
US1CASB0004,20110911,PRCP,0,,,N,700
US1CASB0004,20110912,PRCP,0,,,N,700
US1CASB0004,20110913,PRCP,0,,,N,700
US1CASB0004,20110914,PRCP,0,,,N,700
US1CASB0004,20110915,PRCP,0,,,N,700
US1CASB0004,20110916,PRCP,0,,,N,700
US1CASB0004,20110917,PRCP,0,,,N,700
US1CASB0004,20110918,PRCP,0,,,N,700
US1CASB0004,20110919,PRCP,0,,,N,700
US1CASB0004,20110920,PRCP,0,,,N,700
US1CASB0004,20110921,PRCP,0,,,N,700
US1CASB0004,20110922,PRCP,0,,,N,700
US1CASB0004,20110923,PRCP,0,,,N,700
US1CASB0004,20110924,PRCP,0,,,N,700
US1CASB0004,20110925,PRCP,0,,,N,700
US1CASB0004,20110926,PRCP,0,,,N,700
US1CASB0004,20110927,PRCP,0,,,N,700
US1CASB0004,20110904,SNOW,0,,,N,700
US1CASB0004,20110905,SNOW,0,,,N,700
US1CASB0004,20110906,SNOW,0,,,N,700
US1CASB0004,20110907,SNOW,0,,,N,700
US1CASB0004,20110908,SNOW,0,,,N,700
US1CASB0004,20110909,SNOW,0,,,N,700
US1CASB0004,20110910,SNOW,0,,,N,700
US1CASB0004,20110911,SNOW,0,,,N,700
US1CASB0004,20110912,SNOW,0,,,N,700
US1CASB0004,20110913,SNOW,0,,,N,700
US1CASB0004,20110914,SNOW,0,,,N,700
US1CASB0004,20110915,SNOW,0,,,N,700
US1CASB0004,20110916,SNOW,0,,,N,700
US1CASB0004,20110917,SNOW,0,,,N,700
US1CASB0004,20110918,SNOW,0,,,N,700
US1CASB0004,20110919,SNOW,0,,,N,700
US1CASB0004,20110920,SNOW,0,,,N,700
US1CASB0004,20110921,SNOW,0,,,N,700
US1CASB0004,20110922,SNOW,0,,,N,700
US1CASB0004,20110923,SNOW,0,,,N,700
US1CASB0004,20110924,SNOW,0,,,N,700
US1CASB0004,20110925,SNOW,0,,,N,700
US1CASB0004,20110926,SNOW,0,,,N,700
US1CASB0004,20110927,SNOW,0,,,N,700
US1CASB0004,20111001,PRCP,0,,,N,700
US1CASB0004,20111002,PRCP,0,,,N,700
US1CASB0004,20111003,PRCP,0,,,N,700
US1CASB0004,20111004,PRCP,15,,,N,700
US1CASB0004,20111005,PRCP,107,,,N,700
US1CASB0004,20111006,PRCP,132,,,N,700
US1CASB0004,20111007,PRCP,0,,,N,700
US1CASB0004,20111008,PRCP,0,,,N,700
US1CASB0004,20111009,PRCP,0,,,N,700
US1CASB0004,20111010,PRCP,0,,,N,700
US1CASB0004,20111011,PRCP,0,,,N,700
US1CASB0004,20111012,PRCP,0,,,N,700
US1CASB0004,20111013,PRCP,0,,,N,700
US1CASB0004,20111014,PRCP,0,,,N,700
US1CASB0004,20111015,PRCP,0,,,N,700
US1CASB0004,20111016,PRCP,0,,,N,700
US1CASB0004,20111017,PRCP,0,,,N,700
US1CASB0004,20111018,PRCP,3,,,N,700
US1CASB0004,20111019,PRCP,3,,,N,700
US1CASB0004,20111020,PRCP,3,,,N,700
US1CASB0004,20111021,PRCP,3,,,N,700
US1CASB0004,20111022,PRCP,0,,,N,700
US1CASB0004,20111023,PRCP,0,,,N,700
US1CASB0004,20111024,PRCP,0,,,N,700
US1CASB0004,20111025,PRCP,0,,,N,700
US1CASB0004,20111026,PRCP,0,,,N,700
US1CASB0004,20111027,PRCP,0,,,N,700
US1CASB0004,20111028,PRCP,0,,,N,700
US1CASB0004,20111029,PRCP,0,,,N,700
US1CASB0004,20111030,PRCP,0,,,N,700
US1CASB0004,20111031,PRCP,0,,,N,700
US1CASB0004,20111001,SNOW,0,,,N,700
US1CASB0004,20111002,SNOW,0,,,N,700
US1CASB0004,20111003,SNOW,0,,,N,700
US1CASB0004,20111006,SNOW,0,,,N,700
US1CASB0004,20111007,SNOW,0,,,N,700
US1CASB0004,20111008,SNOW,0,,,N,700
US1CASB0004,20111009,SNOW,0,,,N,700
US1CASB0004,20111010,SNOW,0,,,N,700
US1CASB0004,20111011,SNOW,0,,,N,700
US1CASB0004,20111012,SNOW,0,,,N,700
US1CASB0004,20111013,SNOW,0,,,N,700
US1CASB0004,20111014,SNOW,0,,,N,700
US1CASB0004,20111015,SNOW,0,,,N,700
US1CASB0004,20111016,SNOW,0,,,N,700
US1CASB0004,20111017,SNOW,0,,,N,700
US1CASB0004,20111022,SNOW,0,,,N,700
US1CASB0004,20111023,SNOW,0,,,N,700
US1CASB0004,20111024,SNOW,0,,,N,700
US1CASB0004,20111025,SNOW,0,,,N,700
US1CASB0004,20111026,SNOW,0,,,N,700
US1CASB0004,20111027,SNOW,0,,,N,700
US1CASB0004,20111028,SNOW,0,,,N,700
US1CASB0004,20111029,SNOW,0,,,N,700
US1CASB0004,20111030,SNOW,0,,,N,700
US1CASB0004,20111031,SNOW,0,,,N,700
US1CASB0004,20111101,PRCP,0,,,N,700
US1CASB0004,20111102,PRCP,0,,,N,700
US1CASB0004,20111103,PRCP,0,,,N,700
US1CASB0004,20111104,PRCP,0,,,N,700
US1CASB0004,20111105,PRCP,0,,,N,700
US1CASB0004,20111106,PRCP,61,,,N,700
US1CASB0004,20111107,PRCP,0,,,N,700
US1CASB0004,20111108,PRCP,0,,,N,700
US1CASB0004,20111109,PRCP,0,,,N,700
US1CASB0004,20111110,PRCP,0,,,N,700
US1CASB0004,20111111,PRCP,0,,,N,700
US1CASB0004,20111112,PRCP,160,,,N,700
US1CASB0004,20111113,PRCP,0,,,N,700
US1CASB0004,20111114,PRCP,0,,,N,700
US1CASB0004,20111115,PRCP,0,,,N,700
US1CASB0004,20111116,PRCP,0,,,N,700
US1CASB0004,20111117,PRCP,0,,,N,700
US1CASB0004,20111118,PRCP,0,,,N,700
US1CASB0004,20111119,PRCP,0,,,N,700
US1CASB0004,20111120,PRCP,61,,,N,700
US1CASB0004,20111121,PRCP,229,,,N,700
US1CASB0004,20111122,PRCP,0,,,N,700
US1CASB0004,20111123,PRCP,0,,,N,700
US1CASB0004,20111124,PRCP,0,,,N,700
US1CASB0004,20111125,PRCP,0,,,N,700
US1CASB0004,20111126,PRCP,0,,,N,700
US1CASB0004,20111127,PRCP,0,,,N,700
US1CASB0004,20111128,PRCP,0,,,N,700
US1CASB0004,20111129,PRCP,0,,,N,700
US1CASB0004,20111130,PRCP,0,,,N,700
US1CASB0004,20111101,SNOW,0,,,N,700
US1CASB0004,20111102,SNOW,0,,,N,700
US1CASB0004,20111103,SNOW,0,,,N,700
US1CASB0004,20111104,SNOW,0,,,N,700
US1CASB0004,20111105,SNOW,0,,,N,700
US1CASB0004,20111107,SNOW,0,,,N,700
US1CASB0004,20111108,SNOW,0,,,N,700
US1CASB0004,20111109,SNOW,0,,,N,700
US1CASB0004,20111110,SNOW,0,,,N,700
US1CASB0004,20111111,SNOW,0,,,N,700
US1CASB0004,20111113,SNOW,0,,,N,700
US1CASB0004,20111114,SNOW,0,,,N,700
US1CASB0004,20111115,SNOW,0,,,N,700
US1CASB0004,20111116,SNOW,0,,,N,700
US1CASB0004,20111117,SNOW,0,,,N,700
US1CASB0004,20111118,SNOW,0,,,N,700
US1CASB0004,20111119,SNOW,0,,,N,700
US1CASB0004,20111122,SNOW,0,,,N,700
US1CASB0004,20111123,SNOW,0,,,N,700
US1CASB0004,20111124,SNOW,0,,,N,700
US1CASB0004,20111125,SNOW,0,,,N,700
US1CASB0004,20111126,SNOW,0,,,N,700
US1CASB0004,20111127,SNOW,0,,,N,700
US1CASB0004,20111128,SNOW,0,,,N,700
US1CASB0004,20111129,SNOW,0,,,N,700
US1CASB0004,20111130,SNOW,0,,,N,700
US1CASB0004,20111201,PRCP,0,,,N,700
US1CASB0004,20111202,PRCP,0,,,N,700
US1CASB0004,20111203,PRCP,0,,,N,700
US1CASB0004,20111204,PRCP,0,,,N,700
US1CASB0004,20111205,PRCP,0,,,N,700
US1CASB0004,20111206,PRCP,0,,,N,700
US1CASB0004,20111207,PRCP,0,,,N,700
US1CASB0004,20111208,PRCP,0,,,N,700
US1CASB0004,20111209,PRCP,0,,,N,700
US1CASB0004,20111210,PRCP,0,,,N,700
US1CASB0004,20111211,PRCP,0,,,N,700
US1CASB0004,20111212,PRCP,94,,,N,700
US1CASB0004,20111213,PRCP,41,,,N,700
US1CASB0004,20111214,PRCP,0,,,N,700
US1CASB0004,20111215,PRCP,0,,,N,700
US1CASB0004,20111216,PRCP,0,,,N,700
US1CASB0004,20111217,PRCP,0,,,N,700
US1CASB0004,20111218,PRCP,0,,,N,700
US1CASB0004,20111219,PRCP,0,,,N,700
US1CASB0004,20111220,PRCP,0,,,N,700
US1CASB0004,20111221,PRCP,0,,,N,700
US1CASB0004,20111222,PRCP,0,,,N,700
US1CASB0004,20111223,PRCP,0,,,N,700
US1CASB0004,20111224,PRCP,0,,,N,700
US1CASB0004,20111225,PRCP,0,,,N,700
US1CASB0004,20111226,PRCP,0,,,N,700
US1CASB0004,20111227,PRCP,0,,,N,700
US1CASB0004,20111228,PRCP,0,,,N,700
US1CASB0004,20111229,PRCP,0,,,N,700
US1CASB0004,20111230,PRCP,0,,,N,700
US1CASB0004,20111231,PRCP,0,,,N,700
US1CASB0004,20111201,SNOW,0,,,N,700
US1CASB0004,20111202,SNOW,0,,,N,700
US1CASB0004,20111203,SNOW,0,,,N,700
US1CASB0004,20111204,SNOW,0,,,N,700
US1CASB0004,20111205,SNOW,0,,,N,700
US1CASB0004,20111206,SNOW,0,,,N,700
US1CASB0004,20111207,SNOW,0,,,N,700
US1CASB0004,20111208,SNOW,0,,,N,700
US1CASB0004,20111209,SNOW,0,,,N,700
US1CASB0004,20111210,SNOW,0,,,N,700
US1CASB0004,20111211,SNOW,0,,,N,700
US1CASB0004,20111214,SNOW,0,,,N,700
US1CASB0004,20111215,SNOW,0,,,N,700
US1CASB0004,20111216,SNOW,0,,,N,700
US1CASB0004,20111217,SNOW,0,,,N,700
US1CASB0004,20111218,SNOW,0,,,N,700
US1CASB0004,20111219,SNOW,0,,,N,700
US1CASB0004,20111220,SNOW,0,,,N,700
US1CASB0004,20111221,SNOW,0,,,N,700
US1CASB0004,20111222,SNOW,0,,,N,700
US1CASB0004,20111223,SNOW,0,,,N,700
US1CASB0004,20111224,SNOW,0,,,N,700
US1CASB0004,20111225,SNOW,0,,,N,700
US1CASB0004,20111226,SNOW,0,,,N,700
US1CASB0004,20111227,SNOW,0,,,N,700
US1CASB0004,20111228,SNOW,0,,,N,700
US1CASB0004,20111229,SNOW,0,,,N,700
US1CASB0004,20111230,SNOW,0,,,N,700
US1CASB0004,20111231,SNOW,0,,,N,700
US1CASB0004,20120101,PRCP,0,,,N,700
US1CASB0004,20120102,PRCP,0,,,N,700
US1CASB0004,20120103,PRCP,0,,,N,700
US1CASB0004,20120104,PRCP,0,,,N,700
US1CASB0004,20120105,PRCP,0,,,N,700
US1CASB0004,20120106,PRCP,0,,,N,700
US1CASB0004,20120107,PRCP,0,,,N,700
US1CASB0004,20120108,PRCP,0,,,N,700
US1CASB0004,20120109,PRCP,0,,,N,700
US1CASB0004,20120110,PRCP,0,,,N,700
US1CASB0004,20120111,PRCP,0,,,N,700
US1CASB0004,20120112,PRCP,0,,,N,700
US1CASB0004,20120113,PRCP,0,,,N,700
US1CASB0004,20120114,PRCP,0,,,N,700
US1CASB0004,20120115,PRCP,0,,,N,700
US1CASB0004,20120116,PRCP,0,,,N,700
US1CASB0004,20120117,PRCP,0,,,N,700
US1CASB0004,20120118,PRCP,0,,,N,700
US1CASB0004,20120119,PRCP,0,,,N,700
US1CASB0004,20120120,PRCP,0,,,N,700
US1CASB0004,20120121,PRCP,269,,,N,700
US1CASB0004,20120122,PRCP,0,,,N,700
US1CASB0004,20120123,PRCP,66,,,N,700
US1CASB0004,20120124,PRCP,0,,,N,700
US1CASB0004,20120125,PRCP,0,,,N,700
US1CASB0004,20120126,PRCP,0,,,N,700
US1CASB0004,20120127,PRCP,0,,,N,700
US1CASB0004,20120128,PRCP,0,,,N,700
US1CASB0004,20120129,PRCP,0,,,N,700
US1CASB0004,20120101,SNOW,0,,,N,700
US1CASB0004,20120102,SNOW,0,,,N,700
US1CASB0004,20120103,SNOW,0,,,N,700
US1CASB0004,20120104,SNOW,0,,,N,700
US1CASB0004,20120105,SNOW,0,,,N,700
US1CASB0004,20120106,SNOW,0,,,N,700
US1CASB0004,20120107,SNOW,0,,,N,700
US1CASB0004,20120108,SNOW,0,,,N,700
US1CASB0004,20120109,SNOW,0,,,N,700
US1CASB0004,20120110,SNOW,0,,,N,700
US1CASB0004,20120111,SNOW,0,,,N,700
US1CASB0004,20120112,SNOW,0,,,N,700
US1CASB0004,20120113,SNOW,0,,,N,700
US1CASB0004,20120114,SNOW,0,,,N,700
US1CASB0004,20120115,SNOW,0,,,N,700
US1CASB0004,20120116,SNOW,0,,,N,700
US1CASB0004,20120117,SNOW,0,,,N,700
US1CASB0004,20120118,SNOW,0,,,N,700
US1CASB0004,20120119,SNOW,0,,,N,700
US1CASB0004,20120120,SNOW,0,,,N,700
US1CASB0004,20120122,SNOW,0,,,N,700
US1CASB0004,20120124,SNOW,0,,,N,700
US1CASB0004,20120125,SNOW,0,,,N,700
US1CASB0004,20120126,SNOW,0,,,N,700
US1CASB0004,20120127,SNOW,0,,,N,700
US1CASB0004,20120128,SNOW,0,,,N,700
US1CASB0004,20120129,SNOW,0,,,N,700
US1CASB0004,20120201,PRCP,0,,,N,700
US1CASB0004,20120202,PRCP,0,,,N,700
US1CASB0004,20120203,PRCP,0,,,N,700
US1CASB0004,20120204,PRCP,0,,,N,700
US1CASB0004,20120205,PRCP,0,,,N,700
US1CASB0004,20120206,PRCP,0,,,N,700
US1CASB0004,20120207,PRCP,0,T,,N,700
US1CASB0004,20120208,PRCP,0,,,N,700
US1CASB0004,20120209,PRCP,0,,,N,700
US1CASB0004,20120210,PRCP,0,,,N,700
US1CASB0004,20120211,PRCP,0,,,N,700
US1CASB0004,20120212,PRCP,0,,,N,700
US1CASB0004,20120213,PRCP,0,,,N,700
US1CASB0004,20120214,PRCP,0,T,,N,700
US1CASB0004,20120215,PRCP,0,,,N,700
US1CASB0004,20120216,PRCP,10,,,N,700
US1CASB0004,20120217,PRCP,0,,,N,700
US1CASB0004,20120218,PRCP,0,,,N,700
US1CASB0004,20120219,PRCP,0,,,N,700
US1CASB0004,20120220,PRCP,0,,,N,700
US1CASB0004,20120221,PRCP,0,,,N,700
US1CASB0004,20120222,PRCP,0,,,N,700
US1CASB0004,20120223,PRCP,0,,,N,700
US1CASB0004,20120224,PRCP,0,,,N,700
US1CASB0004,20120225,PRCP,0,,,N,700
US1CASB0004,20120226,PRCP,0,,,N,700
US1CASB0004,20120227,PRCP,0,,,N,700
US1CASB0004,20120228,PRCP,0,T,,N,700
US1CASB0004,20120229,PRCP,0,,,N,700
US1CASB0004,20120201,SNOW,0,,,N,700
US1CASB0004,20120202,SNOW,0,,,N,700
US1CASB0004,20120203,SNOW,0,,,N,700
US1CASB0004,20120204,SNOW,0,,,N,700
US1CASB0004,20120205,SNOW,0,,,N,700
US1CASB0004,20120206,SNOW,0,,,N,700
US1CASB0004,20120208,SNOW,0,,,N,700
US1CASB0004,20120209,SNOW,0,,,N,700
US1CASB0004,20120210,SNOW,0,,,N,700
US1CASB0004,20120211,SNOW,0,,,N,700
US1CASB0004,20120212,SNOW,0,,,N,700
US1CASB0004,20120213,SNOW,0,,,N,700
US1CASB0004,20120215,SNOW,0,,,N,700
US1CASB0004,20120217,SNOW,0,,,N,700
US1CASB0004,20120218,SNOW,0,,,N,700
US1CASB0004,20120219,SNOW,0,,,N,700
US1CASB0004,20120220,SNOW,0,,,N,700
US1CASB0004,20120221,SNOW,0,,,N,700
US1CASB0004,20120222,SNOW,0,,,N,700
US1CASB0004,20120223,SNOW,0,,,N,700
US1CASB0004,20120224,SNOW,0,,,N,700
US1CASB0004,20120225,SNOW,0,,,N,700
US1CASB0004,20120226,SNOW,0,,,N,700
US1CASB0004,20120227,SNOW,0,,,N,700
US1CASB0004,20120229,SNOW,0,,,N,700
US1CASB0004,20120301,PRCP,0,,,N,700
US1CASB0004,20120302,PRCP,0,,,N,700
US1CASB0004,20120303,PRCP,0,,,N,700
US1CASB0004,20120304,PRCP,0,,,N,700
US1CASB0004,20120305,PRCP,0,,,N,700
US1CASB0004,20120306,PRCP,0,,,N,700
US1CASB0004,20120307,PRCP,0,,,N,700
US1CASB0004,20120308,PRCP,0,,,N,700
US1CASB0004,20120309,PRCP,0,,,N,700
US1CASB0004,20120310,PRCP,0,,,N,700
US1CASB0004,20120311,PRCP,0,,,N,700
US1CASB0004,20120312,PRCP,0,,,N,700
US1CASB0004,20120313,PRCP,0,,,N,700
US1CASB0004,20120314,PRCP,0,,,N,700
US1CASB0004,20120315,PRCP,0,,,N,700
US1CASB0004,20120316,PRCP,0,,,N,700
US1CASB0004,20120317,PRCP,323,,,N,700
US1CASB0004,20120318,PRCP,140,,,N,700
US1CASB0004,20120319,PRCP,0,,,N,700
US1CASB0004,20120320,PRCP,0,,,N,700
US1CASB0004,20120321,PRCP,0,,,N,700
US1CASB0004,20120322,PRCP,0,,,N,700
US1CASB0004,20120323,PRCP,0,,,N,700
US1CASB0004,20120324,PRCP,0,,,N,700
US1CASB0004,20120325,PRCP,97,,L,N,700
US1CASB0004,20120326,PRCP,173,,L,N,700
US1CASB0004,20120327,PRCP,8,,L,N,700
US1CASB0004,20120328,PRCP,5,,,N,700
US1CASB0004,20120329,PRCP,3,,,N,700
US1CASB0004,20120330,PRCP,0,,,N,700
US1CASB0004,20120331,PRCP,0,T,,N,700
US1CASB0004,20120301,SNOW,0,,,N,700
US1CASB0004,20120302,SNOW,0,,,N,700
US1CASB0004,20120303,SNOW,0,,,N,700
US1CASB0004,20120304,SNOW,0,,,N,700
US1CASB0004,20120305,SNOW,0,,,N,700
US1CASB0004,20120306,SNOW,0,,,N,700
US1CASB0004,20120307,SNOW,0,,,N,700
US1CASB0004,20120308,SNOW,0,,,N,700
US1CASB0004,20120309,SNOW,0,,,N,700
US1CASB0004,20120310,SNOW,0,,,N,700
US1CASB0004,20120311,SNOW,0,,,N,700
US1CASB0004,20120312,SNOW,0,,,N,700
US1CASB0004,20120313,SNOW,0,,,N,700
US1CASB0004,20120314,SNOW,0,,,N,700
US1CASB0004,20120315,SNOW,0,,,N,700
US1CASB0004,20120316,SNOW,0,,,N,700
US1CASB0004,20120319,SNOW,0,,,N,700
US1CASB0004,20120320,SNOW,0,,,N,700
US1CASB0004,20120321,SNOW,0,,,N,700
US1CASB0004,20120322,SNOW,0,,,N,700
US1CASB0004,20120323,SNOW,0,,,N,700
US1CASB0004,20120324,SNOW,0,,,N,700
US1CASB0004,20120326,SNOW,0,,,N,700
US1CASB0004,20120327,SNOW,0,,,N,700
US1CASB0004,20120328,SNOW,0,,,N,700
US1CASB0004,20120329,SNOW,0,,,N,700
US1CASB0004,20120330,SNOW,0,,,N,700
US1CASB0004,20120327,DAPR,3,,L,N,1000
US1CASB0004,20120327,MDPR,277,,L,N,1000
US1CASB0004,20120401,PRCP,79,,,N,700
US1CASB0004,20120402,PRCP,0,,,N,700
US1CASB0004,20120403,PRCP,0,,,N,700
US1CASB0004,20120404,PRCP,0,,,N,700
US1CASB0004,20120405,PRCP,0,,,N,700
US1CASB0004,20120406,PRCP,0,,,N,700
US1CASB0004,20120407,PRCP,0,,,N,700
US1CASB0004,20120408,PRCP,0,,,N,700
US1CASB0004,20120409,PRCP,0,,,N,700
US1CASB0004,20120410,PRCP,0,,,N,700
US1CASB0004,20120411,PRCP,239,,,N,700
US1CASB0004,20120412,PRCP,66,,,N,700
US1CASB0004,20120413,PRCP,76,,,N,700
US1CASB0004,20120414,PRCP,234,,,N,700
US1CASB0004,20120415,PRCP,0,,,N,700
US1CASB0004,20120416,PRCP,0,,,N,700
US1CASB0004,20120417,PRCP,0,,,N,700
US1CASB0004,20120418,PRCP,0,,,N,700
US1CASB0004,20120419,PRCP,0,,,N,700
US1CASB0004,20120420,PRCP,0,,,N,700
US1CASB0004,20120421,PRCP,0,,,N,700
US1CASB0004,20120422,PRCP,0,,,N,700
US1CASB0004,20120423,PRCP,23,,,N,700
US1CASB0004,20120424,PRCP,0,,,N,700
US1CASB0004,20120425,PRCP,33,,,N,700
US1CASB0004,20120426,PRCP,36,,,N,700
US1CASB0004,20120427,PRCP,0,,,N,700
US1CASB0004,20120428,PRCP,0,,,N,700
US1CASB0004,20120429,PRCP,0,,,N,700
US1CASB0004,20120430,PRCP,5,,,N,700
US1CASB0004,20120402,SNOW,0,,,N,700
US1CASB0004,20120403,SNOW,0,,,N,700
US1CASB0004,20120404,SNOW,0,,,N,700
US1CASB0004,20120405,SNOW,0,,,N,700
US1CASB0004,20120406,SNOW,0,,,N,700
US1CASB0004,20120407,SNOW,0,,,N,700
US1CASB0004,20120408,SNOW,0,,,N,700
US1CASB0004,20120409,SNOW,0,,,N,700
US1CASB0004,20120410,SNOW,0,,,N,700
US1CASB0004,20120415,SNOW,0,,,N,700
US1CASB0004,20120416,SNOW,0,,,N,700
US1CASB0004,20120417,SNOW,0,,,N,700
US1CASB0004,20120418,SNOW,0,,,N,700
US1CASB0004,20120419,SNOW,0,,,N,700
US1CASB0004,20120420,SNOW,0,,,N,700
US1CASB0004,20120421,SNOW,0,,,N,700
US1CASB0004,20120422,SNOW,0,,,N,700
US1CASB0004,20120424,SNOW,0,,,N,700
US1CASB0004,20120427,SNOW,0,,,N,700
US1CASB0004,20120428,SNOW,0,,,N,700
US1CASB0004,20120429,SNOW,0,,,N,700
US1CASB0004,20120501,PRCP,0,,,N,700
US1CASB0004,20120502,PRCP,0,,,N,700
US1CASB0004,20120503,PRCP,0,,,N,700
US1CASB0004,20120504,PRCP,0,,,N,700
US1CASB0004,20120505,PRCP,0,,,N,700
US1CASB0004,20120506,PRCP,0,,,N,700
US1CASB0004,20120507,PRCP,0,,,N,700
US1CASB0004,20120508,PRCP,0,,,N,700
US1CASB0004,20120509,PRCP,0,,,N,700
US1CASB0004,20120510,PRCP,0,,,N,700
US1CASB0004,20120511,PRCP,0,,,N,700
US1CASB0004,20120512,PRCP,0,,,N,700
US1CASB0004,20120513,PRCP,0,,,N,700
US1CASB0004,20120514,PRCP,0,,,N,700
US1CASB0004,20120515,PRCP,0,,,N,700
US1CASB0004,20120516,PRCP,0,,,N,700
US1CASB0004,20120517,PRCP,0,,,N,700
US1CASB0004,20120518,PRCP,0,,,N,700
US1CASB0004,20120519,PRCP,0,,,N,700
US1CASB0004,20120520,PRCP,0,,,N,700
US1CASB0004,20120521,PRCP,0,,,N,700
US1CASB0004,20120522,PRCP,0,,,N,700
US1CASB0004,20120523,PRCP,0,,,N,700
US1CASB0004,20120524,PRCP,0,,,N,700
US1CASB0004,20120525,PRCP,0,,,N,700
US1CASB0004,20120526,PRCP,0,,,N,700
US1CASB0004,20120527,PRCP,0,,,N,700
US1CASB0004,20120528,PRCP,0,,,N,700
US1CASB0004,20120529,PRCP,0,,,N,700
US1CASB0004,20120530,PRCP,0,,,N,700
US1CASB0004,20120531,PRCP,0,,,N,700
US1CASB0004,20120501,SNOW,0,,,N,700
US1CASB0004,20120502,SNOW,0,,,N,700
US1CASB0004,20120503,SNOW,0,,,N,700
US1CASB0004,20120504,SNOW,0,,,N,700
US1CASB0004,20120505,SNOW,0,,,N,700
US1CASB0004,20120506,SNOW,0,,,N,700
US1CASB0004,20120507,SNOW,0,,,N,700
US1CASB0004,20120508,SNOW,0,,,N,700
US1CASB0004,20120509,SNOW,0,,,N,700
US1CASB0004,20120510,SNOW,0,,,N,700
US1CASB0004,20120511,SNOW,0,,,N,700
US1CASB0004,20120512,SNOW,0,,,N,700
US1CASB0004,20120513,SNOW,0,,,N,700
US1CASB0004,20120514,SNOW,0,,,N,700
US1CASB0004,20120515,SNOW,0,,,N,700
US1CASB0004,20120516,SNOW,0,,,N,700
US1CASB0004,20120517,SNOW,0,,,N,700
US1CASB0004,20120518,SNOW,0,,,N,700
US1CASB0004,20120519,SNOW,0,,,N,700
US1CASB0004,20120520,SNOW,0,,,N,700
US1CASB0004,20120521,SNOW,0,,,N,700
US1CASB0004,20120522,SNOW,0,,,N,700
US1CASB0004,20120523,SNOW,0,,,N,700
US1CASB0004,20120524,SNOW,0,,,N,700
US1CASB0004,20120525,SNOW,0,,,N,700
US1CASB0004,20120526,SNOW,0,,,N,700
US1CASB0004,20120527,SNOW,0,,,N,700
US1CASB0004,20120528,SNOW,0,,,N,700
US1CASB0004,20120529,SNOW,0,,,N,700
US1CASB0004,20120530,SNOW,0,,,N,700
US1CASB0004,20120531,SNOW,0,,,N,700
US1CASB0004,20120601,PRCP,0,,,N,700
US1CASB0004,20120602,PRCP,0,,,N,700
US1CASB0004,20120603,PRCP,0,,,N,700
US1CASB0004,20120604,PRCP,0,,,N,700
US1CASB0004,20120605,PRCP,0,,,N,700
US1CASB0004,20120606,PRCP,0,,,N,700
US1CASB0004,20120607,PRCP,0,,,N,700
US1CASB0004,20120608,PRCP,0,,,N,700
US1CASB0004,20120609,PRCP,0,,,N,700
US1CASB0004,20120610,PRCP,0,,,N,700
US1CASB0004,20120611,PRCP,0,,,N,700
US1CASB0004,20120612,PRCP,0,,,N,700
US1CASB0004,20120613,PRCP,0,,,N,700
US1CASB0004,20120614,PRCP,0,,,N,700
US1CASB0004,20120615,PRCP,0,,,N,700
US1CASB0004,20120616,PRCP,0,,,N,700
US1CASB0004,20120617,PRCP,0,,,N,700
US1CASB0004,20120618,PRCP,0,,,N,700
US1CASB0004,20120619,PRCP,0,,,N,700
US1CASB0004,20120620,PRCP,0,,,N,700
US1CASB0004,20120621,PRCP,0,,,N,700
US1CASB0004,20120622,PRCP,0,,,N,700
US1CASB0004,20120623,PRCP,0,,,N,700
US1CASB0004,20120624,PRCP,0,,,N,700
US1CASB0004,20120625,PRCP,0,,,N,700
US1CASB0004,20120626,PRCP,0,,,N,700
US1CASB0004,20120627,PRCP,0,,,N,700
US1CASB0004,20120628,PRCP,0,,,N,700
US1CASB0004,20120629,PRCP,0,,,N,700
US1CASB0004,20120630,PRCP,0,,,N,700
US1CASB0004,20120601,SNOW,0,,,N,700
US1CASB0004,20120602,SNOW,0,,,N,700
US1CASB0004,20120603,SNOW,0,,,N,700
US1CASB0004,20120604,SNOW,0,,,N,700
US1CASB0004,20120605,SNOW,0,,,N,700
US1CASB0004,20120606,SNOW,0,,,N,700
US1CASB0004,20120607,SNOW,0,,,N,700
US1CASB0004,20120608,SNOW,0,,,N,700
US1CASB0004,20120609,SNOW,0,,,N,700
US1CASB0004,20120610,SNOW,0,,,N,700
US1CASB0004,20120611,SNOW,0,,,N,700
US1CASB0004,20120612,SNOW,0,,,N,700
US1CASB0004,20120613,SNOW,0,,,N,700
US1CASB0004,20120614,SNOW,0,,,N,700
US1CASB0004,20120615,SNOW,0,,,N,700
US1CASB0004,20120616,SNOW,0,,,N,700
US1CASB0004,20120617,SNOW,0,,,N,700
US1CASB0004,20120618,SNOW,0,,,N,700
US1CASB0004,20120619,SNOW,0,,,N,700
US1CASB0004,20120620,SNOW,0,,,N,700
US1CASB0004,20120621,SNOW,0,,,N,700
US1CASB0004,20120622,SNOW,0,,,N,700
US1CASB0004,20120623,SNOW,0,,,N,700
US1CASB0004,20120624,SNOW,0,,,N,700
US1CASB0004,20120625,SNOW,0,,,N,700
US1CASB0004,20120626,SNOW,0,,,N,700
US1CASB0004,20120627,SNOW,0,,,N,700
US1CASB0004,20120628,SNOW,0,,,N,700
US1CASB0004,20120629,SNOW,0,,,N,700
US1CASB0004,20120630,SNOW,0,,,N,700
US1CASB0004,20120701,PRCP,0,,,N,700
US1CASB0004,20120702,PRCP,0,,,N,700
US1CASB0004,20120703,PRCP,0,,,N,700
US1CASB0004,20120704,PRCP,0,,,N,700
US1CASB0004,20120705,PRCP,0,,,N,700
US1CASB0004,20120706,PRCP,0,,,N,700
US1CASB0004,20120707,PRCP,0,,,N,700
US1CASB0004,20120708,PRCP,0,,,N,700
US1CASB0004,20120709,PRCP,0,,,N,700
US1CASB0004,20120710,PRCP,0,,,N,700
US1CASB0004,20120711,PRCP,0,,,N,700
US1CASB0004,20120712,PRCP,0,,,N,700
US1CASB0004,20120713,PRCP,0,,,N,700
US1CASB0004,20120714,PRCP,0,,,N,700
US1CASB0004,20120715,PRCP,0,,,N,700
US1CASB0004,20120716,PRCP,0,,,N,700
US1CASB0004,20120717,PRCP,0,,,N,700
US1CASB0004,20120718,PRCP,0,,,N,700
US1CASB0004,20120719,PRCP,0,,,N,700
US1CASB0004,20120720,PRCP,0,,,N,700
US1CASB0004,20120721,PRCP,0,,,N,700
US1CASB0004,20120722,PRCP,0,,,N,700
US1CASB0004,20120723,PRCP,0,,,N,700
US1CASB0004,20120724,PRCP,0,,,N,700
US1CASB0004,20120725,PRCP,0,,,N,700
US1CASB0004,20120726,PRCP,0,,,N,700
US1CASB0004,20120727,PRCP,0,,,N,700
US1CASB0004,20120728,PRCP,0,,,N,700
US1CASB0004,20120729,PRCP,0,,,N,700
US1CASB0004,20120730,PRCP,0,,,N,700
US1CASB0004,20120731,PRCP,0,,,N,700
US1CASB0004,20120701,SNOW,0,,,N,700
US1CASB0004,20120702,SNOW,0,,,N,700
US1CASB0004,20120703,SNOW,0,,,N,700
US1CASB0004,20120704,SNOW,0,,,N,700
US1CASB0004,20120705,SNOW,0,,,N,700
US1CASB0004,20120706,SNOW,0,,,N,700
US1CASB0004,20120707,SNOW,0,,,N,700
US1CASB0004,20120708,SNOW,0,,,N,700
US1CASB0004,20120709,SNOW,0,,,N,700
US1CASB0004,20120710,SNOW,0,,,N,700
US1CASB0004,20120711,SNOW,0,,,N,700
US1CASB0004,20120712,SNOW,0,,,N,700
US1CASB0004,20120713,SNOW,0,,,N,700
US1CASB0004,20120714,SNOW,0,,,N,700
US1CASB0004,20120715,SNOW,0,,,N,700
US1CASB0004,20120716,SNOW,0,,,N,700
US1CASB0004,20120717,SNOW,0,,,N,700
US1CASB0004,20120718,SNOW,0,,,N,700
US1CASB0004,20120719,SNOW,0,,,N,700
US1CASB0004,20120720,SNOW,0,,,N,700
US1CASB0004,20120721,SNOW,0,,,N,700
US1CASB0004,20120722,SNOW,0,,,N,700
US1CASB0004,20120723,SNOW,0,,,N,700
US1CASB0004,20120724,SNOW,0,,,N,700
US1CASB0004,20120725,SNOW,0,,,N,700
US1CASB0004,20120726,SNOW,0,,,N,700
US1CASB0004,20120727,SNOW,0,,,N,700
US1CASB0004,20120728,SNOW,0,,,N,700
US1CASB0004,20120729,SNOW,0,,,N,700
US1CASB0004,20120730,SNOW,0,,,N,700
US1CASB0004,20120731,SNOW,0,,,N,700
US1CASB0004,20120801,PRCP,0,,,N,700
US1CASB0004,20120802,PRCP,0,,,N,700
US1CASB0004,20120803,PRCP,0,,,N,700
US1CASB0004,20120804,PRCP,5,,,N,700
US1CASB0004,20120805,PRCP,3,,,N,700
US1CASB0004,20120806,PRCP,0,,,N,700
US1CASB0004,20120807,PRCP,0,,,N,700
US1CASB0004,20120808,PRCP,0,,,N,700
US1CASB0004,20120809,PRCP,0,,,N,700
US1CASB0004,20120810,PRCP,0,,,N,700
US1CASB0004,20120811,PRCP,0,,,N,700
US1CASB0004,20120812,PRCP,0,,,N,700
US1CASB0004,20120813,PRCP,0,,,N,700
US1CASB0004,20120814,PRCP,0,,,N,700
US1CASB0004,20120815,PRCP,0,,,N,700
US1CASB0004,20120816,PRCP,0,,,N,700
US1CASB0004,20120817,PRCP,0,,,N,700
US1CASB0004,20120818,PRCP,0,,,N,700
US1CASB0004,20120819,PRCP,0,,,N,700
US1CASB0004,20120820,PRCP,0,,,N,700
US1CASB0004,20120821,PRCP,0,,,N,700
US1CASB0004,20120822,PRCP,0,,,N,700
US1CASB0004,20120823,PRCP,0,,,N,700
US1CASB0004,20120824,PRCP,0,,,N,700
US1CASB0004,20120825,PRCP,0,,,N,700
US1CASB0004,20120826,PRCP,0,,,N,700
US1CASB0004,20120827,PRCP,0,,,N,700
US1CASB0004,20120828,PRCP,0,,,N,700
US1CASB0004,20120829,PRCP,0,T,,N,700
US1CASB0004,20120830,PRCP,0,,,N,700
US1CASB0004,20120831,PRCP,0,,,N,700
US1CASB0004,20120801,SNOW,0,,,N,700
US1CASB0004,20120802,SNOW,0,,,N,700
US1CASB0004,20120803,SNOW,0,,,N,700
US1CASB0004,20120806,SNOW,0,,,N,700
US1CASB0004,20120807,SNOW,0,,,N,700
US1CASB0004,20120808,SNOW,0,,,N,700
US1CASB0004,20120809,SNOW,0,,,N,700
US1CASB0004,20120810,SNOW,0,,,N,700
US1CASB0004,20120811,SNOW,0,,,N,700
US1CASB0004,20120812,SNOW,0,,,N,700
US1CASB0004,20120813,SNOW,0,,,N,700
US1CASB0004,20120814,SNOW,0,,,N,700
US1CASB0004,20120815,SNOW,0,,,N,700
US1CASB0004,20120816,SNOW,0,,,N,700
US1CASB0004,20120817,SNOW,0,,,N,700
US1CASB0004,20120818,SNOW,0,,,N,700
US1CASB0004,20120819,SNOW,0,,,N,700
US1CASB0004,20120820,SNOW,0,,,N,700
US1CASB0004,20120821,SNOW,0,,,N,700
US1CASB0004,20120822,SNOW,0,,,N,700
US1CASB0004,20120823,SNOW,0,,,N,700
US1CASB0004,20120824,SNOW,0,,,N,700
US1CASB0004,20120825,SNOW,0,,,N,700
US1CASB0004,20120826,SNOW,0,,,N,700
US1CASB0004,20120827,SNOW,0,,,N,700
US1CASB0004,20120828,SNOW,0,,,N,700
US1CASB0004,20120830,SNOW,0,,,N,700
US1CASB0004,20120831,SNOW,0,,,N,700
US1CASB0004,20120901,PRCP,0,,,N,700
US1CASB0004,20120902,PRCP,0,,,N,700
US1CASB0004,20120903,PRCP,0,,,N,700
US1CASB0004,20120904,PRCP,0,,,N,700
US1CASB0004,20120905,PRCP,0,,,N,700
US1CASB0004,20120906,PRCP,5,,,N,700
US1CASB0004,20120907,PRCP,0,T,,N,700
US1CASB0004,20120908,PRCP,0,,,N,700
US1CASB0004,20120909,PRCP,0,,,N,700
US1CASB0004,20120910,PRCP,0,,,N,700
US1CASB0004,20120911,PRCP,0,,,N,700
US1CASB0004,20120912,PRCP,0,,,N,700
US1CASB0004,20120913,PRCP,0,,,N,700
US1CASB0004,20120914,PRCP,0,,,N,700
US1CASB0004,20120915,PRCP,0,,,N,700
US1CASB0004,20120916,PRCP,0,,,N,700
US1CASB0004,20120917,PRCP,0,,,N,700
US1CASB0004,20120918,PRCP,0,,,N,700
US1CASB0004,20120919,PRCP,0,,,N,700
US1CASB0004,20120920,PRCP,0,,,N,700
US1CASB0004,20120921,PRCP,0,,,N,700
US1CASB0004,20120922,PRCP,0,,,N,700
US1CASB0004,20120923,PRCP,0,,,N,700
US1CASB0004,20120924,PRCP,0,,,N,700
US1CASB0004,20120925,PRCP,0,,,N,700
US1CASB0004,20120926,PRCP,0,,,N,700
US1CASB0004,20120927,PRCP,0,,,N,700
US1CASB0004,20120928,PRCP,0,,,N,700
US1CASB0004,20120929,PRCP,0,,,N,700
US1CASB0004,20120930,PRCP,0,,,N,700
US1CASB0004,20120901,SNOW,0,,,N,700
US1CASB0004,20120902,SNOW,0,,,N,700
US1CASB0004,20120903,SNOW,0,,,N,700
US1CASB0004,20120904,SNOW,0,,,N,700
US1CASB0004,20120905,SNOW,0,,,N,700
US1CASB0004,20120908,SNOW,0,,,N,700
US1CASB0004,20120909,SNOW,0,,,N,700
US1CASB0004,20120910,SNOW,0,,,N,700
US1CASB0004,20120911,SNOW,0,,,N,700
US1CASB0004,20120912,SNOW,0,,,N,700
US1CASB0004,20120913,SNOW,0,,,N,700
US1CASB0004,20120914,SNOW,0,,,N,700
US1CASB0004,20120915,SNOW,0,,,N,700
US1CASB0004,20120916,SNOW,0,,,N,700
US1CASB0004,20120917,SNOW,0,,,N,700
US1CASB0004,20120918,SNOW,0,,,N,700
US1CASB0004,20120919,SNOW,0,,,N,700
US1CASB0004,20120920,SNOW,0,,,N,700
US1CASB0004,20120921,SNOW,0,,,N,700
US1CASB0004,20120922,SNOW,0,,,N,700
US1CASB0004,20120923,SNOW,0,,,N,700
US1CASB0004,20120924,SNOW,0,,,N,700
US1CASB0004,20120925,SNOW,0,,,N,700
US1CASB0004,20120926,SNOW,0,,,N,700
US1CASB0004,20120927,SNOW,0,,,N,700
US1CASB0004,20120928,SNOW,0,,,N,700
US1CASB0004,20120929,SNOW,0,,,N,700
US1CASB0004,20120930,SNOW,0,,,N,700
US1CASB0004,20121001,PRCP,0,,,N,700
US1CASB0004,20121002,PRCP,0,,,N,700
US1CASB0004,20121003,PRCP,0,,,N,700
US1CASB0004,20121004,PRCP,0,,,N,700
US1CASB0004,20121005,PRCP,0,,,N,700
US1CASB0004,20121006,PRCP,0,,,N,700
US1CASB0004,20121007,PRCP,0,,,N,700
US1CASB0004,20121008,PRCP,0,,,N,700
US1CASB0004,20121009,PRCP,0,,,N,700
US1CASB0004,20121010,PRCP,3,,,N,700
US1CASB0004,20121011,PRCP,20,,,N,700
US1CASB0004,20121012,PRCP,0,,,N,700
US1CASB0004,20121013,PRCP,0,,,N,700
US1CASB0004,20121014,PRCP,0,,,N,700
US1CASB0004,20121015,PRCP,0,,,N,700
US1CASB0004,20121016,PRCP,0,,,N,700
US1CASB0004,20121017,PRCP,0,,,N,700
US1CASB0004,20121018,PRCP,0,,,N,700
US1CASB0004,20121019,PRCP,0,,,N,700
US1CASB0004,20121020,PRCP,13,,,N,700
US1CASB0004,20121021,PRCP,8,,,N,700
US1CASB0004,20121022,PRCP,0,,,N,700
US1CASB0004,20121023,PRCP,0,,,N,700
US1CASB0004,20121024,PRCP,0,,,N,700
US1CASB0004,20121025,PRCP,0,,,N,700
US1CASB0004,20121026,PRCP,0,,,N,700
US1CASB0004,20121027,PRCP,0,,,N,700
US1CASB0004,20121028,PRCP,0,,,N,700
US1CASB0004,20121029,PRCP,0,,,N,700
US1CASB0004,20121030,PRCP,0,,,N,700
US1CASB0004,20121031,PRCP,0,,,N,700
US1CASB0004,20121001,SNOW,0,,,N,700
US1CASB0004,20121002,SNOW,0,,,N,700
US1CASB0004,20121003,SNOW,0,,,N,700
US1CASB0004,20121004,SNOW,0,,,N,700
US1CASB0004,20121005,SNOW,0,,,N,700
US1CASB0004,20121006,SNOW,0,,,N,700
US1CASB0004,20121007,SNOW,0,,,N,700
US1CASB0004,20121008,SNOW,0,,,N,700
US1CASB0004,20121009,SNOW,0,,,N,700
US1CASB0004,20121012,SNOW,0,,,N,700
US1CASB0004,20121013,SNOW,0,,,N,700
US1CASB0004,20121014,SNOW,0,,,N,700
US1CASB0004,20121015,SNOW,0,,,N,700
US1CASB0004,20121016,SNOW,0,,,N,700
US1CASB0004,20121017,SNOW,0,,,N,700
US1CASB0004,20121018,SNOW,0,,,N,700
US1CASB0004,20121019,SNOW,0,,,N,700
US1CASB0004,20121022,SNOW,0,,,N,700
US1CASB0004,20121023,SNOW,0,,,N,700
US1CASB0004,20121024,SNOW,0,,,N,700
US1CASB0004,20121025,SNOW,0,,,N,700
US1CASB0004,20121026,SNOW,0,,,N,700
US1CASB0004,20121027,SNOW,0,,,N,700
US1CASB0004,20121028,SNOW,0,,,N,700
US1CASB0004,20121029,SNOW,0,,,N,700
US1CASB0004,20121030,SNOW,0,,,N,700
US1CASB0004,20121031,SNOW,0,,,N,700
US1CASB0004,20121101,PRCP,0,,,N,700
US1CASB0004,20121102,PRCP,0,,,N,700
US1CASB0004,20121103,PRCP,0,,,N,700
US1CASB0004,20121104,PRCP,0,,,N,700
US1CASB0004,20121105,PRCP,0,,,N,700
US1CASB0004,20121106,PRCP,0,,,N,700
US1CASB0004,20121107,PRCP,0,,,N,700
US1CASB0004,20121108,PRCP,0,T,,N,700
US1CASB0004,20121109,PRCP,5,,,N,700
US1CASB0004,20121110,PRCP,0,,,N,700
US1CASB0004,20121111,PRCP,0,,,N,700
US1CASB0004,20121112,PRCP,0,,,N,700
US1CASB0004,20121113,PRCP,0,,,N,700
US1CASB0004,20121114,PRCP,0,,,N,700
US1CASB0004,20121115,PRCP,0,,,N,700
US1CASB0004,20121116,PRCP,0,T,,N,700
US1CASB0004,20121117,PRCP,185,,,N,700
US1CASB0004,20121118,PRCP,229,,,N,700
US1CASB0004,20121119,PRCP,0,,,N,700
US1CASB0004,20121120,PRCP,0,,,N,700
US1CASB0004,20121121,PRCP,0,,,N,700
US1CASB0004,20121122,PRCP,0,,,N,700
US1CASB0004,20121123,PRCP,0,,,N,700
US1CASB0004,20121124,PRCP,0,,,N,700
US1CASB0004,20121125,PRCP,0,,,N,700
US1CASB0004,20121126,PRCP,0,,,N,700
US1CASB0004,20121127,PRCP,0,,,N,700
US1CASB0004,20121128,PRCP,0,,L,N,700
US1CASB0004,20121129,PRCP,193,,L,N,700
US1CASB0004,20121130,PRCP,117,,L,N,700
US1CASB0004,20121101,SNOW,0,,,N,700
US1CASB0004,20121102,SNOW,0,,,N,700
US1CASB0004,20121103,SNOW,0,,,N,700
US1CASB0004,20121104,SNOW,0,,,N,700
US1CASB0004,20121105,SNOW,0,,,N,700
US1CASB0004,20121106,SNOW,0,,,N,700
US1CASB0004,20121107,SNOW,0,,,N,700
US1CASB0004,20121110,SNOW,0,,,N,700
US1CASB0004,20121111,SNOW,0,,,N,700
US1CASB0004,20121112,SNOW,0,,,N,700
US1CASB0004,20121113,SNOW,0,,,N,700
US1CASB0004,20121114,SNOW,0,,,N,700
US1CASB0004,20121115,SNOW,0,,,N,700
US1CASB0004,20121119,SNOW,0,,,N,700
US1CASB0004,20121120,SNOW,0,,,N,700
US1CASB0004,20121121,SNOW,0,,,N,700
US1CASB0004,20121122,SNOW,0,,,N,700
US1CASB0004,20121123,SNOW,0,,,N,700
US1CASB0004,20121124,SNOW,0,,,N,700
US1CASB0004,20121125,SNOW,0,,,N,700
US1CASB0004,20121126,SNOW,0,,,N,700
US1CASB0004,20121127,SNOW,0,,,N,700
US1CASB0004,20121128,SNOW,0,,,N,700
US1CASB0004,20121201,PRCP,89,,L,N,700
US1CASB0004,20121202,PRCP,41,,L,N,700
US1CASB0004,20121203,PRCP,198,,L,N,700
US1CASB0004,20121204,PRCP,0,,,N,700
US1CASB0004,20121205,PRCP,0,,,N,700
US1CASB0004,20121206,PRCP,0,,,N,700
US1CASB0004,20121207,PRCP,0,,,N,700
US1CASB0004,20121208,PRCP,0,,,N,700
US1CASB0004,20121209,PRCP,5,,,N,700
US1CASB0004,20121210,PRCP,0,,,N,700
US1CASB0004,20121211,PRCP,0,,,N,700
US1CASB0004,20121212,PRCP,25,,,N,700
US1CASB0004,20121213,PRCP,3,,,N,700
US1CASB0004,20121214,PRCP,8,,,N,700
US1CASB0004,20121215,PRCP,0,,,N,700
US1CASB0004,20121216,PRCP,13,,,N,700
US1CASB0004,20121217,PRCP,38,,,N,700
US1CASB0004,20121218,PRCP,76,,,N,700
US1CASB0004,20121219,PRCP,0,,,N,700
US1CASB0004,20121220,PRCP,0,,,N,700
US1CASB0004,20121221,PRCP,0,,,N,700
US1CASB0004,20121222,PRCP,10,,,N,700
US1CASB0004,20121223,PRCP,28,,,N,700
US1CASB0004,20121224,PRCP,160,,,N,700
US1CASB0004,20121225,PRCP,0,,,N,700
US1CASB0004,20121226,PRCP,64,,,N,700
US1CASB0004,20121227,PRCP,0,,,N,700
US1CASB0004,20121228,PRCP,0,,,N,700
US1CASB0004,20121229,PRCP,33,,,N,700
US1CASB0004,20121230,PRCP,46,,,N,700
US1CASB0004,20121231,PRCP,0,,,N,700
US1CASB0004,20121204,SNOW,0,,,N,700
US1CASB0004,20121205,SNOW,0,,,N,700
US1CASB0004,20121206,SNOW,0,,,N,700
US1CASB0004,20121207,SNOW,0,,,N,700
US1CASB0004,20121208,SNOW,0,,,N,700
US1CASB0004,20121210,SNOW,0,,,N,700
US1CASB0004,20121211,SNOW,0,,,N,700
US1CASB0004,20121215,SNOW,0,,,N,700
US1CASB0004,20121219,SNOW,0,,,N,700
US1CASB0004,20121220,SNOW,0,,,N,700
US1CASB0004,20121221,SNOW,0,,,N,700
US1CASB0004,20121225,SNOW,0,,,N,700
US1CASB0004,20121227,SNOW,0,,,N,700
US1CASB0004,20121228,SNOW,0,,,N,700
US1CASB0004,20121231,SNOW,0,,,N,700
US1CASB0004,20121203,DAPR,6,,L,N,1700
US1CASB0004,20121203,MDPR,526,,L,N,1700
US1CASB0004,20130101,PRCP,0,,,N,700
US1CASB0004,20130102,PRCP,0,,,N,700
US1CASB0004,20130103,PRCP,0,,,N,700
US1CASB0004,20130104,PRCP,0,,,N,700
US1CASB0004,20130105,PRCP,0,,,N,700
US1CASB0004,20130106,PRCP,30,,,N,700
US1CASB0004,20130107,PRCP,0,,,N,700
US1CASB0004,20130108,PRCP,0,,,N,700
US1CASB0004,20130109,PRCP,0,,,N,700
US1CASB0004,20130110,PRCP,0,,,N,700
US1CASB0004,20130111,PRCP,0,,,N,700
US1CASB0004,20130112,PRCP,0,,,N,700
US1CASB0004,20130113,PRCP,0,,,N,700
US1CASB0004,20130114,PRCP,0,,,N,700
US1CASB0004,20130115,PRCP,0,,,N,700
US1CASB0004,20130116,PRCP,0,,,N,700
US1CASB0004,20130117,PRCP,0,,,N,700
US1CASB0004,20130118,PRCP,0,,,N,700
US1CASB0004,20130119,PRCP,0,,,N,700
US1CASB0004,20130120,PRCP,0,,,N,700
US1CASB0004,20130121,PRCP,0,,,N,700
US1CASB0004,20130101,SNOW,0,,,N,700
US1CASB0004,20130102,SNOW,0,,,N,700
US1CASB0004,20130103,SNOW,0,,,N,700
US1CASB0004,20130104,SNOW,0,,,N,700
US1CASB0004,20130105,SNOW,0,,,N,700
US1CASB0004,20130107,SNOW,0,,,N,700
US1CASB0004,20130108,SNOW,0,,,N,700
US1CASB0004,20130109,SNOW,0,,,N,700
US1CASB0004,20130110,SNOW,0,,,N,700
US1CASB0004,20130111,SNOW,0,,,N,700
US1CASB0004,20130112,SNOW,0,,,N,700
US1CASB0004,20130113,SNOW,0,,,N,700
US1CASB0004,20130114,SNOW,0,,,N,700
US1CASB0004,20130115,SNOW,0,,,N,700
US1CASB0004,20130116,SNOW,0,,,N,700
US1CASB0004,20130117,SNOW,0,,,N,700
US1CASB0004,20130118,SNOW,0,,,N,700
US1CASB0004,20130119,SNOW,0,,,N,700
US1CASB0004,20130120,SNOW,0,,,N,700
US1CASB0004,20130121,SNOW,0,,,N,700
US1CASB0004,20130201,PRCP,0,,,N,700
US1CASB0004,20130202,PRCP,0,,,N,700
US1CASB0004,20130203,PRCP,0,,,N,700
US1CASB0004,20130204,PRCP,0,,,N,700
US1CASB0004,20130205,PRCP,0,,,N,700
US1CASB0004,20130206,PRCP,0,,,N,700
US1CASB0004,20130207,PRCP,3,,,N,700
US1CASB0004,20130208,PRCP,5,,,N,700
US1CASB0004,20130209,PRCP,0,,,N,700
US1CASB0004,20130210,PRCP,0,,,N,700
US1CASB0004,20130211,PRCP,0,,,N,700
US1CASB0004,20130212,PRCP,0,,,N,700
US1CASB0004,20130213,PRCP,0,,,N,700
US1CASB0004,20130214,PRCP,0,,,N,700
US1CASB0004,20130215,PRCP,0,,,N,700
US1CASB0004,20130216,PRCP,0,,,N,700
US1CASB0004,20130217,PRCP,0,,,N,700
US1CASB0004,20130218,PRCP,0,,,N,700
US1CASB0004,20130219,PRCP,38,,,N,700
US1CASB0004,20130220,PRCP,0,,,N,700
US1CASB0004,20130221,PRCP,0,,,N,700
US1CASB0004,20130222,PRCP,0,,,N,700
US1CASB0004,20130223,PRCP,0,,,N,700
US1CASB0004,20130224,PRCP,0,,,N,700
US1CASB0004,20130225,PRCP,0,,,N,700
US1CASB0004,20130226,PRCP,0,,,N,700
US1CASB0004,20130227,PRCP,0,,,N,700
US1CASB0004,20130228,PRCP,0,,,N,700
US1CASB0004,20130201,SNOW,0,,,N,700
US1CASB0004,20130202,SNOW,0,,,N,700
US1CASB0004,20130203,SNOW,0,,,N,700
US1CASB0004,20130204,SNOW,0,,,N,700
US1CASB0004,20130205,SNOW,0,,,N,700
US1CASB0004,20130206,SNOW,0,,,N,700
US1CASB0004,20130209,SNOW,0,,,N,700
US1CASB0004,20130210,SNOW,0,,,N,700
US1CASB0004,20130211,SNOW,0,,,N,700
US1CASB0004,20130212,SNOW,0,,,N,700
US1CASB0004,20130213,SNOW,0,,,N,700
US1CASB0004,20130214,SNOW,0,,,N,700
US1CASB0004,20130215,SNOW,0,,,N,700
US1CASB0004,20130216,SNOW,0,,,N,700
US1CASB0004,20130217,SNOW,0,,,N,700
US1CASB0004,20130218,SNOW,0,,,N,700
US1CASB0004,20130220,SNOW,0,,,N,700
US1CASB0004,20130221,SNOW,0,,,N,700
US1CASB0004,20130222,SNOW,0,,,N,700
US1CASB0004,20130223,SNOW,0,,,N,700
US1CASB0004,20130224,SNOW,0,,,N,700
US1CASB0004,20130225,SNOW,0,,,N,700
US1CASB0004,20130226,SNOW,0,,,N,700
US1CASB0004,20130227,SNOW,0,,,N,700
US1CASB0004,20130228,SNOW,0,,,N,700
US1CASB0004,20130301,PRCP,0,,,N,700
US1CASB0004,20130302,PRCP,0,,,N,700
US1CASB0004,20130303,PRCP,0,,,N,700
US1CASB0004,20130304,PRCP,0,,,N,700
US1CASB0004,20130305,PRCP,0,,,N,700
US1CASB0004,20130306,PRCP,3,,L,N,700
US1CASB0004,20130307,PRCP,51,,L,N,700
US1CASB0004,20130308,PRCP,86,,L,N,700
US1CASB0004,20130309,PRCP,0,,,N,700
US1CASB0004,20130310,PRCP,0,,,N,700
US1CASB0004,20130311,PRCP,0,,,N,700
US1CASB0004,20130312,PRCP,0,,,N,700
US1CASB0004,20130313,PRCP,0,,,N,700
US1CASB0004,20130314,PRCP,0,,,N,700
US1CASB0004,20130315,PRCP,0,,,N,700
US1CASB0004,20130316,PRCP,0,,,N,700
US1CASB0004,20130317,PRCP,0,,,N,700
US1CASB0004,20130318,PRCP,0,,,N,700
US1CASB0004,20130319,PRCP,0,,,N,700
US1CASB0004,20130320,PRCP,0,,,N,700
US1CASB0004,20130321,PRCP,0,,,N,700
US1CASB0004,20130322,PRCP,0,,,N,700
US1CASB0004,20130323,PRCP,0,,,N,700
US1CASB0004,20130324,PRCP,0,,,N,700
US1CASB0004,20130325,PRCP,0,,,N,700
US1CASB0004,20130326,PRCP,0,,,N,700
US1CASB0004,20130327,PRCP,0,,,N,700
US1CASB0004,20130328,PRCP,0,,,N,700
US1CASB0004,20130329,PRCP,0,,,N,700
US1CASB0004,20130330,PRCP,0,,,N,700
US1CASB0004,20130331,PRCP,66,,,N,700
US1CASB0004,20130301,SNOW,0,,,N,700
US1CASB0004,20130302,SNOW,0,,,N,700
US1CASB0004,20130303,SNOW,0,,,N,700
US1CASB0004,20130304,SNOW,0,,,N,700
US1CASB0004,20130305,SNOW,0,,,N,700
US1CASB0004,20130309,SNOW,0,,,N,700
US1CASB0004,20130310,SNOW,0,,,N,700
US1CASB0004,20130311,SNOW,0,,,N,700
US1CASB0004,20130312,SNOW,0,,,N,700
US1CASB0004,20130313,SNOW,0,,,N,700
US1CASB0004,20130314,SNOW,0,,,N,700
US1CASB0004,20130315,SNOW,0,,,N,700
US1CASB0004,20130316,SNOW,0,,,N,700
US1CASB0004,20130317,SNOW,0,,,N,700
US1CASB0004,20130318,SNOW,0,,,N,700
US1CASB0004,20130319,SNOW,0,,,N,700
US1CASB0004,20130320,SNOW,0,,,N,700
US1CASB0004,20130321,SNOW,0,,,N,700
US1CASB0004,20130322,SNOW,0,,,N,700
US1CASB0004,20130323,SNOW,0,,,N,700
US1CASB0004,20130324,SNOW,0,,,N,700
US1CASB0004,20130325,SNOW,0,,,N,700
US1CASB0004,20130326,SNOW,0,,,N,700
US1CASB0004,20130327,SNOW,0,,,N,700
US1CASB0004,20130328,SNOW,0,,,N,700
US1CASB0004,20130329,SNOW,0,,,N,700
US1CASB0004,20130330,SNOW,0,,,N,700
US1CASB0004,20130331,SNOW,0,,,N,700
US1CASB0004,20130308,DAPR,3,,L,N,700
US1CASB0004,20130308,MDPR,140,,L,N,700
US1CASB0004,20130401,PRCP,0,,,N,700
US1CASB0004,20130402,PRCP,0,,,N,700
US1CASB0004,20130403,PRCP,0,,,N,700
US1CASB0004,20130404,PRCP,0,,,N,700
US1CASB0004,20130405,PRCP,0,,,N,700
US1CASB0004,20130406,PRCP,0,,,N,700
US1CASB0004,20130407,PRCP,0,,,N,700
US1CASB0004,20130408,PRCP,0,,,N,700
US1CASB0004,20130409,PRCP,0,,,N,700
US1CASB0004,20130410,PRCP,0,,,N,700
US1CASB0004,20130411,PRCP,0,,,N,700
US1CASB0004,20130412,PRCP,0,,,N,700
US1CASB0004,20130413,PRCP,0,,,N,700
US1CASB0004,20130414,PRCP,0,,,N,700
US1CASB0004,20130415,PRCP,0,,,N,700
US1CASB0004,20130416,PRCP,0,,,N,700
US1CASB0004,20130417,PRCP,0,,,N,700
US1CASB0004,20130418,PRCP,0,,,N,700
US1CASB0004,20130419,PRCP,0,,,N,700
US1CASB0004,20130420,PRCP,0,,,N,700
US1CASB0004,20130421,PRCP,0,,,N,700
US1CASB0004,20130422,PRCP,0,,,N,700
US1CASB0004,20130423,PRCP,0,,,N,700
US1CASB0004,20130424,PRCP,13,,,N,700
US1CASB0004,20130425,PRCP,0,,,N,700
US1CASB0004,20130426,PRCP,0,,,N,700
US1CASB0004,20130427,PRCP,0,,,N,700
US1CASB0004,20130428,PRCP,0,,,N,700
US1CASB0004,20130429,PRCP,0,,,N,700
US1CASB0004,20130430,PRCP,0,,,N,700
US1CASB0004,20130401,SNOW,0,,,N,700
US1CASB0004,20130402,SNOW,0,,,N,700
US1CASB0004,20130403,SNOW,0,,,N,700
US1CASB0004,20130404,SNOW,0,,,N,700
US1CASB0004,20130405,SNOW,0,,,N,700
US1CASB0004,20130406,SNOW,0,,,N,700
US1CASB0004,20130407,SNOW,0,,,N,700
US1CASB0004,20130408,SNOW,0,,,N,700
US1CASB0004,20130409,SNOW,0,,,N,700
US1CASB0004,20130410,SNOW,0,,,N,700
US1CASB0004,20130411,SNOW,0,,,N,700
US1CASB0004,20130412,SNOW,0,,,N,700
US1CASB0004,20130413,SNOW,0,,,N,700
US1CASB0004,20130414,SNOW,0,,,N,700
US1CASB0004,20130415,SNOW,0,,,N,700
US1CASB0004,20130416,SNOW,0,,,N,700
US1CASB0004,20130417,SNOW,0,,,N,700
US1CASB0004,20130418,SNOW,0,,,N,700
US1CASB0004,20130419,SNOW,0,,,N,700
US1CASB0004,20130420,SNOW,0,,,N,700
US1CASB0004,20130421,SNOW,0,,,N,700
US1CASB0004,20130422,SNOW,0,,,N,700
US1CASB0004,20130423,SNOW,0,,,N,700
US1CASB0004,20130424,SNOW,0,,,N,700
US1CASB0004,20130425,SNOW,0,,,N,700
US1CASB0004,20130426,SNOW,0,,,N,700
US1CASB0004,20130427,SNOW,0,,,N,700
US1CASB0004,20130428,SNOW,0,,,N,700
US1CASB0004,20130429,SNOW,0,,,N,700
US1CASB0004,20130430,SNOW,0,,,N,700
US1CASB0004,20130501,PRCP,0,,,N,700
US1CASB0004,20130502,PRCP,0,,,N,700
US1CASB0004,20130503,PRCP,0,,,N,700
US1CASB0004,20130504,PRCP,0,,,N,700
US1CASB0004,20130505,PRCP,0,,,N,700
US1CASB0004,20130506,PRCP,0,,,N,700
US1CASB0004,20130507,PRCP,0,,,N,700
US1CASB0004,20130508,PRCP,0,,,N,700
US1CASB0004,20130509,PRCP,0,,,N,700
US1CASB0004,20130510,PRCP,0,,,N,700
US1CASB0004,20130511,PRCP,0,,,N,700
US1CASB0004,20130512,PRCP,0,,,N,700
US1CASB0004,20130513,PRCP,0,,,N,700
US1CASB0004,20130514,PRCP,0,,,N,700
US1CASB0004,20130515,PRCP,0,,,N,700
US1CASB0004,20130516,PRCP,0,,,N,700
US1CASB0004,20130517,PRCP,0,,,N,700
US1CASB0004,20130518,PRCP,0,,,N,700
US1CASB0004,20130519,PRCP,0,,,N,700
US1CASB0004,20130520,PRCP,0,,,N,700
US1CASB0004,20130521,PRCP,0,,,N,700
US1CASB0004,20130522,PRCP,0,,,N,700
US1CASB0004,20130523,PRCP,0,,,N,700
US1CASB0004,20130524,PRCP,0,,,N,700
US1CASB0004,20130525,PRCP,0,,,N,700
US1CASB0004,20130526,PRCP,0,,,N,700
US1CASB0004,20130527,PRCP,0,,,N,700
US1CASB0004,20130528,PRCP,0,,,N,700
US1CASB0004,20130529,PRCP,0,,,N,700
US1CASB0004,20130530,PRCP,0,,,N,700
US1CASB0004,20130531,PRCP,0,,,N,700
US1CASB0004,20130501,SNOW,0,,,N,700
US1CASB0004,20130502,SNOW,0,,,N,700
US1CASB0004,20130503,SNOW,0,,,N,700
US1CASB0004,20130504,SNOW,0,,,N,700
US1CASB0004,20130505,SNOW,0,,,N,700
US1CASB0004,20130506,SNOW,0,,,N,700
US1CASB0004,20130507,SNOW,0,,,N,700
US1CASB0004,20130508,SNOW,0,,,N,700
US1CASB0004,20130509,SNOW,0,,,N,700
US1CASB0004,20130510,SNOW,0,,,N,700
US1CASB0004,20130511,SNOW,0,,,N,700
US1CASB0004,20130512,SNOW,0,,,N,700
US1CASB0004,20130513,SNOW,0,,,N,700
US1CASB0004,20130514,SNOW,0,,,N,700
US1CASB0004,20130515,SNOW,0,,,N,700
US1CASB0004,20130516,SNOW,0,,,N,700
US1CASB0004,20130517,SNOW,0,,,N,700
US1CASB0004,20130518,SNOW,0,,,N,700
US1CASB0004,20130519,SNOW,0,,,N,700
US1CASB0004,20130520,SNOW,0,,,N,700
US1CASB0004,20130521,SNOW,0,,,N,700
US1CASB0004,20130522,SNOW,0,,,N,700
US1CASB0004,20130523,SNOW,0,,,N,700
US1CASB0004,20130524,SNOW,0,,,N,700
US1CASB0004,20130525,SNOW,0,,,N,700
US1CASB0004,20130526,SNOW,0,,,N,700
US1CASB0004,20130527,SNOW,0,,,N,700
US1CASB0004,20130528,SNOW,0,,,N,700
US1CASB0004,20130529,SNOW,0,,,N,700
US1CASB0004,20130530,SNOW,0,,,N,700
US1CASB0004,20130531,SNOW,0,,,N,700
US1CASB0004,20130601,PRCP,0,,,N,700
US1CASB0004,20130602,PRCP,0,,,N,700
US1CASB0004,20130603,PRCP,10,,,N,700
US1CASB0004,20130604,PRCP,0,,,N,700
US1CASB0004,20130605,PRCP,0,,,N,700
US1CASB0004,20130606,PRCP,0,,,N,700
US1CASB0004,20130607,PRCP,0,,,N,700
US1CASB0004,20130608,PRCP,0,,,N,700
US1CASB0004,20130609,PRCP,10,,,N,700
US1CASB0004,20130610,PRCP,0,,,N,700
US1CASB0004,20130611,PRCP,0,,,N,700
US1CASB0004,20130612,PRCP,0,,,N,700
US1CASB0004,20130613,PRCP,0,,,N,700
US1CASB0004,20130614,PRCP,0,,,N,700
US1CASB0004,20130615,PRCP,8,,,N,700
US1CASB0004,20130616,PRCP,0,,,N,700
US1CASB0004,20130617,PRCP,0,,,N,700
US1CASB0004,20130618,PRCP,0,,,N,700
US1CASB0004,20130619,PRCP,0,,,N,700
US1CASB0004,20130620,PRCP,0,,,N,700
US1CASB0004,20130621,PRCP,0,,,N,700
US1CASB0004,20130622,PRCP,0,,,N,700
US1CASB0004,20130623,PRCP,0,,,N,700
US1CASB0004,20130624,PRCP,0,,,N,700
US1CASB0004,20130625,PRCP,0,,,N,700
US1CASB0004,20130626,PRCP,0,,,N,700
US1CASB0004,20130627,PRCP,0,,,N,700
US1CASB0004,20130628,PRCP,0,,,N,700
US1CASB0004,20130629,PRCP,0,,,N,700
US1CASB0004,20130630,PRCP,0,,,N,700
US1CASB0004,20130601,SNOW,0,,,N,700
US1CASB0004,20130602,SNOW,0,,,N,700
US1CASB0004,20130603,SNOW,0,,,N,700
US1CASB0004,20130604,SNOW,0,,,N,700
US1CASB0004,20130605,SNOW,0,,,N,700
US1CASB0004,20130606,SNOW,0,,,N,700
US1CASB0004,20130607,SNOW,0,,,N,700
US1CASB0004,20130608,SNOW,0,,,N,700
US1CASB0004,20130609,SNOW,0,,,N,700
US1CASB0004,20130610,SNOW,0,,,N,700
US1CASB0004,20130611,SNOW,0,,,N,700
US1CASB0004,20130612,SNOW,0,,,N,700
US1CASB0004,20130613,SNOW,0,,,N,700
US1CASB0004,20130614,SNOW,0,,,N,700
US1CASB0004,20130615,SNOW,0,,,N,700
US1CASB0004,20130616,SNOW,0,,,N,700
US1CASB0004,20130617,SNOW,0,,,N,700
US1CASB0004,20130618,SNOW,0,,,N,700
US1CASB0004,20130619,SNOW,0,,,N,700
US1CASB0004,20130620,SNOW,0,,,N,700
US1CASB0004,20130621,SNOW,0,,,N,700
US1CASB0004,20130622,SNOW,0,,,N,700
US1CASB0004,20130623,SNOW,0,,,N,700
US1CASB0004,20130624,SNOW,0,,,N,700
US1CASB0004,20130625,SNOW,0,,,N,700
US1CASB0004,20130626,SNOW,0,,,N,700
US1CASB0004,20130627,SNOW,0,,,N,700
US1CASB0004,20130628,SNOW,0,,,N,700
US1CASB0004,20130629,SNOW,0,,,N,700
US1CASB0004,20130630,SNOW,0,,,N,700
US1CASB0004,20140101,PRCP,0,,,N,700
US1CASB0004,20140102,PRCP,0,,,N,700
US1CASB0004,20140103,PRCP,0,,,N,700
US1CASB0004,20140104,PRCP,0,,,N,700
US1CASB0004,20140105,PRCP,0,,,N,700
US1CASB0004,20140106,PRCP,0,,,N,700
US1CASB0004,20140107,PRCP,0,,,N,700
US1CASB0004,20140108,PRCP,0,,,N,700
US1CASB0004,20140109,PRCP,0,,,N,700
US1CASB0004,20140110,PRCP,0,,,N,700
US1CASB0004,20140111,PRCP,0,,,N,700
US1CASB0004,20140112,PRCP,0,,,N,700
US1CASB0004,20140113,PRCP,0,,,N,700
US1CASB0004,20140114,PRCP,0,,,N,700
US1CASB0004,20140115,PRCP,0,,,N,700
US1CASB0004,20140116,PRCP,0,,,N,700
US1CASB0004,20140117,PRCP,0,,,N,700
US1CASB0004,20140118,PRCP,0,,,N,700
US1CASB0004,20140119,PRCP,0,,,N,700
US1CASB0004,20140120,PRCP,0,,,N,700
US1CASB0004,20140121,PRCP,0,,,N,700
US1CASB0004,20140122,PRCP,0,,,N,700
US1CASB0004,20140123,PRCP,0,,,N,700
US1CASB0004,20140124,PRCP,0,,,N,700
US1CASB0004,20140125,PRCP,0,,,N,700
US1CASB0004,20140126,PRCP,0,,,N,700
US1CASB0004,20140127,PRCP,0,,,N,700
US1CASB0004,20140128,PRCP,0,,,N,700
US1CASB0004,20140129,PRCP,0,,,N,700
US1CASB0004,20140130,PRCP,0,,,N,700
US1CASB0004,20140131,PRCP,0,,,N,700
US1CASB0004,20140101,SNOW,0,,,N,700
US1CASB0004,20140102,SNOW,0,,,N,700
US1CASB0004,20140103,SNOW,0,,,N,700
US1CASB0004,20140104,SNOW,0,,,N,700
US1CASB0004,20140105,SNOW,0,,,N,700
US1CASB0004,20140106,SNOW,0,,,N,700
US1CASB0004,20140107,SNOW,0,,,N,700
US1CASB0004,20140108,SNOW,0,,,N,700
US1CASB0004,20140109,SNOW,0,,,N,700
US1CASB0004,20140110,SNOW,0,,,N,700
US1CASB0004,20140111,SNOW,0,,,N,700
US1CASB0004,20140112,SNOW,0,,,N,700
US1CASB0004,20140113,SNOW,0,,,N,700
US1CASB0004,20140114,SNOW,0,,,N,700
US1CASB0004,20140115,SNOW,0,,,N,700
US1CASB0004,20140116,SNOW,0,,,N,700
US1CASB0004,20140117,SNOW,0,,,N,700
US1CASB0004,20140118,SNOW,0,,,N,700
US1CASB0004,20140119,SNOW,0,,,N,700
US1CASB0004,20140120,SNOW,0,,,N,700
US1CASB0004,20140121,SNOW,0,,,N,700
US1CASB0004,20140122,SNOW,0,,,N,700
US1CASB0004,20140123,SNOW,0,,,N,700
US1CASB0004,20140124,SNOW,0,,,N,700
US1CASB0004,20140125,SNOW,0,,,N,700
US1CASB0004,20140126,SNOW,0,,,N,700
US1CASB0004,20140127,SNOW,0,,,N,700
US1CASB0004,20140128,SNOW,0,,,N,700
US1CASB0004,20140129,SNOW,0,,,N,700
US1CASB0004,20140130,SNOW,0,,,N,700
US1CASB0004,20140131,SNOW,0,,,N,700
US1CASB0004,20140201,PRCP,0,,,N,700
US1CASB0004,20140202,PRCP,41,,,N,700
US1CASB0004,20140203,PRCP,0,,,N,700
US1CASB0004,20140204,PRCP,0,,,N,700
US1CASB0004,20140205,PRCP,0,,,N,700
US1CASB0004,20140206,PRCP,58,,,N,700
US1CASB0004,20140207,PRCP,0,,,N,700
US1CASB0004,20140208,PRCP,0,,,N,700
US1CASB0004,20140209,PRCP,0,,,N,700
US1CASB0004,20140210,PRCP,0,,,N,700
US1CASB0004,20140211,PRCP,0,,,N,700
US1CASB0004,20140212,PRCP,0,,,N,700
US1CASB0004,20140213,PRCP,0,,,N,700
US1CASB0004,20140214,PRCP,0,,,N,700
US1CASB0004,20140215,PRCP,0,,,N,700
US1CASB0004,20140216,PRCP,0,,,N,700
US1CASB0004,20140217,PRCP,0,,,N,700
US1CASB0004,20140218,PRCP,0,,,N,700
US1CASB0004,20140219,PRCP,0,,,N,700
US1CASB0004,20140220,PRCP,0,,,N,700
US1CASB0004,20140221,PRCP,0,,,N,700
US1CASB0004,20140222,PRCP,0,,,N,700
US1CASB0004,20140223,PRCP,0,,,N,700
US1CASB0004,20140224,PRCP,0,,,N,700
US1CASB0004,20140225,PRCP,0,,,N,700
US1CASB0004,20140226,PRCP,0,,,N,700
US1CASB0004,20140227,PRCP,333,,,N,700
US1CASB0004,20140228,PRCP,358,,,N,700
US1CASB0004,20140201,SNOW,0,,,N,700
US1CASB0004,20140202,SNOW,0,,,N,700
US1CASB0004,20140203,SNOW,0,,,N,700
US1CASB0004,20140204,SNOW,0,,,N,700
US1CASB0004,20140205,SNOW,0,,,N,700
US1CASB0004,20140206,SNOW,0,,,N,700
US1CASB0004,20140207,SNOW,0,,,N,700
US1CASB0004,20140208,SNOW,0,,,N,700
US1CASB0004,20140209,SNOW,0,,,N,700
US1CASB0004,20140210,SNOW,0,,,N,700
US1CASB0004,20140211,SNOW,0,,,N,700
US1CASB0004,20140212,SNOW,0,,,N,700
US1CASB0004,20140213,SNOW,0,,,N,700
US1CASB0004,20140214,SNOW,0,,,N,700
US1CASB0004,20140215,SNOW,0,,,N,700
US1CASB0004,20140216,SNOW,0,,,N,700
US1CASB0004,20140217,SNOW,0,,,N,700
US1CASB0004,20140218,SNOW,0,,,N,700
US1CASB0004,20140219,SNOW,0,,,N,700
US1CASB0004,20140220,SNOW,0,,,N,700
US1CASB0004,20140221,SNOW,0,,,N,700
US1CASB0004,20140222,SNOW,0,,,N,700
US1CASB0004,20140223,SNOW,0,,,N,700
US1CASB0004,20140224,SNOW,0,,,N,700
US1CASB0004,20140225,SNOW,0,,,N,700
US1CASB0004,20140226,SNOW,0,,,N,700
US1CASB0004,20140301,PRCP,203,,,N,700
US1CASB0004,20140302,PRCP,432,,,N,700
US1CASB0004,20141101,PRCP,231,,,N,700
US1CASB0004,20141201,PRCP,23,,,N,700
US1CASB0004,20141202,PRCP,61,,,N,700
US1CASB0004,20141203,PRCP,511,,,N,700
US1CASB0004,20141204,PRCP,41,,,N,700
US1CASB0004,20141205,PRCP,0,T,,N,700
US1CASB0004,20141212,PRCP,503,,,N,700
US1CASB0004,20141213,PRCP,71,,,N,700
US1CASB0004,20141216,PRCP,51,,,N,700
US1CASB0004,20141217,PRCP,122,,,N,700
US1CASB0004,20141218,PRCP,0,T,,N,700
US1CASB0004,20141231,PRCP,8,,,N,700
US1CASB0004,20150111,PRCP,257,,,N,700
US1CASB0004,20150127,PRCP,28,,,N,700
US1CASB0004,20150208,PRCP,127,,,N,700
US1CASB0004,20150301,PRCP,38,,,N,700
US1CASB0004,20150302,PRCP,5,,,N,700
US1CASB0004,20150303,PRCP,66,,,N,700
US1CASB0004,20160106,PRCP,325,,,N,700
US1CASB0004,20160107,PRCP,345,,,N,700
US1CASB0004,20160201,PRCP,434,,,N,700
US1CASB0004,20160306,PRCP,526,,,N,700
US1CASB0004,20160307,PRCP,170,,,N,700
US1CASB0004,20160312,PRCP,226,,,N,700
US1CASB0004,20160409,PRCP,33,,,N,700
US1CASB0004,20161224,PRCP,330,,,N,700
US1CASB0004,20170107,PRCP,193,,,N,700
US1CASB0004,20170108,PRCP,104,,,N,700
US1CASB0004,20170109,PRCP,234,,,N,700
US1CASB0004,20170110,PRCP,107,,,N,700
US1CASB0004,20170111,PRCP,292,,,N,700
US1CASB0004,20170112,PRCP,58,,,N,700
US1CASB0004,20170118,PRCP,38,,,N,700
US1CASB0004,20170119,PRCP,178,,,N,700
US1CASB0004,20170120,PRCP,102,,,N,700
US1CASB0004,20170121,PRCP,610,,,N,700
US1CASB0004,20170122,PRCP,89,,,N,700
US1CASB0004,20170123,PRCP,462,,,N,700
US1CASB0004,20170124,PRCP,64,,,N,700
US1CASB0004,20170202,PRCP,3,,,N,700
US1CASB0004,20170203,PRCP,56,,,N,700
US1CASB0004,20170206,PRCP,279,,,N,700
US1CASB0004,20170207,PRCP,89,,,N,700
US1CASB0004,20170210,PRCP,51,,,N,700
US1CASB0004,20170211,PRCP,168,,,N,700
US1CASB0004,20170217,PRCP,279,,,N,700
US1CASB0004,20170218,PRCP,1549,,,N,700
US1CASB0004,20170219,PRCP,38,,,N,700
US1CASB0004,20170220,PRCP,216,,,N,700
US1CASB0004,20170221,PRCP,64,,,N,700
US1CASB0004,20170222,PRCP,30,,,N,700
US1CASB0004,20170226,PRCP,38,,,N,700
US1CASB0004,20170227,PRCP,25,,,N,700
US1CASB0004,20170306,PRCP,58,,,N,700
US1CASB0004,20170321,PRCP,25,,,N,700
US1CASB0004,20180109,PRCP,312,,,N,700
US1CASB0004,20190117,PRCP,406,,,N,700
