id,date,obs,obs_value
US1CAME0004,20160303,PRCP,0
US1CAME0004,20160304,PRCP,38
US1CAME0004,20160305,PRCP,358
US1CAME0004,20160306,PRCP,163
US1CAME0004,20160307,PRCP,137
US1CAME0004,20160308,PRCP,3
US1CAME0004,20160309,PRCP,0
US1CAME0004,20160310,PRCP,0
US1CAME0004,20160311,PRCP,0
US1CAME0004,20160312,PRCP,168
US1CAME0004,20160313,PRCP,38
US1CAME0004,20160314,PRCP,157
US1CAME0004,20160315,PRCP,0
US1CAME0004,20160316,PRCP,0
US1CAME0004,20160317,PRCP,0
US1CAME0004,20160318,PRCP,0
US1CAME0004,20160319,PRCP,0
US1CAME0004,20160320,PRCP,0
US1CAME0004,20160321,PRCP,0
US1CAME0004,20160322,PRCP,3
US1CAME0004,20160326,PRCP,0
US1CAME0004,20160327,PRCP,0
US1CAME0004,20160328,PRCP,0
US1CAME0004,20160329,PRCP,0
US1CAME0004,20160330,PRCP,0
US1CAME0004,20160331,PRCP,0
US1CAME0004,20160304,SNOW,4
US1CAME0004,20160325,DAPR,3
US1CAME0004,20160325,MDPR,0
US1CAME0004,20160401,PRCP,0
US1CAME0004,20160402,PRCP,0
US1CAME0004,20160403,PRCP,0
US1CAME0004,20160404,PRCP,0
US1CAME0004,20160405,PRCP,0
US1CAME0004,20160406,PRCP,0
US1CAME0004,20160407,PRCP,0
US1CAME0004,20160408,PRCP,0
US1CAME0004,20160409,PRCP,404
US1CAME0004,20160410,PRCP,89
US1CAME0004,20160411,PRCP,3
US1CAME0004,20160412,PRCP,0
US1CAME0004,20160413,PRCP,0
US1CAME0004,20160414,PRCP,5
US1CAME0004,20160415,PRCP,0
US1CAME0004,20160416,PRCP,0
US1CAME0004,20160417,PRCP,0
US1CAME0004,20160418,PRCP,0
US1CAME0004,20160419,PRCP,0
US1CAME0004,20160420,PRCP,0
US1CAME0004,20160421,PRCP,0
US1CAME0004,20160422,PRCP,0
US1CAME0004,20160423,PRCP,66
US1CAME0004,20160424,PRCP,0
US1CAME0004,20160425,PRCP,0
US1CAME0004,20160426,PRCP,0
US1CAME0004,20160427,PRCP,0
US1CAME0004,20160428,PRCP,107
US1CAME0004,20160429,PRCP,0
US1CAME0004,20160430,PRCP,0
US1CAME0004,20160501,PRCP,0
US1CAME0004,20160502,PRCP,0
US1CAME0004,20160503,PRCP,0
US1CAME0004,20160504,PRCP,0
US1CAME0004,20160505,PRCP,0
US1CAME0004,20160506,PRCP,0
US1CAME0004,20160507,PRCP,30
US1CAME0004,20160508,PRCP,15
US1CAME0004,20160509,PRCP,0
US1CAME0004,20160510,PRCP,0
US1CAME0004,20160511,PRCP,0
US1CAME0004,20160512,PRCP,0
US1CAME0004,20160513,PRCP,0
US1CAME0004,20160514,PRCP,0
US1CAME0004,20160516,PRCP,0
US1CAME0004,20160518,PRCP,0
US1CAME0004,20160519,PRCP,0
US1CAME0004,20160520,PRCP,0
US1CAME0004,20160521,PRCP,0
US1CAME0004,20160522,PRCP,0
US1CAME0004,20160523,PRCP,0
US1CAME0004,20160524,PRCP,0
US1CAME0004,20160525,PRCP,0
US1CAME0004,20160526,PRCP,0
US1CAME0004,20160527,PRCP,0
US1CAME0004,20160528,PRCP,0
US1CAME0004,20160529,PRCP,0
US1CAME0004,20160516,DAPR,2
US1CAME0004,20160516,MDPR,0
US1CAME0004,20160603,PRCP,0
US1CAME0004,20160604,PRCP,0
US1CAME0004,20160605,PRCP,0
US1CAME0004,20160606,PRCP,0
US1CAME0004,20160607,PRCP,0
US1CAME0004,20160608,PRCP,0
US1CAME0004,20160609,PRCP,0
US1CAME0004,20160610,PRCP,0
US1CAME0004,20160611,PRCP,0
US1CAME0004,20160612,PRCP,0
US1CAME0004,20160613,PRCP,0
US1CAME0004,20160614,PRCP,0
US1CAME0004,20160615,PRCP,0
US1CAME0004,20160616,PRCP,0
US1CAME0004,20160617,PRCP,0
US1CAME0004,20160618,PRCP,0
US1CAME0004,20160619,PRCP,0
US1CAME0004,20160620,PRCP,0
US1CAME0004,20160621,PRCP,0
US1CAME0004,20160622,PRCP,0
US1CAME0004,20160623,PRCP,0
US1CAME0004,20160624,PRCP,0
US1CAME0004,20160625,PRCP,0
US1CAME0004,20160626,PRCP,0
US1CAME0004,20160627,PRCP,0
US1CAME0004,20160628,PRCP,0
US1CAME0004,20160629,PRCP,0
US1CAME0004,20160630,PRCP,0
US1CAME0004,20160602,DAPR,4
US1CAME0004,20160602,MDPR,0
US1CAME0004,20160701,PRCP,0
US1CAME0004,20160702,PRCP,0
US1CAME0004,20160703,PRCP,0
US1CAME0004,20160704,PRCP,0
US1CAME0004,20160705,PRCP,0
US1CAME0004,20160706,PRCP,0
US1CAME0004,20160707,PRCP,0
US1CAME0004,20160708,PRCP,0
US1CAME0004,20160709,PRCP,0
US1CAME0004,20160710,PRCP,0
US1CAME0004,20160711,PRCP,0
US1CAME0004,20160712,PRCP,0
US1CAME0004,20160713,PRCP,0
US1CAME0004,20160714,PRCP,0
US1CAME0004,20160715,PRCP,0
US1CAME0004,20160716,PRCP,0
US1CAME0004,20160717,PRCP,0
US1CAME0004,20160718,PRCP,0
US1CAME0004,20160719,PRCP,0
US1CAME0004,20160720,PRCP,0
US1CAME0004,20160721,PRCP,0
US1CAME0004,20160722,PRCP,0
US1CAME0004,20160723,PRCP,0
US1CAME0004,20160724,PRCP,0
US1CAME0004,20160725,PRCP,0
US1CAME0004,20160726,PRCP,0
US1CAME0004,20160727,PRCP,0
US1CAME0004,20160728,PRCP,0
US1CAME0004,20160729,PRCP,0
US1CAME0004,20160730,PRCP,0
US1CAME0004,20160731,PRCP,0
US1CAME0004,20160801,PRCP,0
US1CAME0004,20160802,PRCP,0
US1CAME0004,20160803,PRCP,0
US1CAME0004,20160804,PRCP,0
US1CAME0004,20160805,PRCP,0
US1CAME0004,20160806,PRCP,0
US1CAME0004,20160807,PRCP,0
US1CAME0004,20160808,PRCP,0
US1CAME0004,20160809,PRCP,0
US1CAME0004,20160810,PRCP,0
US1CAME0004,20160811,PRCP,0
US1CAME0004,20160812,PRCP,0
US1CAME0004,20160813,PRCP,0
US1CAME0004,20160814,PRCP,0
US1CAME0004,20160815,PRCP,0
US1CAME0004,20160816,PRCP,0
US1CAME0004,20160817,PRCP,0
US1CAME0004,20160818,PRCP,0
US1CAME0004,20160819,PRCP,0
US1CAME0004,20160820,PRCP,0
US1CAME0004,20160821,PRCP,0
US1CAME0004,20160822,PRCP,0
US1CAME0004,20160823,PRCP,0
US1CAME0004,20160824,PRCP,0
US1CAME0004,20160825,PRCP,0
US1CAME0004,20160826,PRCP,0
US1CAME0004,20160827,PRCP,0
US1CAME0004,20160828,PRCP,0
US1CAME0004,20160829,PRCP,0
US1CAME0004,20160830,PRCP,0
US1CAME0004,20160831,PRCP,0
US1CAME0004,20160901,PRCP,0
US1CAME0004,20160902,PRCP,0
US1CAME0004,20160903,PRCP,0
US1CAME0004,20160904,PRCP,0
US1CAME0004,20160905,PRCP,0
US1CAME0004,20160906,PRCP,0
US1CAME0004,20160907,PRCP,0
US1CAME0004,20160908,PRCP,0
US1CAME0004,20160909,PRCP,0
US1CAME0004,20160910,PRCP,0
US1CAME0004,20160911,PRCP,0
US1CAME0004,20160912,PRCP,0
US1CAME0004,20160913,PRCP,0
US1CAME0004,20160914,PRCP,0
US1CAME0004,20160915,PRCP,0
US1CAME0004,20160916,PRCP,0
US1CAME0004,20160917,PRCP,0
US1CAME0004,20160918,PRCP,0
US1CAME0004,20160919,PRCP,0
US1CAME0004,20160924,PRCP,0
US1CAME0004,20160925,PRCP,0
US1CAME0004,20160926,PRCP,0
US1CAME0004,20160927,PRCP,0
US1CAME0004,20160928,PRCP,0
US1CAME0004,20160929,PRCP,0
US1CAME0004,20160930,PRCP,0
US1CAME0004,20160923,DAPR,4
US1CAME0004,20160923,MDPR,0
US1CAME0004,20161001,PRCP,0
US1CAME0004,20161002,PRCP,0
US1CAME0004,20161003,PRCP,0
US1CAME0004,20161004,PRCP,0
US1CAME0004,20161005,PRCP,0
US1CAME0004,20161006,PRCP,0
US1CAME0004,20161007,PRCP,0
US1CAME0004,20161008,PRCP,0
US1CAME0004,20161009,PRCP,0
US1CAME0004,20161010,PRCP,0
US1CAME0004,20161011,PRCP,0
US1CAME0004,20161012,PRCP,0
US1CAME0004,20161013,PRCP,0
US1CAME0004,20161014,PRCP,0
US1CAME0004,20161015,PRCP,0
US1CAME0004,20161016,PRCP,18
US1CAME0004,20161017,PRCP,51
US1CAME0004,20161018,PRCP,0
US1CAME0004,20161019,PRCP,0
US1CAME0004,20161020,PRCP,0
US1CAME0004,20161021,PRCP,0
US1CAME0004,20161022,PRCP,0
US1CAME0004,20161023,PRCP,0
US1CAME0004,20161024,PRCP,20
US1CAME0004,20161025,PRCP,0
US1CAME0004,20161026,PRCP,0
US1CAME0004,20161027,PRCP,0
US1CAME0004,20161028,PRCP,163
US1CAME0004,20161029,PRCP,135
US1CAME0004,20161030,PRCP,8
US1CAME0004,20161031,PRCP,20
US1CAME0004,20161101,PRCP,8
US1CAME0004,20161102,PRCP,0
US1CAME0004,20161103,PRCP,0
US1CAME0004,20161104,PRCP,0
US1CAME0004,20161105,PRCP,0
US1CAME0004,20161106,PRCP,0
US1CAME0004,20161107,PRCP,0
US1CAME0004,20161108,PRCP,0
US1CAME0004,20161109,PRCP,0
US1CAME0004,20161110,PRCP,0
US1CAME0004,20161111,PRCP,0
US1CAME0004,20161112,PRCP,0
US1CAME0004,20161113,PRCP,0
US1CAME0004,20161114,PRCP,0
US1CAME0004,20161115,PRCP,0
US1CAME0004,20161116,PRCP,10
US1CAME0004,20161117,PRCP,0
US1CAME0004,20161118,PRCP,0
US1CAME0004,20161119,PRCP,0
US1CAME0004,20161120,PRCP,0
US1CAME0004,20161121,PRCP,86
US1CAME0004,20161122,PRCP,0
US1CAME0004,20161123,PRCP,15
US1CAME0004,20161124,PRCP,0
US1CAME0004,20161126,PRCP,0
US1CAME0004,20161127,PRCP,170
US1CAME0004,20161128,PRCP,8
US1CAME0004,20161129,PRCP,0
US1CAME0004,20161130,PRCP,0
US1CAME0004,20161201,PRCP,0
US1CAME0004,20161202,PRCP,0
US1CAME0004,20161203,PRCP,0
US1CAME0004,20161204,PRCP,0
US1CAME0004,20161205,PRCP,0
US1CAME0004,20161206,PRCP,0
US1CAME0004,20161207,PRCP,0
US1CAME0004,20161208,PRCP,94
US1CAME0004,20161209,PRCP,33
US1CAME0004,20161210,PRCP,8
US1CAME0004,20161211,PRCP,102
US1CAME0004,20161212,PRCP,0
US1CAME0004,20161213,PRCP,0
US1CAME0004,20161214,PRCP,0
US1CAME0004,20161215,PRCP,13
US1CAME0004,20161216,PRCP,198
US1CAME0004,20161217,PRCP,0
US1CAME0004,20161218,PRCP,0
US1CAME0004,20161219,PRCP,0
US1CAME0004,20161220,PRCP,0
US1CAME0004,20161221,PRCP,0
US1CAME0004,20161222,PRCP,0
US1CAME0004,20161223,PRCP,0
US1CAME0004,20161228,PRCP,0
US1CAME0004,20161229,PRCP,0
US1CAME0004,20161230,PRCP,0
US1CAME0004,20161231,PRCP,8
US1CAME0004,20161227,DAPR,4
US1CAME0004,20161227,MDPR,142
US1CAME0004,20170101,PRCP,28
US1CAME0004,20170102,PRCP,3
US1CAME0004,20170103,PRCP,8
US1CAME0004,20170104,PRCP,117
US1CAME0004,20170105,PRCP,165
US1CAME0004,20170106,PRCP,0
US1CAME0004,20170107,PRCP,86
US1CAME0004,20170108,PRCP,234
US1CAME0004,20170109,PRCP,267
US1CAME0004,20170110,PRCP,79
US1CAME0004,20170111,PRCP,165
US1CAME0004,20170112,PRCP,84
US1CAME0004,20170113,PRCP,0
US1CAME0004,20170114,PRCP,5
US1CAME0004,20170115,PRCP,0
US1CAME0004,20170116,PRCP,0
US1CAME0004,20170117,PRCP,0
US1CAME0004,20170118,PRCP,15
US1CAME0004,20170119,PRCP,152
US1CAME0004,20170120,PRCP,132
US1CAME0004,20170121,PRCP,46
US1CAME0004,20170122,PRCP,33
US1CAME0004,20170123,PRCP,61
US1CAME0004,20170124,PRCP,20
US1CAME0004,20170125,PRCP,3
US1CAME0004,20170126,PRCP,0
US1CAME0004,20170127,PRCP,0
US1CAME0004,20170128,PRCP,0
US1CAME0004,20170129,PRCP,0
US1CAME0004,20170130,PRCP,0
US1CAME0004,20170131,PRCP,0
US1CAME0004,20170201,PRCP,0
US1CAME0004,20170202,PRCP,43
US1CAME0004,20170203,PRCP,33
US1CAME0004,20170204,PRCP,91
US1CAME0004,20170205,PRCP,5
US1CAME0004,20170206,PRCP,74
US1CAME0004,20170207,PRCP,71
US1CAME0004,20170208,PRCP,175
US1CAME0004,20170209,PRCP,15
US1CAME0004,20170210,PRCP,155
US1CAME0004,20170211,PRCP,94
US1CAME0004,20170212,PRCP,3
US1CAME0004,20170213,PRCP,0
US1CAME0004,20170214,PRCP,0
US1CAME0004,20170215,PRCP,0
US1CAME0004,20170216,PRCP,13
US1CAME0004,20170217,PRCP,102
US1CAME0004,20170218,PRCP,71
US1CAME0004,20170219,PRCP,3
US1CAME0004,20170220,PRCP,137
US1CAME0004,20170221,PRCP,30
US1CAME0004,20170222,PRCP,8
US1CAME0004,20170223,PRCP,0
US1CAME0004,20170224,PRCP,0
US1CAME0004,20170227,PRCP,5
US1CAME0004,20170228,PRCP,0
US1CAME0004,20170226,DAPR,2
US1CAME0004,20170226,MDPR,0
US1CAME0004,20170301,PRCP,0
US1CAME0004,20170302,PRCP,0
US1CAME0004,20170303,PRCP,0
US1CAME0004,20170304,PRCP,0
US1CAME0004,20170305,PRCP,41
US1CAME0004,20170306,PRCP,8
US1CAME0004,20170307,PRCP,0
US1CAME0004,20170308,PRCP,0
US1CAME0004,20170309,PRCP,0
US1CAME0004,20170310,PRCP,0
US1CAME0004,20170311,PRCP,0
US1CAME0004,20170312,PRCP,0
US1CAME0004,20170313,PRCP,0
US1CAME0004,20170314,PRCP,0
US1CAME0004,20170315,PRCP,0
US1CAME0004,20170316,PRCP,0
US1CAME0004,20170317,PRCP,0
US1CAME0004,20170318,PRCP,0
US1CAME0004,20170319,PRCP,0
US1CAME0004,20170320,PRCP,0
US1CAME0004,20170321,PRCP,66
US1CAME0004,20170322,PRCP,46
US1CAME0004,20170323,PRCP,99
US1CAME0004,20170324,PRCP,0
US1CAME0004,20170325,PRCP,86
US1CAME0004,20170326,PRCP,3
US1CAME0004,20170327,PRCP,30
US1CAME0004,20170328,PRCP,0
US1CAME0004,20170329,PRCP,0
US1CAME0004,20170330,PRCP,8
US1CAME0004,20170331,PRCP,0
US1CAME0004,20170401,PRCP,0
US1CAME0004,20170402,PRCP,0
US1CAME0004,20170403,PRCP,0
US1CAME0004,20170404,PRCP,0
US1CAME0004,20170405,PRCP,0
US1CAME0004,20170406,PRCP,0
US1CAME0004,20170407,PRCP,53
US1CAME0004,20170408,PRCP,61
US1CAME0004,20170409,PRCP,18
US1CAME0004,20170410,PRCP,0
US1CAME0004,20170411,PRCP,0
US1CAME0004,20170412,PRCP,5
US1CAME0004,20170413,PRCP,48
US1CAME0004,20170414,PRCP,5
US1CAME0004,20170416,PRCP,0
US1CAME0004,20170419,PRCP,25
US1CAME0004,20170420,PRCP,0
US1CAME0004,20170421,PRCP,0
US1CAME0004,20170422,PRCP,0
US1CAME0004,20170423,PRCP,0
US1CAME0004,20170424,PRCP,0
US1CAME0004,20170425,PRCP,0
US1CAME0004,20170426,PRCP,0
US1CAME0004,20170427,PRCP,0
US1CAME0004,20170428,PRCP,0
US1CAME0004,20170429,PRCP,0
US1CAME0004,20170430,PRCP,0
US1CAME0004,20170418,DAPR,2
US1CAME0004,20170418,MDPR,132
US1CAME0004,20170501,PRCP,0
US1CAME0004,20170502,PRCP,0
US1CAME0004,20170503,PRCP,0
US1CAME0004,20170504,PRCP,0
US1CAME0004,20170505,PRCP,0
US1CAME0004,20170506,PRCP,0
US1CAME0004,20170507,PRCP,0
US1CAME0004,20170508,PRCP,0
US1CAME0004,20170509,PRCP,0
US1CAME0004,20170510,PRCP,0
US1CAME0004,20170511,PRCP,0
US1CAME0004,20170513,PRCP,0
US1CAME0004,20170514,PRCP,0
US1CAME0004,20170515,PRCP,0
US1CAME0004,20170516,PRCP,0
US1CAME0004,20170517,PRCP,0
US1CAME0004,20170518,PRCP,0
US1CAME0004,20170519,PRCP,0
US1CAME0004,20170520,PRCP,0
US1CAME0004,20170521,PRCP,0
US1CAME0004,20170522,PRCP,0
US1CAME0004,20170523,PRCP,0
US1CAME0004,20170524,PRCP,0
US1CAME0004,20170525,PRCP,0
US1CAME0004,20170526,PRCP,0
US1CAME0004,20170527,PRCP,0
US1CAME0004,20170528,PRCP,0
US1CAME0004,20170529,PRCP,0
US1CAME0004,20170530,PRCP,0
US1CAME0004,20170531,PRCP,33
US1CAME0004,20170601,PRCP,18
US1CAME0004,20170602,PRCP,0
US1CAME0004,20170603,PRCP,0
US1CAME0004,20170604,PRCP,0
US1CAME0004,20170605,PRCP,0
US1CAME0004,20170606,PRCP,0
US1CAME0004,20170607,PRCP,0
US1CAME0004,20170608,PRCP,0
US1CAME0004,20170609,PRCP,5
US1CAME0004,20170618,PRCP,0
US1CAME0004,20170619,PRCP,0
US1CAME0004,20170620,PRCP,0
US1CAME0004,20170621,PRCP,0
US1CAME0004,20170622,PRCP,0
US1CAME0004,20170623,PRCP,0
US1CAME0004,20170624,PRCP,0
US1CAME0004,20170625,PRCP,0
US1CAME0004,20170626,PRCP,0
US1CAME0004,20170627,PRCP,0
US1CAME0004,20170628,PRCP,0
US1CAME0004,20170629,PRCP,0
US1CAME0004,20170630,PRCP,0
US1CAME0004,20170617,DAPR,8
US1CAME0004,20170617,MDPR,30
US1CAME0004,20170701,PRCP,0
US1CAME0004,20170702,PRCP,0
US1CAME0004,20170703,PRCP,0
US1CAME0004,20170704,PRCP,0
US1CAME0004,20170705,PRCP,0
US1CAME0004,20170706,PRCP,0
US1CAME0004,20170707,PRCP,0
US1CAME0004,20170708,PRCP,0
US1CAME0004,20170709,PRCP,0
US1CAME0004,20170710,PRCP,0
US1CAME0004,20170711,PRCP,0
US1CAME0004,20170712,PRCP,0
US1CAME0004,20170713,PRCP,0
US1CAME0004,20170714,PRCP,0
US1CAME0004,20170715,PRCP,0
US1CAME0004,20170716,PRCP,0
US1CAME0004,20170717,PRCP,0
US1CAME0004,20170718,PRCP,0
US1CAME0004,20170719,PRCP,0
US1CAME0004,20170720,PRCP,0
US1CAME0004,20170721,PRCP,0
US1CAME0004,20170722,PRCP,0
US1CAME0004,20170723,PRCP,0
US1CAME0004,20170724,PRCP,0
US1CAME0004,20170725,PRCP,0
US1CAME0004,20170726,PRCP,0
US1CAME0004,20170727,PRCP,0
US1CAME0004,20170728,PRCP,0
US1CAME0004,20170729,PRCP,0
US1CAME0004,20170730,PRCP,0
US1CAME0004,20170731,PRCP,0
US1CAME0004,20170801,PRCP,0
US1CAME0004,20170802,PRCP,0
US1CAME0004,20170803,PRCP,0
US1CAME0004,20170804,PRCP,0
US1CAME0004,20170808,PRCP,0
US1CAME0004,20170809,PRCP,0
US1CAME0004,20170810,PRCP,0
US1CAME0004,20170811,PRCP,0
US1CAME0004,20170812,PRCP,0
US1CAME0004,20170813,PRCP,0
US1CAME0004,20170814,PRCP,0
US1CAME0004,20170815,PRCP,0
US1CAME0004,20170816,PRCP,0
US1CAME0004,20170817,PRCP,0
US1CAME0004,20170818,PRCP,0
US1CAME0004,20170819,PRCP,0
US1CAME0004,20170820,PRCP,0
US1CAME0004,20170821,PRCP,0
US1CAME0004,20170822,PRCP,0
US1CAME0004,20170823,PRCP,0
US1CAME0004,20170824,PRCP,0
US1CAME0004,20170825,PRCP,0
US1CAME0004,20170826,PRCP,0
US1CAME0004,20170827,PRCP,0
US1CAME0004,20170828,PRCP,0
US1CAME0004,20170829,PRCP,0
US1CAME0004,20170830,PRCP,0
US1CAME0004,20170831,PRCP,0
US1CAME0004,20170807,DAPR,3
US1CAME0004,20170807,MDPR,0
US1CAME0004,20170901,PRCP,0
US1CAME0004,20170902,PRCP,0
US1CAME0004,20170903,PRCP,0
US1CAME0004,20170904,PRCP,0
US1CAME0004,20170905,PRCP,0
US1CAME0004,20170906,PRCP,0
US1CAME0004,20170907,PRCP,0
US1CAME0004,20170908,PRCP,0
US1CAME0004,20170909,PRCP,0
US1CAME0004,20170910,PRCP,0
US1CAME0004,20170911,PRCP,0
US1CAME0004,20170912,PRCP,5
US1CAME0004,20170913,PRCP,0
US1CAME0004,20170914,PRCP,0
US1CAME0004,20170915,PRCP,0
US1CAME0004,20170916,PRCP,0
US1CAME0004,20170917,PRCP,0
US1CAME0004,20170918,PRCP,0
US1CAME0004,20170919,PRCP,0
US1CAME0004,20170920,PRCP,0
US1CAME0004,20170921,PRCP,10
US1CAME0004,20170922,PRCP,0
US1CAME0004,20170924,PRCP,0
US1CAME0004,20170925,PRCP,0
US1CAME0004,20170926,PRCP,0
US1CAME0004,20170927,PRCP,0
US1CAME0004,20170928,PRCP,0
US1CAME0004,20170929,PRCP,0
US1CAME0004,20170930,PRCP,0
US1CAME0004,20171001,PRCP,0
US1CAME0004,20171002,PRCP,0
US1CAME0004,20171003,PRCP,0
US1CAME0004,20171004,PRCP,0
US1CAME0004,20171005,PRCP,0
US1CAME0004,20171006,PRCP,0
US1CAME0004,20171007,PRCP,0
US1CAME0004,20171008,PRCP,0
US1CAME0004,20171010,PRCP,0
US1CAME0004,20171011,PRCP,0
US1CAME0004,20171012,PRCP,0
US1CAME0004,20171013,PRCP,0
US1CAME0004,20171014,PRCP,0
US1CAME0004,20171015,PRCP,0
US1CAME0004,20171016,PRCP,0
US1CAME0004,20171017,PRCP,0
US1CAME0004,20171018,PRCP,0
US1CAME0004,20171019,PRCP,0
US1CAME0004,20171020,PRCP,51
US1CAME0004,20171021,PRCP,0
US1CAME0004,20171022,PRCP,0
US1CAME0004,20171023,PRCP,0
US1CAME0004,20171024,PRCP,0
US1CAME0004,20171025,PRCP,0
US1CAME0004,20171026,PRCP,0
US1CAME0004,20171027,PRCP,0
US1CAME0004,20171028,PRCP,0
US1CAME0004,20171029,PRCP,0
US1CAME0004,20171030,PRCP,0
US1CAME0004,20171031,PRCP,0
US1CAME0004,20171016,SNOW,0
US1CAME0004,20171017,SNOW,0
US1CAME0004,20171018,SNOW,0
US1CAME0004,20171101,PRCP,0
US1CAME0004,20171102,PRCP,0
US1CAME0004,20171103,PRCP,0
US1CAME0004,20171104,PRCP,8
US1CAME0004,20171108,PRCP,0
US1CAME0004,20171109,PRCP,8
US1CAME0004,20171110,PRCP,0
US1CAME0004,20171111,PRCP,3
US1CAME0004,20171112,PRCP,0
US1CAME0004,20171113,PRCP,0
US1CAME0004,20171114,PRCP,0
US1CAME0004,20171115,PRCP,0
US1CAME0004,20171116,PRCP,0
US1CAME0004,20171117,PRCP,157
US1CAME0004,20171118,PRCP,3
US1CAME0004,20171119,PRCP,0
US1CAME0004,20171120,PRCP,0
US1CAME0004,20171121,PRCP,0
US1CAME0004,20171122,PRCP,0
US1CAME0004,20171123,PRCP,0
US1CAME0004,20171124,PRCP,0
US1CAME0004,20171125,PRCP,0
US1CAME0004,20171126,PRCP,0
US1CAME0004,20171127,PRCP,66
US1CAME0004,20171128,PRCP,3
US1CAME0004,20171129,PRCP,0
US1CAME0004,20171130,PRCP,0
US1CAME0004,20171107,DAPR,3
US1CAME0004,20171107,MDPR,0
US1CAME0004,20171201,PRCP,0
US1CAME0004,20171202,PRCP,0
US1CAME0004,20171203,PRCP,0
US1CAME0004,20171204,PRCP,0
US1CAME0004,20171205,PRCP,0
US1CAME0004,20171206,PRCP,0
US1CAME0004,20171207,PRCP,0
US1CAME0004,20171208,PRCP,0
US1CAME0004,20171209,PRCP,0
US1CAME0004,20171210,PRCP,0
US1CAME0004,20171211,PRCP,0
US1CAME0004,20171212,PRCP,0
US1CAME0004,20171213,PRCP,0
US1CAME0004,20171214,PRCP,0
US1CAME0004,20171219,PRCP,0
US1CAME0004,20171220,PRCP,30
US1CAME0004,20171221,PRCP,5
US1CAME0004,20171222,PRCP,0
US1CAME0004,20171223,PRCP,0
US1CAME0004,20171224,PRCP,0
US1CAME0004,20171225,PRCP,0
US1CAME0004,20171226,PRCP,0
US1CAME0004,20171227,PRCP,0
US1CAME0004,20171228,PRCP,0
US1CAME0004,20171229,PRCP,0
US1CAME0004,20171230,PRCP,0
US1CAME0004,20171231,PRCP,0
US1CAME0004,20171218,DAPR,4
US1CAME0004,20171218,MDPR,0
US1CAME0004,20180101,PRCP,0
US1CAME0004,20180102,PRCP,0
US1CAME0004,20180103,PRCP,0
US1CAME0004,20180104,PRCP,58
US1CAME0004,20180105,PRCP,0
US1CAME0004,20180106,PRCP,43
US1CAME0004,20180107,PRCP,23
US1CAME0004,20180108,PRCP,36
US1CAME0004,20180109,PRCP,259
US1CAME0004,20180110,PRCP,94
US1CAME0004,20180111,PRCP,5
US1CAME0004,20180112,PRCP,3
US1CAME0004,20180113,PRCP,0
US1CAME0004,20180114,PRCP,0
US1CAME0004,20180115,PRCP,0
US1CAME0004,20180116,PRCP,3
US1CAME0004,20180117,PRCP,0
US1CAME0004,20180118,PRCP,3
US1CAME0004,20180119,PRCP,46
US1CAME0004,20180120,PRCP,0
US1CAME0004,20180121,PRCP,0
US1CAME0004,20180122,PRCP,0
US1CAME0004,20180123,PRCP,8
US1CAME0004,20180124,PRCP,3
US1CAME0004,20180125,PRCP,36
US1CAME0004,20180126,PRCP,0
US1CAME0004,20180127,PRCP,0
US1CAME0004,20180128,PRCP,0
US1CAME0004,20180129,PRCP,0
US1CAME0004,20180130,PRCP,0
US1CAME0004,20180131,PRCP,0
US1CAME0004,20180201,PRCP,0
US1CAME0004,20180202,PRCP,0
US1CAME0004,20180203,PRCP,0
US1CAME0004,20180204,PRCP,0
US1CAME0004,20180205,PRCP,0
US1CAME0004,20180206,PRCP,0
US1CAME0004,20180207,PRCP,0
US1CAME0004,20180208,PRCP,0
US1CAME0004,20180209,PRCP,0
US1CAME0004,20180210,PRCP,0
US1CAME0004,20180211,PRCP,0
US1CAME0004,20180212,PRCP,0
US1CAME0004,20180213,PRCP,0
US1CAME0004,20180214,PRCP,0
US1CAME0004,20180215,PRCP,0
US1CAME0004,20180216,PRCP,0
US1CAME0004,20180217,PRCP,0
US1CAME0004,20180218,PRCP,0
US1CAME0004,20180219,PRCP,0
US1CAME0004,20180220,PRCP,0
US1CAME0004,20180221,PRCP,0
US1CAME0004,20180222,PRCP,0
US1CAME0004,20180226,PRCP,0
US1CAME0004,20180227,PRCP,102
US1CAME0004,20180228,PRCP,3
US1CAME0004,20180208,SNOW,0
US1CAME0004,20180209,SNOW,0
US1CAME0004,20180225,DAPR,3
US1CAME0004,20180225,MDPR,0
US1CAME0004,20180301,PRCP,53
US1CAME0004,20180302,PRCP,224
US1CAME0004,20180303,PRCP,81
US1CAME0004,20180304,PRCP,8
US1CAME0004,20180305,PRCP,0
US1CAME0004,20180306,PRCP,0
US1CAME0004,20180307,PRCP,0
US1CAME0004,20180308,PRCP,0
US1CAME0004,20180309,PRCP,0
US1CAME0004,20180310,PRCP,0
US1CAME0004,20180311,PRCP,0
US1CAME0004,20180312,PRCP,0
US1CAME0004,20180313,PRCP,13
US1CAME0004,20180314,PRCP,109
US1CAME0004,20180315,PRCP,10
US1CAME0004,20180316,PRCP,20
US1CAME0004,20180317,PRCP,48
US1CAME0004,20180318,PRCP,3
US1CAME0004,20180319,PRCP,0
US1CAME0004,20180320,PRCP,0
US1CAME0004,20180321,PRCP,69
US1CAME0004,20180322,PRCP,244
US1CAME0004,20180323,PRCP,64
US1CAME0004,20180324,PRCP,0
US1CAME0004,20180325,PRCP,28
US1CAME0004,20180326,PRCP,0
US1CAME0004,20180327,PRCP,0
US1CAME0004,20180328,PRCP,0
US1CAME0004,20180329,PRCP,0
US1CAME0004,20180330,PRCP,0
US1CAME0004,20180403,PRCP,0
US1CAME0004,20180404,PRCP,0
US1CAME0004,20180405,PRCP,0
US1CAME0004,20180406,PRCP,51
US1CAME0004,20180407,PRCP,211
US1CAME0004,20180408,PRCP,43
US1CAME0004,20180409,PRCP,0
US1CAME0004,20180410,PRCP,0
US1CAME0004,20180411,PRCP,0
US1CAME0004,20180412,PRCP,3
US1CAME0004,20180413,PRCP,0
US1CAME0004,20180414,PRCP,0
US1CAME0004,20180415,PRCP,0
US1CAME0004,20180416,PRCP,3
US1CAME0004,20180417,PRCP,104
US1CAME0004,20180418,PRCP,0
US1CAME0004,20180419,PRCP,0
US1CAME0004,20180420,PRCP,0
US1CAME0004,20180421,PRCP,0
US1CAME0004,20180422,PRCP,0
US1CAME0004,20180423,PRCP,0
US1CAME0004,20180424,PRCP,0
US1CAME0004,20180425,PRCP,0
US1CAME0004,20180426,PRCP,0
US1CAME0004,20180427,PRCP,0
US1CAME0004,20180428,PRCP,0
US1CAME0004,20180429,PRCP,0
US1CAME0004,20180430,PRCP,0
US1CAME0004,20180402,DAPR,3
US1CAME0004,20180402,MDPR,0
US1CAME0004,20180501,PRCP,0
US1CAME0004,20180502,PRCP,0
US1CAME0004,20180503,PRCP,0
US1CAME0004,20180504,PRCP,0
US1CAME0004,20180505,PRCP,0
US1CAME0004,20180506,PRCP,0
US1CAME0004,20180507,PRCP,0
US1CAME0004,20180508,PRCP,0
US1CAME0004,20180509,PRCP,0
US1CAME0004,20180510,PRCP,0
US1CAME0004,20180511,PRCP,0
US1CAME0004,20180512,PRCP,0
US1CAME0004,20180513,PRCP,0
US1CAME0004,20180514,PRCP,0
US1CAME0004,20180515,PRCP,0
US1CAME0004,20180516,PRCP,0
US1CAME0004,20180517,PRCP,0
US1CAME0004,20180518,PRCP,0
US1CAME0004,20180519,PRCP,0
US1CAME0004,20180520,PRCP,0
US1CAME0004,20180521,PRCP,0
US1CAME0004,20180522,PRCP,0
US1CAME0004,20180523,PRCP,0
US1CAME0004,20180524,PRCP,0
US1CAME0004,20180525,PRCP,33
US1CAME0004,20180526,PRCP,0
US1CAME0004,20180527,PRCP,0
US1CAME0004,20180528,PRCP,0
US1CAME0004,20180529,PRCP,0
US1CAME0004,20180530,PRCP,0
US1CAME0004,20180531,PRCP,0
US1CAME0004,20180602,PRCP,0
US1CAME0004,20180603,PRCP,0
US1CAME0004,20180604,PRCP,0
US1CAME0004,20180605,PRCP,0
US1CAME0004,20180606,PRCP,0
US1CAME0004,20180607,PRCP,0
US1CAME0004,20180608,PRCP,0
US1CAME0004,20180610,PRCP,0
US1CAME0004,20180611,PRCP,0
US1CAME0004,20180612,PRCP,0
US1CAME0004,20180613,PRCP,0
US1CAME0004,20180614,PRCP,0
US1CAME0004,20180615,PRCP,0
US1CAME0004,20180616,PRCP,0
US1CAME0004,20180618,PRCP,0
US1CAME0004,20180619,PRCP,0
US1CAME0004,20180620,PRCP,0
US1CAME0004,20180621,PRCP,0
US1CAME0004,20180622,PRCP,0
US1CAME0004,20180623,PRCP,0
US1CAME0004,20180624,PRCP,0
US1CAME0004,20180625,PRCP,0
US1CAME0004,20180626,PRCP,0
US1CAME0004,20180627,PRCP,0
US1CAME0004,20180628,PRCP,0
US1CAME0004,20180629,PRCP,0
US1CAME0004,20180630,PRCP,0
US1CAME0004,20180701,PRCP,0
US1CAME0004,20180702,PRCP,0
US1CAME0004,20180703,PRCP,0
US1CAME0004,20180705,PRCP,0
US1CAME0004,20180706,PRCP,0
US1CAME0004,20180707,PRCP,0
US1CAME0004,20180708,PRCP,0
US1CAME0004,20180709,PRCP,0
US1CAME0004,20180710,PRCP,0
US1CAME0004,20180711,PRCP,0
US1CAME0004,20180712,PRCP,0
US1CAME0004,20180713,PRCP,0
US1CAME0004,20180714,PRCP,0
US1CAME0004,20180715,PRCP,0
US1CAME0004,20180716,PRCP,0
US1CAME0004,20180717,PRCP,0
US1CAME0004,20180718,PRCP,0
US1CAME0004,20180719,PRCP,0
US1CAME0004,20180720,PRCP,0
US1CAME0004,20180721,PRCP,0
US1CAME0004,20180722,PRCP,0
US1CAME0004,20180723,PRCP,0
US1CAME0004,20180724,PRCP,0
US1CAME0004,20180725,PRCP,0
US1CAME0004,20180726,PRCP,0
US1CAME0004,20180727,PRCP,0
US1CAME0004,20180728,PRCP,0
US1CAME0004,20180729,PRCP,0
US1CAME0004,20180730,PRCP,0
US1CAME0004,20180731,PRCP,0
US1CAME0004,20180801,PRCP,0
US1CAME0004,20180802,PRCP,0
US1CAME0004,20180803,PRCP,0
US1CAME0004,20180804,PRCP,0
US1CAME0004,20180805,PRCP,0
US1CAME0004,20180806,PRCP,0
US1CAME0004,20180807,PRCP,0
US1CAME0004,20180808,PRCP,0
US1CAME0004,20180809,PRCP,0
US1CAME0004,20180810,PRCP,0
US1CAME0004,20180811,PRCP,0
US1CAME0004,20180812,PRCP,0
US1CAME0004,20180813,PRCP,0
US1CAME0004,20180814,PRCP,0
US1CAME0004,20180815,PRCP,0
US1CAME0004,20180816,PRCP,0
US1CAME0004,20180817,PRCP,0
US1CAME0004,20180818,PRCP,0
US1CAME0004,20180819,PRCP,0
US1CAME0004,20180820,PRCP,0
US1CAME0004,20180821,PRCP,0
US1CAME0004,20180822,PRCP,0
US1CAME0004,20180823,PRCP,0
US1CAME0004,20180824,PRCP,0
US1CAME0004,20180825,PRCP,0
US1CAME0004,20180826,PRCP,0
US1CAME0004,20180827,PRCP,0
US1CAME0004,20180828,PRCP,0
US1CAME0004,20180829,PRCP,0
US1CAME0004,20180830,PRCP,0
US1CAME0004,20180831,PRCP,0
US1CAME0004,20180901,PRCP,0
US1CAME0004,20180902,PRCP,0
US1CAME0004,20180903,PRCP,0
US1CAME0004,20180904,PRCP,0
US1CAME0004,20180905,PRCP,0
US1CAME0004,20180906,PRCP,0
US1CAME0004,20180907,PRCP,0
US1CAME0004,20180908,PRCP,0
US1CAME0004,20180909,PRCP,0
US1CAME0004,20180910,PRCP,0
US1CAME0004,20180911,PRCP,0
US1CAME0004,20180912,PRCP,0
US1CAME0004,20180913,PRCP,0
US1CAME0004,20180914,PRCP,0
US1CAME0004,20180915,PRCP,0
US1CAME0004,20180916,PRCP,0
US1CAME0004,20180917,PRCP,0
US1CAME0004,20180918,PRCP,0
US1CAME0004,20180919,PRCP,0
US1CAME0004,20180921,PRCP,0
US1CAME0004,20180922,PRCP,0
US1CAME0004,20180923,PRCP,0
US1CAME0004,20180924,PRCP,0
US1CAME0004,20180925,PRCP,0
US1CAME0004,20180926,PRCP,0
US1CAME0004,20180927,PRCP,0
US1CAME0004,20180929,PRCP,0
US1CAME0004,20180930,PRCP,0
US1CAME0004,20181001,PRCP,0
US1CAME0004,20181002,PRCP,0
US1CAME0004,20181003,PRCP,46
US1CAME0004,20181004,PRCP,43
US1CAME0004,20181005,PRCP,0
US1CAME0004,20181006,PRCP,0
US1CAME0004,20181007,PRCP,0
US1CAME0004,20181008,PRCP,0
US1CAME0004,20181009,PRCP,0
US1CAME0004,20181010,PRCP,0
US1CAME0004,20181011,PRCP,0
US1CAME0004,20181012,PRCP,0
US1CAME0004,20181013,PRCP,0
US1CAME0004,20181014,PRCP,0
US1CAME0004,20181015,PRCP,0
US1CAME0004,20181016,PRCP,0
US1CAME0004,20181017,PRCP,0
US1CAME0004,20181018,PRCP,0
US1CAME0004,20181019,PRCP,0
US1CAME0004,20181020,PRCP,0
US1CAME0004,20181021,PRCP,0
US1CAME0004,20181022,PRCP,0
US1CAME0004,20181023,PRCP,0
US1CAME0004,20181024,PRCP,0
US1CAME0004,20181025,PRCP,0
US1CAME0004,20181026,PRCP,0
US1CAME0004,20181027,PRCP,0
US1CAME0004,20181028,PRCP,0
US1CAME0004,20181029,PRCP,0
US1CAME0004,20181030,PRCP,0
US1CAME0004,20181031,PRCP,0
US1CAME0004,20181101,PRCP,0
US1CAME0004,20181102,PRCP,0
US1CAME0004,20181103,PRCP,0
US1CAME0004,20181104,PRCP,0
US1CAME0004,20181105,PRCP,0
US1CAME0004,20181106,PRCP,0
US1CAME0004,20181107,PRCP,0
US1CAME0004,20181108,PRCP,0
US1CAME0004,20181109,PRCP,0
US1CAME0004,20181110,PRCP,0
US1CAME0004,20181111,PRCP,0
US1CAME0004,20181112,PRCP,0
US1CAME0004,20181113,PRCP,0
US1CAME0004,20181114,PRCP,0
US1CAME0004,20181115,PRCP,0
US1CAME0004,20181116,PRCP,0
US1CAME0004,20181117,PRCP,0
US1CAME0004,20181118,PRCP,0
US1CAME0004,20181119,PRCP,0
US1CAME0004,20181121,PRCP,0
US1CAME0004,20181122,PRCP,132
US1CAME0004,20181123,PRCP,28
US1CAME0004,20181124,PRCP,28
US1CAME0004,20181125,PRCP,0
US1CAME0004,20181126,PRCP,0
US1CAME0004,20181127,PRCP,0
US1CAME0004,20181128,PRCP,142
US1CAME0004,20181129,PRCP,274
US1CAME0004,20181130,PRCP,150
US1CAME0004,20181201,PRCP,3
US1CAME0004,20181202,PRCP,79
US1CAME0004,20181203,PRCP,0
US1CAME0004,20181204,PRCP,0
US1CAME0004,20181205,PRCP,5
US1CAME0004,20181206,PRCP,28
US1CAME0004,20181207,PRCP,0
US1CAME0004,20181208,PRCP,0
US1CAME0004,20181209,PRCP,0
US1CAME0004,20181210,PRCP,0
US1CAME0004,20181211,PRCP,0
US1CAME0004,20181212,PRCP,0
US1CAME0004,20181213,PRCP,0
US1CAME0004,20181214,PRCP,0
US1CAME0004,20181215,PRCP,0
US1CAME0004,20181216,PRCP,0
US1CAME0004,20181217,PRCP,216
US1CAME0004,20181218,PRCP,3
US1CAME0004,20181219,PRCP,0
US1CAME0004,20181221,PRCP,0
US1CAME0004,20181222,PRCP,0
US1CAME0004,20181223,PRCP,0
US1CAME0004,20181224,PRCP,0
US1CAME0004,20181225,PRCP,79
US1CAME0004,20181226,PRCP,3
US1CAME0004,20181227,PRCP,0
US1CAME0004,20181228,PRCP,0
US1CAME0004,20181229,PRCP,0
US1CAME0004,20181230,PRCP,0
US1CAME0004,20181231,PRCP,0
US1CAME0004,20190101,PRCP,0
US1CAME0004,20190102,PRCP,0
US1CAME0004,20190103,PRCP,0
US1CAME0004,20190104,PRCP,0
US1CAME0004,20190105,PRCP,0
US1CAME0004,20190106,PRCP,64
US1CAME0004,20190107,PRCP,259
US1CAME0004,20190108,PRCP,3
US1CAME0004,20190109,PRCP,15
US1CAME0004,20190110,PRCP,3
US1CAME0004,20190111,PRCP,0
US1CAME0004,20190112,PRCP,0
US1CAME0004,20190113,PRCP,0
US1CAME0004,20190114,PRCP,0
US1CAME0004,20190115,PRCP,58
US1CAME0004,20190116,PRCP,86
US1CAME0004,20190117,PRCP,180
US1CAME0004,20190118,PRCP,8
US1CAME0004,20190119,PRCP,0
US1CAME0004,20190120,PRCP,0
US1CAME0004,20190121,PRCP,30
US1CAME0004,20190122,PRCP,0
US1CAME0004,20190123,PRCP,0
US1CAME0004,20190124,PRCP,0
US1CAME0004,20190125,PRCP,0
US1CAME0004,20190126,PRCP,0
US1CAME0004,20190127,PRCP,0
US1CAME0004,20190128,PRCP,0
US1CAME0004,20190129,PRCP,0
US1CAME0004,20190130,PRCP,0
US1CAME0004,20190131,PRCP,20
US1CAME0004,20190201,PRCP,3
US1CAME0004,20190202,PRCP,119
US1CAME0004,20190203,PRCP,140
US1CAME0004,20190204,PRCP,109
US1CAME0004,20190205,PRCP,23
US1CAME0004,20190206,PRCP,13
US1CAME0004,20190207,PRCP,0
US1CAME0004,20190208,PRCP,0
US1CAME0004,20190209,PRCP,64
US1CAME0004,20190210,PRCP,132
US1CAME0004,20190211,PRCP,13
US1CAME0004,20190212,PRCP,0
US1CAME0004,20190213,PRCP,58
US1CAME0004,20190214,PRCP,91
US1CAME0004,20190215,PRCP,74
US1CAME0004,20190216,PRCP,145
US1CAME0004,20190217,PRCP,97
US1CAME0004,20190218,PRCP,13
US1CAME0004,20190219,PRCP,0
US1CAME0004,20190220,PRCP,0
US1CAME0004,20190221,PRCP,5
US1CAME0004,20190222,PRCP,0
US1CAME0004,20190223,PRCP,0
US1CAME0004,20190224,PRCP,0
US1CAME0004,20190225,PRCP,0
US1CAME0004,20190226,PRCP,0
US1CAME0004,20190227,PRCP,18
US1CAME0004,20190228,PRCP,3
US1CAME0004,20190301,PRCP,0
US1CAME0004,20190302,PRCP,79
US1CAME0004,20190303,PRCP,117
US1CAME0004,20190304,PRCP,5
US1CAME0004,20190305,PRCP,0
US1CAME0004,20190306,PRCP,48
US1CAME0004,20190307,PRCP,15
US1CAME0004,20190308,PRCP,89
US1CAME0004,20190309,PRCP,0
US1CAME0004,20190310,PRCP,48
US1CAME0004,20190311,PRCP,0
US1CAME0004,20190312,PRCP,0
US1CAME0004,20190313,PRCP,0
US1CAME0004,20190314,PRCP,0
US1CAME0004,20190315,PRCP,0
US1CAME0004,20190316,PRCP,0
US1CAME0004,20190317,PRCP,0
US1CAME0004,20190318,PRCP,0
US1CAME0004,20190319,PRCP,0
US1CAME0004,20190320,PRCP,46
US1CAME0004,20190321,PRCP,13
US1CAME0004,20190322,PRCP,0
US1CAME0004,20190323,PRCP,127
US1CAME0004,20190324,PRCP,15
US1CAME0004,20190325,PRCP,0
US1CAME0004,20190326,PRCP,0
US1CAME0004,20190327,PRCP,0
US1CAME0004,20190328,PRCP,30
US1CAME0004,20190329,PRCP,0
US1CAME0004,20190330,PRCP,0
US1CAME0004,20190331,PRCP,0
US1CAME0004,20190401,PRCP,0
US1CAME0004,20190402,PRCP,5
US1CAME0004,20190403,PRCP,0
US1CAME0004,20190404,PRCP,0
US1CAME0004,20190405,PRCP,0
US1CAME0004,20190406,PRCP,0
US1CAME0004,20190407,PRCP,0
US1CAME0004,20190408,PRCP,0
US1CAME0004,20190409,PRCP,0
US1CAME0004,20190410,PRCP,0
US1CAME0004,20190411,PRCP,0
US1CAME0004,20190412,PRCP,0
US1CAME0004,20190413,PRCP,0
US1CAME0004,20190414,PRCP,0
US1CAME0004,20190415,PRCP,0
US1CAME0004,20190416,PRCP,8
US1CAME0004,20190417,PRCP,0
US1CAME0004,20190418,PRCP,0
US1CAME0004,20190419,PRCP,0
US1CAME0004,20190420,PRCP,0
US1CAME0004,20190421,PRCP,0
US1CAME0004,20190422,PRCP,0
US1CAME0004,20190423,PRCP,0
US1CAME0004,20190424,PRCP,0
US1CAME0004,20190425,PRCP,0
US1CAME0004,20190426,PRCP,0
US1CAME0004,20190427,PRCP,0
US1CAME0004,20190428,PRCP,0
US1CAME0004,20190429,PRCP,0
US1CAME0004,20190430,PRCP,0
US1CAME0004,20190501,PRCP,0
US1CAME0004,20190502,PRCP,0
US1CAME0004,20190503,PRCP,0
US1CAME0004,20190504,PRCP,0
US1CAME0004,20190505,PRCP,0
US1CAME0004,20190506,PRCP,0
US1CAME0004,20190507,PRCP,0
US1CAME0004,20190508,PRCP,0
US1CAME0004,20190509,PRCP,0
US1CAME0004,20190510,PRCP,0
US1CAME0004,20190511,PRCP,0
US1CAME0004,20190512,PRCP,0
US1CAME0004,20190513,PRCP,0
US1CAME0004,20190514,PRCP,0
US1CAME0004,20190515,PRCP,0
US1CAME0004,20190516,PRCP,145
US1CAME0004,20190517,PRCP,56
US1CAME0004,20190518,PRCP,0
US1CAME0004,20190519,PRCP,180
US1CAME0004,20190520,PRCP,84
US1CAME0004,20190521,PRCP,3
US1CAME0004,20190522,PRCP,20
US1CAME0004,20190527,PRCP,38
US1CAME0004,20190528,PRCP,0
US1CAME0004,20190529,PRCP,0
US1CAME0004,20190530,PRCP,0
US1CAME0004,20190531,PRCP,0
US1CAME0004,20190526,DAPR,4
US1CAME0004,20190526,MDPR,119
US1CAME0004,20190601,PRCP,0
US1CAME0004,20190602,PRCP,0
US1CAME0004,20190603,PRCP,0
US1CAME0004,20190604,PRCP,0
US1CAME0004,20190605,PRCP,0
US1CAME0004,20190606,PRCP,0
US1CAME0004,20190607,PRCP,0
US1CAME0004,20190608,PRCP,0
US1CAME0004,20190609,PRCP,0
US1CAME0004,20190610,PRCP,0
US1CAME0004,20190611,PRCP,0
US1CAME0004,20190612,PRCP,0
US1CAME0004,20190613,PRCP,0
US1CAME0004,20190614,PRCP,0
US1CAME0004,20190615,PRCP,0
US1CAME0004,20190616,PRCP,0
US1CAME0004,20190617,PRCP,0
US1CAME0004,20190618,PRCP,0
US1CAME0004,20190619,PRCP,0
US1CAME0004,20190620,PRCP,0
US1CAME0004,20190621,PRCP,0
US1CAME0004,20190622,PRCP,0
US1CAME0004,20190624,PRCP,0
US1CAME0004,20190625,PRCP,0
US1CAME0004,20190626,PRCP,0
US1CAME0004,20190627,PRCP,0
US1CAME0004,20190628,PRCP,0
US1CAME0004,20190629,PRCP,0
US1CAME0004,20190630,PRCP,0
US1CAME0004,20190701,PRCP,0
US1CAME0004,20190702,PRCP,0
US1CAME0004,20190703,PRCP,0
US1CAME0004,20190704,PRCP,0
US1CAME0004,20190705,PRCP,0
US1CAME0004,20190706,PRCP,0
US1CAME0004,20190707,PRCP,0
US1CAME0004,20190708,PRCP,0
US1CAME0004,20190709,PRCP,0
US1CAME0004,20190710,PRCP,0
US1CAME0004,20190711,PRCP,0
US1CAME0004,20190712,PRCP,0
US1CAME0004,20190713,PRCP,0
US1CAME0004,20190714,PRCP,0
US1CAME0004,20190715,PRCP,0
US1CAME0004,20190716,PRCP,0
US1CAME0004,20190718,PRCP,0
US1CAME0004,20190719,PRCP,0
US1CAME0004,20190720,PRCP,0
US1CAME0004,20190721,PRCP,0
US1CAME0004,20190722,PRCP,0
US1CAME0004,20190723,PRCP,0
US1CAME0004,20190724,PRCP,0
US1CAME0004,20190725,PRCP,0
US1CAME0004,20190726,PRCP,0
US1CAME0004,20190727,PRCP,0
US1CAME0004,20190728,PRCP,0
US1CAME0004,20190729,PRCP,0
US1CAME0004,20190730,PRCP,0
US1CAME0004,20190731,PRCP,0
US1CAME0004,20190801,PRCP,0
US1CAME0004,20190802,PRCP,0
US1CAME0004,20190803,PRCP,0
US1CAME0004,20190804,PRCP,0
US1CAME0004,20190806,PRCP,0
US1CAME0004,20190807,PRCP,0
US1CAME0004,20190808,PRCP,0
US1CAME0004,20190809,PRCP,0
US1CAME0004,20190810,PRCP,0
US1CAME0004,20190811,PRCP,0
US1CAME0004,20190812,PRCP,0
US1CAME0004,20190813,PRCP,0
US1CAME0004,20190814,PRCP,0
US1CAME0004,20190815,PRCP,0
US1CAME0004,20190816,PRCP,0
US1CAME0004,20190817,PRCP,0
US1CAME0004,20190818,PRCP,0
US1CAME0004,20190819,PRCP,0
US1CAME0004,20190820,PRCP,0
US1CAME0004,20190821,PRCP,0
US1CAME0004,20190822,PRCP,0
US1CAME0004,20190823,PRCP,0
US1CAME0004,20190824,PRCP,0
US1CAME0004,20190825,PRCP,0
US1CAME0004,20190831,PRCP,0
US1CAME0004,20190830,DAPR,5
US1CAME0004,20190830,MDPR,0
US1CAME0004,20190901,PRCP,0
US1CAME0004,20190902,PRCP,0
US1CAME0004,20190903,PRCP,0
US1CAME0004,20190904,PRCP,0
US1CAME0004,20190905,PRCP,0
US1CAME0004,20190906,PRCP,0
US1CAME0004,20190907,PRCP,0
US1CAME0004,20190908,PRCP,0
US1CAME0004,20190909,PRCP,0
US1CAME0004,20190910,PRCP,0
US1CAME0004,20190911,PRCP,0
US1CAME0004,20190912,PRCP,0
US1CAME0004,20190913,PRCP,0
US1CAME0004,20190914,PRCP,0
US1CAME0004,20190915,PRCP,0
US1CAME0004,20190916,PRCP,0
US1CAME0004,20190917,PRCP,20
US1CAME0004,20190918,PRCP,0
US1CAME0004,20190919,PRCP,0
US1CAME0004,20190920,PRCP,0
US1CAME0004,20190921,PRCP,0
US1CAME0004,20190923,PRCP,0
US1CAME0004,20190924,PRCP,0
US1CAME0004,20190925,PRCP,0
US1CAME0004,20190926,PRCP,0
US1CAME0004,20190927,PRCP,0
US1CAME0004,20190928,PRCP,0
US1CAME0004,20191001,PRCP,0
US1CAME0004,20191002,PRCP,0
US1CAME0004,20191003,PRCP,0
US1CAME0004,20191004,PRCP,0
US1CAME0004,20191005,PRCP,0
US1CAME0004,20191006,PRCP,0
US1CAME0004,20191007,PRCP,0
US1CAME0004,20191008,PRCP,0
US1CAME0004,20191009,PRCP,0
US1CAME0004,20191010,PRCP,0
US1CAME0004,20191011,PRCP,0
US1CAME0004,20191012,PRCP,0
US1CAME0004,20191013,PRCP,0
US1CAME0004,20191014,PRCP,0
US1CAME0004,20191015,PRCP,0
US1CAME0004,20191016,PRCP,0
US1CAME0004,20191017,PRCP,0
US1CAME0004,20191018,PRCP,0
US1CAME0004,20191019,PRCP,0
US1CAME0004,20191020,PRCP,0
US1CAME0004,20191021,PRCP,0
US1CAME0004,20191022,PRCP,0
US1CAME0004,20191023,PRCP,0
US1CAME0004,20191024,PRCP,0
US1CAME0004,20191025,PRCP,0
US1CAME0004,20191026,PRCP,0
US1CAME0004,20191027,PRCP,0
US1CAME0004,20191028,PRCP,0
US1CAME0004,20191029,PRCP,0
US1CAME0004,20191030,PRCP,0
US1CAME0004,20191031,PRCP,0
US1CAME0004,20191101,PRCP,0
US1CAME0004,20191102,PRCP,0
US1CAME0004,20191103,PRCP,0
US1CAME0004,20191104,PRCP,0
US1CAME0004,20191105,PRCP,0
US1CAME0004,20191106,PRCP,0
US1CAME0004,20191107,PRCP,0
US1CAME0004,20191108,PRCP,0
US1CAME0004,20191109,PRCP,0
US1CAME0004,20191110,PRCP,0
US1CAME0004,20191112,PRCP,0
US1CAME0004,20191114,PRCP,0
US1CAME0004,20191115,PRCP,0
US1CAME0004,20191116,PRCP,0
US1CAME0004,20191117,PRCP,0
US1CAME0004,20191118,PRCP,0
US1CAME0004,20191119,PRCP,0
US1CAME0004,20191122,PRCP,0
US1CAME0004,20191123,PRCP,0
US1CAME0004,20191124,PRCP,0
US1CAME0004,20191125,PRCP,0
US1CAME0004,20191126,PRCP,0
US1CAME0004,20191127,PRCP,51
US1CAME0004,20191128,PRCP,3
US1CAME0004,20191129,PRCP,91
US1CAME0004,20191130,PRCP,0
US1CAME0004,20191201,PRCP,221
US1CAME0004,20191202,PRCP,559
US1CAME0004,20191203,PRCP,74
US1CAME0004,20191204,PRCP,163
US1CAME0004,20191205,PRCP,20
US1CAME0004,20191206,PRCP,0
US1CAME0004,20191207,PRCP,5
US1CAME0004,20191208,PRCP,10
US1CAME0004,20191209,PRCP,122
US1CAME0004,20191210,PRCP,0
US1CAME0004,20191211,PRCP,0
US1CAME0004,20191212,PRCP,0
US1CAME0004,20191213,PRCP,0
US1CAME0004,20191217,PRCP,0
US1CAME0004,20191218,PRCP,13
US1CAME0004,20191219,PRCP,0
US1CAME0004,20191220,PRCP,0
US1CAME0004,20191221,PRCP,0
US1CAME0004,20191222,PRCP,0
US1CAME0004,20191223,PRCP,84
US1CAME0004,20191224,PRCP,3
US1CAME0004,20191227,PRCP,0
US1CAME0004,20191228,PRCP,0
US1CAME0004,20191229,PRCP,0
US1CAME0004,20191230,PRCP,5
US1CAME0004,20191231,PRCP,0
US1CAME0004,20191216,DAPR,3
US1CAME0004,20191226,DAPR,2
US1CAME0004,20191216,MDPR,8
US1CAME0004,20191226,MDPR,13
US1CAME0004,20200101,PRCP,0
US1CAME0004,20200102,PRCP,0
US1CAME0004,20200103,PRCP,0
US1CAME0004,20200104,PRCP,0
US1CAME0004,20200105,PRCP,0
US1CAME0004,20200107,PRCP,0
US1CAME0004,20200108,PRCP,0
US1CAME0004,20200109,PRCP,36
US1CAME0004,20200110,PRCP,13
US1CAME0004,20200111,PRCP,0
US1CAME0004,20200112,PRCP,0
US1CAME0004,20200113,PRCP,0
US1CAME0004,20200114,PRCP,3
US1CAME0004,20200115,PRCP,0
US1CAME0004,20200116,PRCP,0
US1CAME0004,20200117,PRCP,117
US1CAME0004,20200118,PRCP,0
US1CAME0004,20200119,PRCP,0
US1CAME0004,20200120,PRCP,0
US1CAME0004,20200121,PRCP,0
US1CAME0004,20200122,PRCP,8
US1CAME0004,20200123,PRCP,0
US1CAME0004,20200124,PRCP,0
US1CAME0004,20200125,PRCP,0
US1CAME0004,20200126,PRCP,20
US1CAME0004,20200127,PRCP,0
US1CAME0004,20200129,PRCP,0
US1CAME0004,20200130,PRCP,0
US1CAME0004,20200131,PRCP,0
US1CAME0004,20200201,PRCP,0
US1CAME0004,20200202,PRCP,0
US1CAME0004,20200203,PRCP,0
US1CAME0004,20200205,PRCP,0
US1CAME0004,20200206,PRCP,0
US1CAME0004,20200207,PRCP,0
US1CAME0004,20200208,PRCP,0
US1CAME0004,20200209,PRCP,0
US1CAME0004,20200210,PRCP,0
US1CAME0004,20200211,PRCP,0
US1CAME0004,20200212,PRCP,0
US1CAME0004,20200213,PRCP,0
US1CAME0004,20200214,PRCP,0
US1CAME0004,20200215,PRCP,0
US1CAME0004,20200216,PRCP,0
US1CAME0004,20200218,PRCP,0
US1CAME0004,20200219,PRCP,0
US1CAME0004,20200220,PRCP,0
US1CAME0004,20200221,PRCP,0
US1CAME0004,20200222,PRCP,0
US1CAME0004,20200223,PRCP,0
US1CAME0004,20200224,PRCP,0
US1CAME0004,20200225,PRCP,0
US1CAME0004,20200226,PRCP,0
US1CAME0004,20200227,PRCP,0
US1CAME0004,20200228,PRCP,0
US1CAME0004,20200229,PRCP,0
US1CAME0004,20200301,PRCP,0
US1CAME0004,20200302,PRCP,8
US1CAME0004,20200303,PRCP,0
US1CAME0004,20200305,PRCP,0
US1CAME0004,20200306,PRCP,0
US1CAME0004,20200307,PRCP,0
US1CAME0004,20200308,PRCP,18
US1CAME0004,20200309,PRCP,0
US1CAME0004,20200310,PRCP,0
US1CAME0004,20200311,PRCP,15
US1CAME0004,20200312,PRCP,13
US1CAME0004,20200313,PRCP,0
US1CAME0004,20200314,PRCP,0
US1CAME0004,20200315,PRCP,15
US1CAME0004,20200316,PRCP,211
US1CAME0004,20200317,PRCP,180
US1CAME0004,20200318,PRCP,0
US1CAME0004,20200319,PRCP,0
US1CAME0004,20200320,PRCP,0
US1CAME0004,20200321,PRCP,15
US1CAME0004,20200322,PRCP,3
US1CAME0004,20200323,PRCP,48
US1CAME0004,20200324,PRCP,8
US1CAME0004,20200325,PRCP,41
US1CAME0004,20200326,PRCP,13
US1CAME0004,20200327,PRCP,0
US1CAME0004,20200328,PRCP,0
US1CAME0004,20200329,PRCP,13
US1CAME0004,20200330,PRCP,0
US1CAME0004,20200331,PRCP,0
US1CAME0004,20200401,PRCP,0
US1CAME0004,20200402,PRCP,0
US1CAME0004,20200404,PRCP,0
US1CAME0004,20200405,PRCP,10
US1CAME0004,20200406,PRCP,211
US1CAME0004,20200407,PRCP,137
US1CAME0004,20200408,PRCP,8
US1CAME0004,20200409,PRCP,18
US1CAME0004,20200410,PRCP,0
US1CAME0004,20200411,PRCP,0
US1CAME0004,20200412,PRCP,0
US1CAME0004,20200413,PRCP,0
US1CAME0004,20200414,PRCP,0
US1CAME0004,20200415,PRCP,0
US1CAME0004,20200416,PRCP,0
US1CAME0004,20200417,PRCP,0
US1CAME0004,20200418,PRCP,0
US1CAME0004,20200419,PRCP,0
US1CAME0004,20200420,PRCP,0
US1CAME0004,20200421,PRCP,8
US1CAME0004,20200422,PRCP,0
US1CAME0004,20200423,PRCP,0
US1CAME0004,20200424,PRCP,0
US1CAME0004,20200425,PRCP,0
US1CAME0004,20200426,PRCP,0
US1CAME0004,20200427,PRCP,0
US1CAME0004,20200428,PRCP,0
US1CAME0004,20200429,PRCP,0
US1CAME0004,20200501,PRCP,0
US1CAME0004,20200503,PRCP,0
US1CAME0004,20200504,PRCP,0
US1CAME0004,20200505,PRCP,0
US1CAME0004,20200506,PRCP,0
US1CAME0004,20200507,PRCP,0
US1CAME0004,20200508,PRCP,0
US1CAME0004,20200510,PRCP,0
US1CAME0004,20200511,PRCP,0
US1CAME0004,20200512,PRCP,0
US1CAME0004,20200513,PRCP,0
US1CAME0004,20200514,PRCP,0
US1CAME0004,20200515,PRCP,0
US1CAME0004,20200516,PRCP,0
US1CAME0004,20200517,PRCP,0
US1CAME0004,20200518,PRCP,53
US1CAME0004,20200519,PRCP,5
US1CAME0004,20200520,PRCP,0
US1CAME0004,20200521,PRCP,0
US1CAME0004,20200522,PRCP,0
US1CAME0004,20200523,PRCP,0
US1CAME0004,20200524,PRCP,0
US1CAME0004,20200525,PRCP,0
US1CAME0004,20200526,PRCP,0
US1CAME0004,20200528,PRCP,0
US1CAME0004,20200529,PRCP,0
US1CAME0004,20200530,PRCP,0
US1CAME0004,20200531,PRCP,0
US1CAME0004,20200601,PRCP,0
US1CAME0004,20200602,PRCP,0
US1CAME0004,20200604,PRCP,0
US1CAME0004,20200605,PRCP,0
US1CAME0004,20200606,PRCP,0
US1CAME0004,20200607,PRCP,0
US1CAME0004,20200608,PRCP,0
US1CAME0004,20200609,PRCP,0
US1CAME0004,20200610,PRCP,0
US1CAME0004,20200611,PRCP,0
US1CAME0004,20200612,PRCP,0
US1CAME0004,20200613,PRCP,0
US1CAME0004,20200614,PRCP,0
US1CAME0004,20200616,PRCP,0
US1CAME0004,20200617,PRCP,0
US1CAME0004,20200618,PRCP,0
US1CAME0004,20200619,PRCP,0
US1CAME0004,20200620,PRCP,0
US1CAME0004,20200621,PRCP,0
US1CAME0004,20200622,PRCP,0
US1CAME0004,20200623,PRCP,0
US1CAME0004,20200624,PRCP,0
US1CAME0004,20200625,PRCP,0
US1CAME0004,20200626,PRCP,0
US1CAME0004,20200627,PRCP,0
US1CAME0004,20200628,PRCP,0
US1CAME0004,20200629,PRCP,0
US1CAME0004,20200630,PRCP,0
US1CAME0004,20200701,PRCP,0
US1CAME0004,20200702,PRCP,0
US1CAME0004,20200703,PRCP,0
US1CAME0004,20200704,PRCP,0
US1CAME0004,20200705,PRCP,0
US1CAME0004,20200706,PRCP,0
US1CAME0004,20200707,PRCP,0
US1CAME0004,20200708,PRCP,0
US1CAME0004,20200709,PRCP,0
US1CAME0004,20200710,PRCP,0
US1CAME0004,20200711,PRCP,0
US1CAME0004,20200712,PRCP,0
US1CAME0004,20200713,PRCP,0
US1CAME0004,20200714,PRCP,0
US1CAME0004,20200715,PRCP,0
US1CAME0004,20200716,PRCP,0
US1CAME0004,20200717,PRCP,0
US1CAME0004,20200718,PRCP,0
US1CAME0004,20200719,PRCP,0
US1CAME0004,20200720,PRCP,0
US1CAME0004,20200721,PRCP,0
US1CAME0004,20200722,PRCP,0
US1CAME0004,20200723,PRCP,0
US1CAME0004,20200724,PRCP,0
US1CAME0004,20200725,PRCP,0
US1CAME0004,20200726,PRCP,0
US1CAME0004,20200727,PRCP,0
US1CAME0004,20200728,PRCP,0
US1CAME0004,20200729,PRCP,0
US1CAME0004,20200730,PRCP,0
US1CAME0004,20200731,PRCP,0
US1CAME0004,20200801,PRCP,0
US1CAME0004,20200802,PRCP,0
US1CAME0004,20200804,PRCP,0
US1CAME0004,20200805,PRCP,0
US1CAME0004,20200806,PRCP,0
US1CAME0004,20200807,PRCP,0
US1CAME0004,20200808,PRCP,0
US1CAME0004,20200809,PRCP,0
US1CAME0004,20200810,PRCP,0
US1CAME0004,20200811,PRCP,0
US1CAME0004,20200812,PRCP,0
US1CAME0004,20200813,PRCP,0
US1CAME0004,20200814,PRCP,0
US1CAME0004,20200815,PRCP,0
US1CAME0004,20200816,PRCP,0
US1CAME0004,20200817,PRCP,0
US1CAME0004,20200818,PRCP,0
US1CAME0004,20200819,PRCP,0
US1CAME0004,20200820,PRCP,0
US1CAME0004,20200821,PRCP,0
US1CAME0004,20200822,PRCP,0
US1CAME0004,20200823,PRCP,0
US1CAME0004,20200824,PRCP,0
US1CAME0004,20200825,PRCP,0
US1CAME0004,20200826,PRCP,0
US1CAME0004,20200827,PRCP,0
US1CAME0004,20200828,PRCP,0
US1CAME0004,20200829,PRCP,0
US1CAME0004,20200830,PRCP,0
US1CAME0004,20200831,PRCP,0
US1CAME0004,20200901,PRCP,0
US1CAME0004,20200902,PRCP,0
US1CAME0004,20200903,PRCP,0
US1CAME0004,20200904,PRCP,0
US1CAME0004,20200905,PRCP,0
US1CAME0004,20200906,PRCP,0
US1CAME0004,20200907,PRCP,0
US1CAME0004,20200908,PRCP,0
US1CAME0004,20200909,PRCP,0
US1CAME0004,20200910,PRCP,0
US1CAME0004,20200911,PRCP,0
US1CAME0004,20200912,PRCP,0
US1CAME0004,20200914,PRCP,0
US1CAME0004,20200915,PRCP,0
US1CAME0004,20200916,PRCP,0
US1CAME0004,20200917,PRCP,0
US1CAME0004,20200918,PRCP,0
US1CAME0004,20200919,PRCP,0
US1CAME0004,20200920,PRCP,0
US1CAME0004,20200921,PRCP,0
US1CAME0004,20200922,PRCP,0
US1CAME0004,20200923,PRCP,0
US1CAME0004,20200925,PRCP,0
US1CAME0004,20200926,PRCP,0
US1CAME0004,20200927,PRCP,0
US1CAME0004,20200928,PRCP,0
US1CAME0004,20200929,PRCP,0
US1CAME0004,20200930,PRCP,0
US1CAME0004,20201001,PRCP,0
US1CAME0004,20201002,PRCP,0
US1CAME0004,20201003,PRCP,0
US1CAME0004,20201004,PRCP,0
US1CAME0004,20201005,PRCP,0
US1CAME0004,20201006,PRCP,0
US1CAME0004,20201007,PRCP,0
US1CAME0004,20201008,PRCP,0
US1CAME0004,20201009,PRCP,0
US1CAME0004,20201010,PRCP,0
US1CAME0004,20201011,PRCP,0
US1CAME0004,20201012,PRCP,0
US1CAME0004,20201013,PRCP,0
US1CAME0004,20201014,PRCP,0
US1CAME0004,20201015,PRCP,0
US1CAME0004,20201016,PRCP,0
US1CAME0004,20201017,PRCP,0
US1CAME0004,20201019,PRCP,0
US1CAME0004,20201020,PRCP,0
US1CAME0004,20201021,PRCP,0
US1CAME0004,20201022,PRCP,0
US1CAME0004,20201023,PRCP,0
US1CAME0004,20201024,PRCP,0
US1CAME0004,20201025,PRCP,0
US1CAME0004,20201026,PRCP,0
US1CAME0004,20201028,PRCP,0
US1CAME0004,20201029,PRCP,0
US1CAME0004,20201030,PRCP,0
US1CAME0004,20201031,PRCP,0
US1CAME0004,20201101,PRCP,0
US1CAME0004,20201102,PRCP,0
US1CAME0004,20201103,PRCP,0
US1CAME0004,20201105,PRCP,0
US1CAME0004,20201106,PRCP,0
US1CAME0004,20201107,PRCP,127
US1CAME0004,20201108,PRCP,23
US1CAME0004,20201109,PRCP,3
US1CAME0004,20201110,PRCP,0
US1CAME0004,20201111,PRCP,0
US1CAME0004,20201112,PRCP,0
US1CAME0004,20201113,PRCP,0
US1CAME0004,20201114,PRCP,0
US1CAME0004,20201115,PRCP,0
US1CAME0004,20201116,PRCP,0
US1CAME0004,20201117,PRCP,0
US1CAME0004,20201118,PRCP,142
US1CAME0004,20201119,PRCP,30
US1CAME0004,20201120,PRCP,0
US1CAME0004,20201121,PRCP,0
US1CAME0004,20201122,PRCP,0
US1CAME0004,20201123,PRCP,0
US1CAME0004,20201124,PRCP,0
US1CAME0004,20201125,PRCP,0
US1CAME0004,20201126,PRCP,0
US1CAME0004,20201127,PRCP,0
US1CAME0004,20201128,PRCP,0
US1CAME0004,20201129,PRCP,0
US1CAME0004,20201130,PRCP,0
US1CAME0004,20201201,PRCP,0
US1CAME0004,20201202,PRCP,0
US1CAME0004,20201203,PRCP,0
US1CAME0004,20201204,PRCP,0
US1CAME0004,20201205,PRCP,0
US1CAME0004,20201206,PRCP,0
US1CAME0004,20201207,PRCP,0
US1CAME0004,20201208,PRCP,0
US1CAME0004,20201209,PRCP,0
US1CAME0004,20201210,PRCP,0
US1CAME0004,20201211,PRCP,0
US1CAME0004,20201212,PRCP,178
US1CAME0004,20201213,PRCP,8
US1CAME0004,20201214,PRCP,81
US1CAME0004,20201215,PRCP,3
US1CAME0004,20201216,PRCP,0
US1CAME0004,20201217,PRCP,20
US1CAME0004,20201218,PRCP,23
US1CAME0004,20201219,PRCP,3
US1CAME0004,20201220,PRCP,3
US1CAME0004,20201221,PRCP,3
US1CAME0004,20201222,PRCP,3
US1CAME0004,20201223,PRCP,0
US1CAME0004,20201224,PRCP,0
US1CAME0004,20201225,PRCP,0
US1CAME0004,20201226,PRCP,15
US1CAME0004,20201227,PRCP,0
US1CAME0004,20201228,PRCP,15
US1CAME0004,20201229,PRCP,0
US1CAME0004,20201230,PRCP,0
US1CAME0004,20201231,PRCP,20
US1CAME0004,20210101,PRCP,0
US1CAME0004,20210102,PRCP,0
US1CAME0004,20210103,PRCP,0
US1CAME0004,20210104,PRCP,0
US1CAME0004,20210105,PRCP,0
US1CAME0004,20210106,PRCP,3
US1CAME0004,20210107,PRCP,0
US1CAME0004,20210108,PRCP,0
US1CAME0004,20210109,PRCP,0
US1CAME0004,20210110,PRCP,0
US1CAME0004,20210111,PRCP,0
US1CAME0004,20210112,PRCP,0
US1CAME0004,20210113,PRCP,0
US1CAME0004,20210114,PRCP,0
US1CAME0004,20210115,PRCP,0
US1CAME0004,20210116,PRCP,0
US1CAME0004,20210117,PRCP,0
US1CAME0004,20210118,PRCP,0
US1CAME0004,20210121,PRCP,0
US1CAME0004,20210122,PRCP,0
US1CAME0004,20210123,PRCP,56
US1CAME0004,20210124,PRCP,3
US1CAME0004,20210125,PRCP,38
US1CAME0004,20210126,PRCP,0
US1CAME0004,20210127,PRCP,122
US1CAME0004,20210128,PRCP,450
US1CAME0004,20210129,PRCP,262
US1CAME0004,20210130,PRCP,3
US1CAME0004,20210131,PRCP,0
US1CAME0004,20210126,SNOW,0
US1CAME0004,20210131,SNOW,0
US1CAME0004,20210201,PRCP,0
US1CAME0004,20210202,PRCP,0
US1CAME0004,20210203,PRCP,8
US1CAME0004,20210204,PRCP,0
US1CAME0004,20210205,PRCP,0
US1CAME0004,20210206,PRCP,0
US1CAME0004,20210207,PRCP,0
US1CAME0004,20210208,PRCP,0
US1CAME0004,20210209,PRCP,0
US1CAME0004,20210210,PRCP,0
US1CAME0004,20210211,PRCP,0
US1CAME0004,20210212,PRCP,79
US1CAME0004,20210213,PRCP,0
US1CAME0004,20210214,PRCP,5
US1CAME0004,20210215,PRCP,3
US1CAME0004,20210216,PRCP,3
US1CAME0004,20210217,PRCP,0
US1CAME0004,20210218,PRCP,0
US1CAME0004,20210219,PRCP,0
US1CAME0004,20210220,PRCP,5
US1CAME0004,20210221,PRCP,0
US1CAME0004,20210222,PRCP,0
US1CAME0004,20210223,PRCP,0
US1CAME0004,20210224,PRCP,0
US1CAME0004,20210225,PRCP,0
US1CAME0004,20210226,PRCP,0
US1CAME0004,20210227,PRCP,0
US1CAME0004,20210228,PRCP,0
US1CAME0004,20210202,SNOW,0
US1CAME0004,20210204,SNOW,0
US1CAME0004,20210205,SNOW,0
US1CAME0004,20210206,SNOW,0
US1CAME0004,20210207,SNOW,0
US1CAME0004,20210208,SNOW,0
US1CAME0004,20210209,SNOW,0
US1CAME0004,20210211,SNOW,0
US1CAME0004,20210213,SNOW,0
US1CAME0004,20210217,SNOW,0
US1CAME0004,20210218,SNOW,0
US1CAME0004,20210219,SNOW,0
US1CAME0004,20210221,SNOW,0
US1CAME0004,20210222,SNOW,0
US1CAME0004,20210223,SNOW,0
US1CAME0004,20210224,SNOW,0
US1CAME0004,20210225,SNOW,0
US1CAME0004,20210226,SNOW,0
US1CAME0004,20210227,SNOW,0
US1CAME0004,20210228,SNOW,0
US1CAME0004,20210301,PRCP,0
US1CAME0004,20210302,PRCP,0
US1CAME0004,20210303,PRCP,0
US1CAME0004,20210304,PRCP,0
US1CAME0004,20210305,PRCP,0
US1CAME0004,20210306,PRCP,0
US1CAME0004,20210307,PRCP,0
US1CAME0004,20210308,PRCP,0
US1CAME0004,20210309,PRCP,0
US1CAME0004,20210310,PRCP,61
US1CAME0004,20210311,PRCP,61
US1CAME0004,20210312,PRCP,0
US1CAME0004,20210313,PRCP,0
US1CAME0004,20210314,PRCP,0
US1CAME0004,20210315,PRCP,112
US1CAME0004,20210316,PRCP,3
US1CAME0004,20210317,PRCP,0
US1CAME0004,20210318,PRCP,0
US1CAME0004,20210319,PRCP,20
US1CAME0004,20210320,PRCP,18
US1CAME0004,20210321,PRCP,0
US1CAME0004,20210322,PRCP,0
US1CAME0004,20210324,PRCP,0
US1CAME0004,20210325,PRCP,0
US1CAME0004,20210326,PRCP,0
US1CAME0004,20210327,PRCP,0
US1CAME0004,20210328,PRCP,0
US1CAME0004,20210329,PRCP,0
US1CAME0004,20210330,PRCP,0
US1CAME0004,20210331,PRCP,0
US1CAME0004,20210301,SNOW,0
US1CAME0004,20210302,SNOW,0
US1CAME0004,20210303,SNOW,0
US1CAME0004,20210304,SNOW,0
US1CAME0004,20210305,SNOW,0
US1CAME0004,20210307,SNOW,0
US1CAME0004,20210308,SNOW,0
US1CAME0004,20210309,SNOW,0
US1CAME0004,20210312,SNOW,0
US1CAME0004,20210313,SNOW,0
US1CAME0004,20210314,SNOW,0
US1CAME0004,20210317,SNOW,0
US1CAME0004,20210318,SNOW,0
US1CAME0004,20210321,SNOW,0
US1CAME0004,20210322,SNOW,0
US1CAME0004,20210324,SNOW,0
US1CAME0004,20210325,SNOW,0
US1CAME0004,20210326,SNOW,0
US1CAME0004,20210327,SNOW,0
US1CAME0004,20210328,SNOW,0
US1CAME0004,20210330,SNOW,0
US1CAME0004,20210331,SNOW,0
US1CAME0004,20210401,PRCP,0
US1CAME0004,20210402,PRCP,0
US1CAME0004,20210403,PRCP,0
US1CAME0004,20210404,PRCP,0
US1CAME0004,20210405,PRCP,0
US1CAME0004,20210406,PRCP,0
US1CAME0004,20210407,PRCP,0
US1CAME0004,20210408,PRCP,0
US1CAME0004,20210409,PRCP,0
US1CAME0004,20210410,PRCP,0
US1CAME0004,20210411,PRCP,0
US1CAME0004,20210412,PRCP,0
US1CAME0004,20210413,PRCP,0
US1CAME0004,20210414,PRCP,0
US1CAME0004,20210415,PRCP,0
US1CAME0004,20210416,PRCP,0
US1CAME0004,20210417,PRCP,0
US1CAME0004,20210418,PRCP,0
US1CAME0004,20210419,PRCP,0
US1CAME0004,20210420,PRCP,0
US1CAME0004,20210421,PRCP,0
US1CAME0004,20210422,PRCP,0
US1CAME0004,20210424,PRCP,0
US1CAME0004,20210425,PRCP,0
US1CAME0004,20210426,PRCP,15
US1CAME0004,20210427,PRCP,0
US1CAME0004,20210428,PRCP,0
US1CAME0004,20210429,PRCP,0
US1CAME0004,20210430,PRCP,0
US1CAME0004,20210401,SNOW,0
US1CAME0004,20210402,SNOW,0
US1CAME0004,20210403,SNOW,0
US1CAME0004,20210404,SNOW,0
US1CAME0004,20210405,SNOW,0
US1CAME0004,20210406,SNOW,0
US1CAME0004,20210407,SNOW,0
US1CAME0004,20210408,SNOW,0
US1CAME0004,20210409,SNOW,0
US1CAME0004,20210410,SNOW,0
US1CAME0004,20210411,SNOW,0
US1CAME0004,20210412,SNOW,0
US1CAME0004,20210413,SNOW,0
US1CAME0004,20210414,SNOW,0
US1CAME0004,20210415,SNOW,0
US1CAME0004,20210416,SNOW,0
US1CAME0004,20210417,SNOW,0
US1CAME0004,20210418,SNOW,0
US1CAME0004,20210419,SNOW,0
US1CAME0004,20210420,SNOW,0
US1CAME0004,20210421,SNOW,0
US1CAME0004,20210422,SNOW,0
US1CAME0004,20210424,SNOW,0
US1CAME0004,20210425,SNOW,0
US1CAME0004,20210427,SNOW,0
US1CAME0004,20210428,SNOW,0
US1CAME0004,20210429,SNOW,0
US1CAME0004,20210430,SNOW,0
US1CAME0004,20210501,PRCP,0
US1CAME0004,20210502,PRCP,0
US1CAME0004,20210503,PRCP,0
US1CAME0004,20210504,PRCP,0
US1CAME0004,20210505,PRCP,0
US1CAME0004,20210506,PRCP,0
US1CAME0004,20210507,PRCP,0
US1CAME0004,20210508,PRCP,0
US1CAME0004,20210509,PRCP,0
US1CAME0004,20210510,PRCP,0
US1CAME0004,20210511,PRCP,0
US1CAME0004,20210512,PRCP,0
US1CAME0004,20210513,PRCP,0
US1CAME0004,20210514,PRCP,0
US1CAME0004,20210515,PRCP,0
US1CAME0004,20210516,PRCP,0
US1CAME0004,20210517,PRCP,0
US1CAME0004,20210518,PRCP,0
US1CAME0004,20210519,PRCP,0
US1CAME0004,20210520,PRCP,0
US1CAME0004,20210522,PRCP,0
US1CAME0004,20210524,PRCP,0
US1CAME0004,20210525,PRCP,0
US1CAME0004,20210526,PRCP,0
US1CAME0004,20210527,PRCP,0
US1CAME0004,20210528,PRCP,0
US1CAME0004,20210529,PRCP,0
US1CAME0004,20210530,PRCP,0
US1CAME0004,20210531,PRCP,0
US1CAME0004,20210501,SNOW,0
US1CAME0004,20210502,SNOW,0
US1CAME0004,20210503,SNOW,0
US1CAME0004,20210504,SNOW,0
US1CAME0004,20210505,SNOW,0
US1CAME0004,20210506,SNOW,0
US1CAME0004,20210507,SNOW,0
US1CAME0004,20210508,SNOW,0
US1CAME0004,20210509,SNOW,0
US1CAME0004,20210510,SNOW,0
US1CAME0004,20210511,SNOW,0
US1CAME0004,20210512,SNOW,0
US1CAME0004,20210513,SNOW,0
US1CAME0004,20210514,SNOW,0
US1CAME0004,20210515,SNOW,0
US1CAME0004,20210516,SNOW,0
US1CAME0004,20210517,SNOW,0
US1CAME0004,20210518,SNOW,0
US1CAME0004,20210519,SNOW,0
US1CAME0004,20210520,SNOW,0
US1CAME0004,20210522,SNOW,0
US1CAME0004,20210524,SNOW,0
US1CAME0004,20210525,SNOW,0
US1CAME0004,20210526,SNOW,0
US1CAME0004,20210527,SNOW,0
US1CAME0004,20210528,SNOW,0
US1CAME0004,20210529,SNOW,0
US1CAME0004,20210530,SNOW,0
US1CAME0004,20210531,SNOW,0
US1CAME0004,20210601,PRCP,0
US1CAME0004,20210602,PRCP,0
US1CAME0004,20210603,PRCP,0
US1CAME0004,20210604,PRCP,0
US1CAME0004,20210605,PRCP,0
US1CAME0004,20210606,PRCP,0
US1CAME0004,20210607,PRCP,0
US1CAME0004,20210609,PRCP,0
US1CAME0004,20210610,PRCP,0
US1CAME0004,20210611,PRCP,0
US1CAME0004,20210612,PRCP,0
US1CAME0004,20210613,PRCP,0
US1CAME0004,20210614,PRCP,0
US1CAME0004,20210615,PRCP,0
US1CAME0004,20210616,PRCP,0
US1CAME0004,20210617,PRCP,0
US1CAME0004,20210618,PRCP,0
US1CAME0004,20210619,PRCP,0
US1CAME0004,20210620,PRCP,0
US1CAME0004,20210621,PRCP,0
US1CAME0004,20210622,PRCP,0
US1CAME0004,20210623,PRCP,0
US1CAME0004,20210624,PRCP,0
US1CAME0004,20210625,PRCP,0
US1CAME0004,20210626,PRCP,0
US1CAME0004,20210627,PRCP,0
US1CAME0004,20210628,PRCP,0
US1CAME0004,20210629,PRCP,0
US1CAME0004,20210630,PRCP,0
US1CAME0004,20210601,SNOW,0
US1CAME0004,20210602,SNOW,0
US1CAME0004,20210603,SNOW,0
US1CAME0004,20210604,SNOW,0
US1CAME0004,20210605,SNOW,0
US1CAME0004,20210606,SNOW,0
US1CAME0004,20210607,SNOW,0
US1CAME0004,20210609,SNOW,0
US1CAME0004,20210610,SNOW,0
US1CAME0004,20210611,SNOW,0
US1CAME0004,20210612,SNOW,0
US1CAME0004,20210613,SNOW,0
US1CAME0004,20210614,SNOW,0
US1CAME0004,20210615,SNOW,0
US1CAME0004,20210616,SNOW,0
US1CAME0004,20210617,SNOW,0
US1CAME0004,20210618,SNOW,0
US1CAME0004,20210619,SNOW,0
US1CAME0004,20210620,SNOW,0
US1CAME0004,20210621,SNOW,0
US1CAME0004,20210622,SNOW,0
US1CAME0004,20210623,SNOW,0
US1CAME0004,20210624,SNOW,0
US1CAME0004,20210625,SNOW,0
US1CAME0004,20210626,SNOW,0
US1CAME0004,20210627,SNOW,0
US1CAME0004,20210628,SNOW,0
US1CAME0004,20210629,SNOW,0
US1CAME0004,20210630,SNOW,0
US1CAME0004,20210701,PRCP,0
US1CAME0004,20210702,PRCP,0
US1CAME0004,20210703,PRCP,0
US1CAME0004,20210704,PRCP,0
US1CAME0004,20210705,PRCP,0
US1CAME0004,20210706,PRCP,0
US1CAME0004,20210707,PRCP,0
US1CAME0004,20210708,PRCP,0
US1CAME0004,20210709,PRCP,0
US1CAME0004,20210710,PRCP,0
US1CAME0004,20210711,PRCP,0
US1CAME0004,20210713,PRCP,0
US1CAME0004,20210714,PRCP,0
US1CAME0004,20210715,PRCP,0
US1CAME0004,20210716,PRCP,0
US1CAME0004,20210717,PRCP,0
US1CAME0004,20210718,PRCP,0
US1CAME0004,20210719,PRCP,0
US1CAME0004,20210720,PRCP,0
US1CAME0004,20210721,PRCP,0
US1CAME0004,20210722,PRCP,0
US1CAME0004,20210723,PRCP,0
US1CAME0004,20210724,PRCP,0
US1CAME0004,20210725,PRCP,0
US1CAME0004,20210726,PRCP,0
US1CAME0004,20210727,PRCP,0
US1CAME0004,20210728,PRCP,0
US1CAME0004,20210729,PRCP,0
US1CAME0004,20210730,PRCP,0
US1CAME0004,20210731,PRCP,0
US1CAME0004,20210701,SNOW,0
US1CAME0004,20210702,SNOW,0
US1CAME0004,20210703,SNOW,0
US1CAME0004,20210704,SNOW,0
US1CAME0004,20210705,SNOW,0
US1CAME0004,20210706,SNOW,0
US1CAME0004,20210707,SNOW,0
US1CAME0004,20210708,SNOW,0
US1CAME0004,20210709,SNOW,0
US1CAME0004,20210710,SNOW,0
US1CAME0004,20210711,SNOW,0
US1CAME0004,20210713,SNOW,0
US1CAME0004,20210714,SNOW,0
US1CAME0004,20210715,SNOW,0
US1CAME0004,20210716,SNOW,0
US1CAME0004,20210717,SNOW,0
US1CAME0004,20210718,SNOW,0
US1CAME0004,20210719,SNOW,0
US1CAME0004,20210720,SNOW,0
US1CAME0004,20210721,SNOW,0
US1CAME0004,20210722,SNOW,0
US1CAME0004,20210723,SNOW,0
US1CAME0004,20210724,SNOW,0
US1CAME0004,20210725,SNOW,0
US1CAME0004,20210726,SNOW,0
US1CAME0004,20210727,SNOW,0
US1CAME0004,20210728,SNOW,0
US1CAME0004,20210729,SNOW,0
US1CAME0004,20210730,SNOW,0
US1CAME0004,20210731,SNOW,0
US1CAME0004,20210801,PRCP,0
US1CAME0004,20210802,PRCP,0
US1CAME0004,20210803,PRCP,0
US1CAME0004,20210804,PRCP,0
US1CAME0004,20210805,PRCP,0
US1CAME0004,20210806,PRCP,0
US1CAME0004,20210807,PRCP,0
US1CAME0004,20210808,PRCP,0
US1CAME0004,20210809,PRCP,0
US1CAME0004,20210810,PRCP,0
US1CAME0004,20210812,PRCP,0
US1CAME0004,20210813,PRCP,0
US1CAME0004,20210814,PRCP,0
US1CAME0004,20210815,PRCP,0
US1CAME0004,20210816,PRCP,0
US1CAME0004,20210817,PRCP,0
US1CAME0004,20210818,PRCP,0
US1CAME0004,20210819,PRCP,0
US1CAME0004,20210820,PRCP,0
US1CAME0004,20210821,PRCP,0
US1CAME0004,20210822,PRCP,0
US1CAME0004,20210823,PRCP,0
US1CAME0004,20210824,PRCP,0
US1CAME0004,20210825,PRCP,0
US1CAME0004,20210826,PRCP,0
US1CAME0004,20210827,PRCP,0
US1CAME0004,20210828,PRCP,0
US1CAME0004,20210829,PRCP,0
US1CAME0004,20210830,PRCP,0
US1CAME0004,20210831,PRCP,0
US1CAME0004,20210801,SNOW,0
US1CAME0004,20210802,SNOW,0
US1CAME0004,20210803,SNOW,0
US1CAME0004,20210804,SNOW,0
US1CAME0004,20210805,SNOW,0
US1CAME0004,20210806,SNOW,0
US1CAME0004,20210807,SNOW,0
US1CAME0004,20210808,SNOW,0
US1CAME0004,20210809,SNOW,0
US1CAME0004,20210810,SNOW,0
US1CAME0004,20210812,SNOW,0
US1CAME0004,20210813,SNOW,0
US1CAME0004,20210814,SNOW,0
US1CAME0004,20210815,SNOW,0
US1CAME0004,20210816,SNOW,0
US1CAME0004,20210817,SNOW,0
US1CAME0004,20210818,SNOW,0
US1CAME0004,20210819,SNOW,0
US1CAME0004,20210820,SNOW,0
US1CAME0004,20210821,SNOW,0
US1CAME0004,20210822,SNOW,0
US1CAME0004,20210823,SNOW,0
US1CAME0004,20210824,SNOW,0
US1CAME0004,20210825,SNOW,0
US1CAME0004,20210826,SNOW,0
US1CAME0004,20210827,SNOW,0
US1CAME0004,20210828,SNOW,0
US1CAME0004,20210829,SNOW,0
US1CAME0004,20210830,SNOW,0
US1CAME0004,20210831,SNOW,0
US1CAME0004,20210901,PRCP,0
US1CAME0004,20210902,PRCP,0
US1CAME0004,20210903,PRCP,0
US1CAME0004,20210904,PRCP,0
US1CAME0004,20210905,PRCP,0
US1CAME0004,20210906,PRCP,0
US1CAME0004,20210907,PRCP,0
US1CAME0004,20210908,PRCP,0
US1CAME0004,20210909,PRCP,0
US1CAME0004,20210910,PRCP,0
US1CAME0004,20210911,PRCP,0
US1CAME0004,20210912,PRCP,0
US1CAME0004,20210913,PRCP,0
US1CAME0004,20210914,PRCP,0
US1CAME0004,20210915,PRCP,0
US1CAME0004,20210916,PRCP,0
US1CAME0004,20210917,PRCP,0
US1CAME0004,20210918,PRCP,0
US1CAME0004,20210919,PRCP,0
US1CAME0004,20210920,PRCP,0
US1CAME0004,20210921,PRCP,0
US1CAME0004,20210922,PRCP,0
US1CAME0004,20210923,PRCP,0
US1CAME0004,20210924,PRCP,0
US1CAME0004,20210925,PRCP,0
US1CAME0004,20210926,PRCP,0
US1CAME0004,20210927,PRCP,0
US1CAME0004,20210928,PRCP,0
US1CAME0004,20210929,PRCP,0
US1CAME0004,20210930,PRCP,0
US1CAME0004,20210901,SNOW,0
US1CAME0004,20210902,SNOW,0
US1CAME0004,20210903,SNOW,0
US1CAME0004,20210904,SNOW,0
US1CAME0004,20210905,SNOW,0
US1CAME0004,20210906,SNOW,0
US1CAME0004,20210907,SNOW,0
US1CAME0004,20210908,SNOW,0
US1CAME0004,20210909,SNOW,0
US1CAME0004,20210910,SNOW,0
US1CAME0004,20210911,SNOW,0
US1CAME0004,20210912,SNOW,0
US1CAME0004,20210913,SNOW,0
US1CAME0004,20210914,SNOW,0
US1CAME0004,20210915,SNOW,0
US1CAME0004,20210916,SNOW,0
US1CAME0004,20210917,SNOW,0
US1CAME0004,20210918,SNOW,0
US1CAME0004,20210919,SNOW,0
US1CAME0004,20210920,SNOW,0
US1CAME0004,20210921,SNOW,0
US1CAME0004,20210922,SNOW,0
US1CAME0004,20210923,SNOW,0
US1CAME0004,20210924,SNOW,0
US1CAME0004,20210925,SNOW,0
US1CAME0004,20210926,SNOW,0
US1CAME0004,20210927,SNOW,0
US1CAME0004,20210928,SNOW,0
US1CAME0004,20210929,SNOW,0
US1CAME0004,20210930,SNOW,0
US1CAME0004,20211001,PRCP,0
US1CAME0004,20211002,PRCP,0
US1CAME0004,20211003,PRCP,0
US1CAME0004,20211004,PRCP,0
US1CAME0004,20211005,PRCP,0
US1CAME0004,20211006,PRCP,0
US1CAME0004,20211007,PRCP,0
US1CAME0004,20211008,PRCP,5
US1CAME0004,20211009,PRCP,8
US1CAME0004,20211010,PRCP,0
US1CAME0004,20211011,PRCP,0
US1CAME0004,20211012,PRCP,0
US1CAME0004,20211013,PRCP,0
US1CAME0004,20211014,PRCP,0
US1CAME0004,20211015,PRCP,0
US1CAME0004,20211016,PRCP,0
US1CAME0004,20211017,PRCP,0
US1CAME0004,20211018,PRCP,0
US1CAME0004,20211019,PRCP,0
US1CAME0004,20211020,PRCP,0
US1CAME0004,20211021,PRCP,0
US1CAME0004,20211022,PRCP,0
US1CAME0004,20211023,PRCP,30
US1CAME0004,20211024,PRCP,3
US1CAME0004,20211025,PRCP,409
US1CAME0004,20211026,PRCP,18
US1CAME0004,20211027,PRCP,0
US1CAME0004,20211028,PRCP,0
US1CAME0004,20211029,PRCP,0
US1CAME0004,20211030,PRCP,0
US1CAME0004,20211031,PRCP,0
US1CAME0004,20211001,SNOW,0
US1CAME0004,20211002,SNOW,0
US1CAME0004,20211003,SNOW,0
US1CAME0004,20211004,SNOW,0
US1CAME0004,20211005,SNOW,0
US1CAME0004,20211006,SNOW,0
US1CAME0004,20211007,SNOW,0
US1CAME0004,20211010,SNOW,0
US1CAME0004,20211011,SNOW,0
US1CAME0004,20211012,SNOW,0
US1CAME0004,20211013,SNOW,0
US1CAME0004,20211014,SNOW,0
US1CAME0004,20211015,SNOW,0
US1CAME0004,20211016,SNOW,0
US1CAME0004,20211017,SNOW,0
US1CAME0004,20211019,SNOW,0
US1CAME0004,20211020,SNOW,0
US1CAME0004,20211021,SNOW,0
US1CAME0004,20211022,SNOW,0
US1CAME0004,20211027,SNOW,0
US1CAME0004,20211028,SNOW,0
US1CAME0004,20211029,SNOW,0
US1CAME0004,20211030,SNOW,0
US1CAME0004,20211031,SNOW,0
US1CAME0004,20211101,PRCP,0
US1CAME0004,20211102,PRCP,5
US1CAME0004,20211103,PRCP,0
US1CAME0004,20211104,PRCP,3
US1CAME0004,20211105,PRCP,0
US1CAME0004,20211106,PRCP,0
US1CAME0004,20211107,PRCP,0
US1CAME0004,20211108,PRCP,0
US1CAME0004,20211109,PRCP,76
US1CAME0004,20211110,PRCP,3
US1CAME0004,20211111,PRCP,0
US1CAME0004,20211112,PRCP,0
US1CAME0004,20211113,PRCP,0
US1CAME0004,20211114,PRCP,0
US1CAME0004,20211115,PRCP,0
US1CAME0004,20211116,PRCP,0
US1CAME0004,20211117,PRCP,0
US1CAME0004,20211118,PRCP,0
US1CAME0004,20211119,PRCP,3
US1CAME0004,20211120,PRCP,0
US1CAME0004,20211121,PRCP,0
US1CAME0004,20211122,PRCP,0
US1CAME0004,20211123,PRCP,0
US1CAME0004,20211124,PRCP,0
US1CAME0004,20211125,PRCP,0
US1CAME0004,20211126,PRCP,0
US1CAME0004,20211127,PRCP,0
US1CAME0004,20211128,PRCP,0
US1CAME0004,20211129,PRCP,0
US1CAME0004,20211130,PRCP,0
US1CAME0004,20211101,SNOW,0
US1CAME0004,20211103,SNOW,0
US1CAME0004,20211105,SNOW,0
US1CAME0004,20211106,SNOW,0
US1CAME0004,20211107,SNOW,0
US1CAME0004,20211108,SNOW,0
US1CAME0004,20211111,SNOW,0
US1CAME0004,20211112,SNOW,0
US1CAME0004,20211113,SNOW,0
US1CAME0004,20211114,SNOW,0
US1CAME0004,20211115,SNOW,0
US1CAME0004,20211116,SNOW,0
US1CAME0004,20211117,SNOW,0
US1CAME0004,20211118,SNOW,0
US1CAME0004,20211120,SNOW,0
US1CAME0004,20211121,SNOW,0
US1CAME0004,20211122,SNOW,0
US1CAME0004,20211123,SNOW,0
US1CAME0004,20211124,SNOW,0
US1CAME0004,20211125,SNOW,0
US1CAME0004,20211126,SNOW,0
US1CAME0004,20211127,SNOW,0
US1CAME0004,20211128,SNOW,0
US1CAME0004,20211129,SNOW,0
US1CAME0004,20211130,SNOW,0
US1CAME0004,20211201,PRCP,0
US1CAME0004,20211202,PRCP,0
US1CAME0004,20211203,PRCP,0
US1CAME0004,20211204,PRCP,0
US1CAME0004,20211205,PRCP,0
US1CAME0004,20211206,PRCP,0
US1CAME0004,20211207,PRCP,3
US1CAME0004,20211208,PRCP,0
US1CAME0004,20211209,PRCP,69
US1CAME0004,20211210,PRCP,8
US1CAME0004,20211211,PRCP,0
US1CAME0004,20211213,PRCP,23
US1CAME0004,20211214,PRCP,422
US1CAME0004,20211215,PRCP,3
US1CAME0004,20211216,PRCP,48
US1CAME0004,20211217,PRCP,13
US1CAME0004,20211218,PRCP,0
US1CAME0004,20211219,PRCP,0
US1CAME0004,20211220,PRCP,0
US1CAME0004,20211221,PRCP,0
US1CAME0004,20211222,PRCP,8
US1CAME0004,20211223,PRCP,41
US1CAME0004,20211224,PRCP,173
US1CAME0004,20211225,PRCP,8
US1CAME0004,20211226,PRCP,147
US1CAME0004,20211227,PRCP,56
US1CAME0004,20211228,PRCP,117
US1CAME0004,20211229,PRCP,46
US1CAME0004,20211230,PRCP,25
US1CAME0004,20211231,PRCP,3
US1CAME0004,20211201,SNOW,0
US1CAME0004,20211202,SNOW,0
US1CAME0004,20211203,SNOW,0
US1CAME0004,20211204,SNOW,0
US1CAME0004,20211205,SNOW,0
US1CAME0004,20211206,SNOW,0
US1CAME0004,20211208,SNOW,0
US1CAME0004,20211211,SNOW,0
US1CAME0004,20211218,SNOW,0
US1CAME0004,20211219,SNOW,0
US1CAME0004,20211220,SNOW,0
US1CAME0004,20211221,SNOW,0
US1CAME0004,20220101,PRCP,0
US1CAME0004,20220102,PRCP,0
US1CAME0004,20220103,PRCP,0
US1CAME0004,20220104,PRCP,0
US1CAME0004,20220105,PRCP,0
US1CAME0004,20220106,PRCP,0
US1CAME0004,20220107,PRCP,0
US1CAME0004,20220108,PRCP,10
US1CAME0004,20220109,PRCP,0
US1CAME0004,20220110,PRCP,0
US1CAME0004,20220111,PRCP,0
US1CAME0004,20220112,PRCP,0
US1CAME0004,20220113,PRCP,0
US1CAME0004,20220114,PRCP,0
US1CAME0004,20220120,PRCP,0
US1CAME0004,20220121,PRCP,0
US1CAME0004,20220122,PRCP,0
US1CAME0004,20220123,PRCP,0
US1CAME0004,20220124,PRCP,0
US1CAME0004,20220125,PRCP,0
US1CAME0004,20220126,PRCP,0
US1CAME0004,20220127,PRCP,0
US1CAME0004,20220128,PRCP,0
US1CAME0004,20220129,PRCP,0
US1CAME0004,20220131,PRCP,0
US1CAME0004,20220101,SNOW,0
US1CAME0004,20220102,SNOW,0
US1CAME0004,20220103,SNOW,0
US1CAME0004,20220104,SNOW,0
US1CAME0004,20220105,SNOW,0
US1CAME0004,20220106,SNOW,0
US1CAME0004,20220107,SNOW,0
US1CAME0004,20220109,SNOW,0
US1CAME0004,20220110,SNOW,0
US1CAME0004,20220111,SNOW,0
US1CAME0004,20220112,SNOW,0
US1CAME0004,20220113,SNOW,0
US1CAME0004,20220114,SNOW,0
US1CAME0004,20220120,SNOW,0
US1CAME0004,20220121,SNOW,0
US1CAME0004,20220122,SNOW,0
US1CAME0004,20220123,SNOW,0
US1CAME0004,20220124,SNOW,0
US1CAME0004,20220125,SNOW,0
US1CAME0004,20220126,SNOW,0
US1CAME0004,20220127,SNOW,0
US1CAME0004,20220128,SNOW,0
US1CAME0004,20220129,SNOW,0
US1CAME0004,20220131,SNOW,0
US1CAME0004,20220119,DAPR,5
US1CAME0004,20220119,MDPR,5
US1CAME0004,20220201,PRCP,0
US1CAME0004,20220202,PRCP,0
US1CAME0004,20220203,PRCP,0
US1CAME0004,20220204,PRCP,0
US1CAME0004,20220205,PRCP,0
US1CAME0004,20220206,PRCP,0
US1CAME0004,20220207,PRCP,0
US1CAME0004,20220208,PRCP,0
US1CAME0004,20220209,PRCP,0
US1CAME0004,20220210,PRCP,0
US1CAME0004,20220211,PRCP,0
US1CAME0004,20220212,PRCP,0
US1CAME0004,20220213,PRCP,0
US1CAME0004,20220214,PRCP,0
US1CAME0004,20220215,PRCP,0
US1CAME0004,20220216,PRCP,0
US1CAME0004,20220217,PRCP,0
US1CAME0004,20220218,PRCP,0
US1CAME0004,20220219,PRCP,0
US1CAME0004,20220220,PRCP,0
US1CAME0004,20220221,PRCP,0
US1CAME0004,20220222,PRCP,3
US1CAME0004,20220223,PRCP,13
US1CAME0004,20220224,PRCP,0
US1CAME0004,20220225,PRCP,0
US1CAME0004,20220226,PRCP,0
US1CAME0004,20220227,PRCP,0
US1CAME0004,20220228,PRCP,0
US1CAME0004,20220201,SNOW,0
US1CAME0004,20220202,SNOW,0
US1CAME0004,20220203,SNOW,0
US1CAME0004,20220204,SNOW,0
US1CAME0004,20220205,SNOW,0
US1CAME0004,20220206,SNOW,0
US1CAME0004,20220207,SNOW,0
US1CAME0004,20220208,SNOW,0
US1CAME0004,20220209,SNOW,0
US1CAME0004,20220210,SNOW,0
US1CAME0004,20220211,SNOW,0
US1CAME0004,20220212,SNOW,0
US1CAME0004,20220213,SNOW,0
US1CAME0004,20220214,SNOW,0
US1CAME0004,20220215,SNOW,0
US1CAME0004,20220216,SNOW,0
US1CAME0004,20220217,SNOW,0
US1CAME0004,20220218,SNOW,0
US1CAME0004,20220219,SNOW,0
US1CAME0004,20220220,SNOW,0
US1CAME0004,20220221,SNOW,0
US1CAME0004,20220224,SNOW,0
US1CAME0004,20220225,SNOW,0
US1CAME0004,20220226,SNOW,0
US1CAME0004,20220227,SNOW,0
US1CAME0004,20220228,SNOW,0
US1CAME0004,20220301,PRCP,0
US1CAME0004,20220302,PRCP,0
US1CAME0004,20220303,PRCP,0
US1CAME0004,20220304,PRCP,0
US1CAME0004,20220305,PRCP,3
US1CAME0004,20220306,PRCP,0
US1CAME0004,20220307,PRCP,0
US1CAME0004,20220308,PRCP,0
US1CAME0004,20220309,PRCP,0
US1CAME0004,20220310,PRCP,0
US1CAME0004,20220311,PRCP,0
US1CAME0004,20220312,PRCP,0
US1CAME0004,20220313,PRCP,0
US1CAME0004,20220314,PRCP,0
US1CAME0004,20220315,PRCP,0
US1CAME0004,20220316,PRCP,10
US1CAME0004,20220317,PRCP,0
US1CAME0004,20220318,PRCP,0
US1CAME0004,20220319,PRCP,0
US1CAME0004,20220320,PRCP,109
US1CAME0004,20220321,PRCP,0
US1CAME0004,20220322,PRCP,0
US1CAME0004,20220323,PRCP,0
US1CAME0004,20220324,PRCP,0
US1CAME0004,20220325,PRCP,0
US1CAME0004,20220326,PRCP,0
US1CAME0004,20220327,PRCP,0
US1CAME0004,20220328,PRCP,97
US1CAME0004,20220329,PRCP,5
US1CAME0004,20220330,PRCP,0
US1CAME0004,20220331,PRCP,0
US1CAME0004,20220301,SNOW,0
US1CAME0004,20220302,SNOW,0
US1CAME0004,20220303,SNOW,0
US1CAME0004,20220306,SNOW,0
US1CAME0004,20220307,SNOW,0
US1CAME0004,20220308,SNOW,0
US1CAME0004,20220309,SNOW,0
US1CAME0004,20220310,SNOW,0
US1CAME0004,20220311,SNOW,0
US1CAME0004,20220312,SNOW,0
US1CAME0004,20220313,SNOW,0
US1CAME0004,20220314,SNOW,0
US1CAME0004,20220315,SNOW,0
US1CAME0004,20220317,SNOW,0
US1CAME0004,20220318,SNOW,0
US1CAME0004,20220319,SNOW,0
US1CAME0004,20220321,SNOW,0
US1CAME0004,20220322,SNOW,0
US1CAME0004,20220323,SNOW,0
US1CAME0004,20220324,SNOW,0
US1CAME0004,20220325,SNOW,0
US1CAME0004,20220326,SNOW,0
US1CAME0004,20220327,SNOW,0
US1CAME0004,20220330,SNOW,0
US1CAME0004,20220331,SNOW,0
US1CAME0004,20220401,PRCP,0
US1CAME0004,20220402,PRCP,0
US1CAME0004,20220403,PRCP,0
US1CAME0004,20220412,PRCP,10
US1CAME0004,20220413,PRCP,0
US1CAME0004,20220414,PRCP,0
US1CAME0004,20220415,PRCP,0
US1CAME0004,20220416,PRCP,46
US1CAME0004,20220417,PRCP,43
US1CAME0004,20220418,PRCP,0
US1CAME0004,20220420,PRCP,0
US1CAME0004,20220421,PRCP,8
US1CAME0004,20220422,PRCP,102
US1CAME0004,20220423,PRCP,0
US1CAME0004,20220424,PRCP,0
US1CAME0004,20220425,PRCP,0
US1CAME0004,20220426,PRCP,0
US1CAME0004,20220427,PRCP,0
US1CAME0004,20220428,PRCP,0
US1CAME0004,20220429,PRCP,0
US1CAME0004,20220430,PRCP,0
US1CAME0004,20220401,SNOW,0
US1CAME0004,20220402,SNOW,0
US1CAME0004,20220403,SNOW,0
US1CAME0004,20220413,SNOW,0
US1CAME0004,20220414,SNOW,0
US1CAME0004,20220415,SNOW,0
US1CAME0004,20220418,SNOW,0
US1CAME0004,20220420,SNOW,0
US1CAME0004,20220423,SNOW,0
US1CAME0004,20220424,SNOW,0
US1CAME0004,20220425,SNOW,0
US1CAME0004,20220426,SNOW,0
US1CAME0004,20220427,SNOW,0
US1CAME0004,20220428,SNOW,0
US1CAME0004,20220429,SNOW,0
US1CAME0004,20220430,SNOW,0
US1CAME0004,20220411,DAPR,8
US1CAME0004,20220411,MDPR,0
US1CAME0004,20220501,PRCP,0
US1CAME0004,20220502,PRCP,0
US1CAME0004,20220503,PRCP,0
US1CAME0004,20220504,PRCP,0
US1CAME0004,20220505,PRCP,0
US1CAME0004,20220506,PRCP,0
US1CAME0004,20220507,PRCP,0
US1CAME0004,20220508,PRCP,0
US1CAME0004,20220509,PRCP,0
US1CAME0004,20220510,PRCP,0
US1CAME0004,20220511,PRCP,0
US1CAME0004,20220512,PRCP,0
US1CAME0004,20220513,PRCP,0
US1CAME0004,20220514,PRCP,0
US1CAME0004,20220515,PRCP,0
US1CAME0004,20220516,PRCP,0
US1CAME0004,20220517,PRCP,0
US1CAME0004,20220518,PRCP,0
US1CAME0004,20220519,PRCP,0
US1CAME0004,20220520,PRCP,0
US1CAME0004,20220521,PRCP,0
US1CAME0004,20220522,PRCP,0
US1CAME0004,20220523,PRCP,0
US1CAME0004,20220524,PRCP,0
US1CAME0004,20220525,PRCP,0
US1CAME0004,20220526,PRCP,0
US1CAME0004,20220527,PRCP,0
US1CAME0004,20220528,PRCP,0
US1CAME0004,20220529,PRCP,0
US1CAME0004,20220530,PRCP,0
US1CAME0004,20220531,PRCP,0
US1CAME0004,20220501,SNOW,0
US1CAME0004,20220502,SNOW,0
US1CAME0004,20220503,SNOW,0
US1CAME0004,20220504,SNOW,0
US1CAME0004,20220505,SNOW,0
US1CAME0004,20220506,SNOW,0
US1CAME0004,20220507,SNOW,0
US1CAME0004,20220508,SNOW,0
US1CAME0004,20220509,SNOW,0
US1CAME0004,20220510,SNOW,0
US1CAME0004,20220511,SNOW,0
US1CAME0004,20220512,SNOW,0
US1CAME0004,20220513,SNOW,0
US1CAME0004,20220514,SNOW,0
US1CAME0004,20220515,SNOW,0
US1CAME0004,20220516,SNOW,0
US1CAME0004,20220517,SNOW,0
US1CAME0004,20220518,SNOW,0
US1CAME0004,20220519,SNOW,0
US1CAME0004,20220520,SNOW,0
US1CAME0004,20220521,SNOW,0
US1CAME0004,20220522,SNOW,0
US1CAME0004,20220523,SNOW,0
US1CAME0004,20220524,SNOW,0
US1CAME0004,20220525,SNOW,0
US1CAME0004,20220526,SNOW,0
US1CAME0004,20220527,SNOW,0
US1CAME0004,20220528,SNOW,0
US1CAME0004,20220529,SNOW,0
US1CAME0004,20220530,SNOW,0
US1CAME0004,20220531,SNOW,0
US1CAME0004,20220601,PRCP,0
US1CAME0004,20220602,PRCP,0
US1CAME0004,20220603,PRCP,0
US1CAME0004,20220604,PRCP,0
US1CAME0004,20220605,PRCP,0
US1CAME0004,20220606,PRCP,0
US1CAME0004,20220607,PRCP,0
US1CAME0004,20220608,PRCP,0
US1CAME0004,20220609,PRCP,0
US1CAME0004,20220610,PRCP,0
US1CAME0004,20220611,PRCP,0
US1CAME0004,20220612,PRCP,0
US1CAME0004,20220613,PRCP,0
US1CAME0004,20220614,PRCP,0
US1CAME0004,20220615,PRCP,0
US1CAME0004,20220616,PRCP,0
US1CAME0004,20220617,PRCP,0
US1CAME0004,20220618,PRCP,0
US1CAME0004,20220619,PRCP,0
US1CAME0004,20220620,PRCP,0
US1CAME0004,20220621,PRCP,0
US1CAME0004,20220622,PRCP,0
US1CAME0004,20220623,PRCP,0
US1CAME0004,20220624,PRCP,0
US1CAME0004,20220625,PRCP,0
US1CAME0004,20220626,PRCP,0
US1CAME0004,20220627,PRCP,0
US1CAME0004,20220628,PRCP,0
US1CAME0004,20220629,PRCP,0
US1CAME0004,20220630,PRCP,0
US1CAME0004,20220601,SNOW,0
US1CAME0004,20220602,SNOW,0
US1CAME0004,20220603,SNOW,0
US1CAME0004,20220604,SNOW,0
US1CAME0004,20220606,SNOW,0
US1CAME0004,20220607,SNOW,0
US1CAME0004,20220608,SNOW,0
US1CAME0004,20220609,SNOW,0
US1CAME0004,20220610,SNOW,0
US1CAME0004,20220611,SNOW,0
US1CAME0004,20220612,SNOW,0
US1CAME0004,20220613,SNOW,0
US1CAME0004,20220614,SNOW,0
US1CAME0004,20220615,SNOW,0
US1CAME0004,20220616,SNOW,0
US1CAME0004,20220617,SNOW,0
US1CAME0004,20220618,SNOW,0
US1CAME0004,20220619,SNOW,0
US1CAME0004,20220620,SNOW,0
US1CAME0004,20220621,SNOW,0
US1CAME0004,20220622,SNOW,0
US1CAME0004,20220623,SNOW,0
US1CAME0004,20220624,SNOW,0
US1CAME0004,20220625,SNOW,0
US1CAME0004,20220626,SNOW,0
US1CAME0004,20220627,SNOW,0
US1CAME0004,20220628,SNOW,0
US1CAME0004,20220629,SNOW,0
US1CAME0004,20220630,SNOW,0
