US1CAMP0009,20091020,PRCP,0,Unnamed: 4,Unnamed: 5,N,0700
US1CAMP0009,20091020,SNOW,0,,,N,700
US1CAMP0009,20161121,PRCP,0,,,N,700
US1CAMP0009,20161121,SNOW,0,,,N,700
US1CAMP0009,20171001,PRCP,0,,,N,700
US1CAMP0009,20171002,PRCP,0,,,N,700
US1CAMP0009,20171003,PRCP,0,,,N,700
US1CAMP0009,20171004,PRCP,0,,,N,700
US1CAMP0009,20171005,PRCP,0,,,N,700
US1CAMP0009,20171006,PRCP,0,,,N,700
US1CAMP0009,20171007,PRCP,0,,,N,700
US1CAMP0009,20171008,PRCP,0,,,N,700
US1CAMP0009,20171009,PRCP,0,,,N,700
US1CAMP0009,20171010,PRCP,0,,,N,700
US1CAMP0009,20171011,PRCP,0,,,N,700
US1CAMP0009,20171012,PRCP,0,,,N,700
US1CAMP0009,20171013,PRCP,0,,,N,700
US1CAMP0009,20171014,PRCP,0,,,N,700
US1CAMP0009,20171015,PRCP,0,,,N,700
US1CAMP0009,20171016,PRCP,0,,,N,700
US1CAMP0009,20171017,PRCP,0,,,N,700
US1CAMP0009,20171018,PRCP,0,,,N,700
US1CAMP0009,20171019,PRCP,0,,,N,700
US1CAMP0009,20171020,PRCP,71,,,N,700
US1CAMP0009,20171021,PRCP,0,,,N,700
US1CAMP0009,20171022,PRCP,0,,,N,700
US1CAMP0009,20171023,PRCP,0,,,N,700
US1CAMP0009,20171024,PRCP,0,,,N,700
US1CAMP0009,20171025,PRCP,0,,,N,700
US1CAMP0009,20171026,PRCP,0,,,N,700
US1CAMP0009,20171027,PRCP,0,,,N,700
US1CAMP0009,20171028,PRCP,0,,,N,700
US1CAMP0009,20171029,PRCP,0,,,N,700
US1CAMP0009,20171030,PRCP,0,,,N,700
US1CAMP0009,20171031,PRCP,0,,,N,700
US1CAMP0009,20171001,SNOW,0,,,N,700
US1CAMP0009,20171002,SNOW,0,,,N,700
US1CAMP0009,20171003,SNOW,0,,,N,700
US1CAMP0009,20171004,SNOW,0,,,N,700
US1CAMP0009,20171005,SNOW,0,,,N,700
US1CAMP0009,20171006,SNOW,0,,,N,700
US1CAMP0009,20171007,SNOW,0,,,N,700
US1CAMP0009,20171008,SNOW,0,,,N,700
US1CAMP0009,20171009,SNOW,0,,,N,700
US1CAMP0009,20171010,SNOW,0,,,N,700
US1CAMP0009,20171011,SNOW,0,,,N,700
US1CAMP0009,20171012,SNOW,0,,,N,700
US1CAMP0009,20171013,SNOW,0,,,N,700
US1CAMP0009,20171014,SNOW,0,,,N,700
US1CAMP0009,20171015,SNOW,0,,,N,700
US1CAMP0009,20171016,SNOW,0,,,N,700
US1CAMP0009,20171017,SNOW,0,,,N,700
US1CAMP0009,20171018,SNOW,0,,,N,700
US1CAMP0009,20171019,SNOW,0,,,N,700
US1CAMP0009,20171021,SNOW,0,,,N,700
US1CAMP0009,20171022,SNOW,0,,,N,700
US1CAMP0009,20171023,SNOW,0,,,N,700
US1CAMP0009,20171024,SNOW,0,,,N,700
US1CAMP0009,20171025,SNOW,0,,,N,700
US1CAMP0009,20171026,SNOW,0,,,N,700
US1CAMP0009,20171027,SNOW,0,,,N,700
US1CAMP0009,20171028,SNOW,0,,,N,700
US1CAMP0009,20171029,SNOW,0,,,N,700
US1CAMP0009,20171030,SNOW,0,,,N,700
US1CAMP0009,20171031,SNOW,0,,,N,700
US1CAMP0009,20171101,PRCP,0,,,N,700
US1CAMP0009,20171102,PRCP,0,,,N,700
US1CAMP0009,20171103,PRCP,0,,,N,700
US1CAMP0009,20171104,PRCP,25,,,N,700
US1CAMP0009,20171105,PRCP,18,,,N,700
US1CAMP0009,20171106,PRCP,0,,,N,700
US1CAMP0009,20171107,PRCP,0,,,N,700
US1CAMP0009,20171108,PRCP,0,,,N,700
US1CAMP0009,20171109,PRCP,0,,,N,700
US1CAMP0009,20171110,PRCP,0,,,N,700
US1CAMP0009,20171111,PRCP,0,,,N,700
US1CAMP0009,20171112,PRCP,0,,,N,700
US1CAMP0009,20171113,PRCP,0,,,N,700
US1CAMP0009,20171114,PRCP,0,,,N,700
US1CAMP0009,20171115,PRCP,0,,,N,700
US1CAMP0009,20171117,PRCP,676,,,N,725
US1CAMP0009,20171118,PRCP,0,,,N,700
US1CAMP0009,20171119,PRCP,0,,,N,700
US1CAMP0009,20171120,PRCP,0,,,N,700
US1CAMP0009,20171121,PRCP,0,,,N,700
US1CAMP0009,20171122,PRCP,0,,,N,700
US1CAMP0009,20171123,PRCP,0,,,N,700
US1CAMP0009,20171124,PRCP,0,,,N,700
US1CAMP0009,20171125,PRCP,0,,,N,700
US1CAMP0009,20171126,PRCP,0,,,N,700
US1CAMP0009,20171127,PRCP,361,,,N,720
US1CAMP0009,20171128,PRCP,0,,,N,700
US1CAMP0009,20171129,PRCP,0,,,N,700
US1CAMP0009,20171130,PRCP,0,,,N,700
US1CAMP0009,20171101,SNOW,0,,,N,700
US1CAMP0009,20171102,SNOW,0,,,N,700
US1CAMP0009,20171103,SNOW,0,,,N,700
US1CAMP0009,20171106,SNOW,0,,,N,700
US1CAMP0009,20171107,SNOW,0,,,N,700
US1CAMP0009,20171108,SNOW,0,,,N,700
US1CAMP0009,20171109,SNOW,0,,,N,700
US1CAMP0009,20171110,SNOW,0,,,N,700
US1CAMP0009,20171111,SNOW,0,,,N,700
US1CAMP0009,20171112,SNOW,0,,,N,700
US1CAMP0009,20171113,SNOW,0,,,N,700
US1CAMP0009,20171114,SNOW,0,,,N,700
US1CAMP0009,20171115,SNOW,0,,,N,700
US1CAMP0009,20171118,SNOW,0,,,N,700
US1CAMP0009,20171119,SNOW,0,,,N,700
US1CAMP0009,20171120,SNOW,0,,,N,700
US1CAMP0009,20171121,SNOW,0,,,N,700
US1CAMP0009,20171122,SNOW,0,,,N,700
US1CAMP0009,20171123,SNOW,0,,,N,700
US1CAMP0009,20171124,SNOW,0,,,N,700
US1CAMP0009,20171125,SNOW,0,,,N,700
US1CAMP0009,20171126,SNOW,0,,,N,700
US1CAMP0009,20171128,SNOW,0,,,N,700
US1CAMP0009,20171129,SNOW,0,,,N,700
US1CAMP0009,20171130,SNOW,0,,,N,700
US1CAMP0009,20171201,PRCP,0,,,N,700
US1CAMP0009,20171202,PRCP,0,,,N,700
US1CAMP0009,20171203,PRCP,18,,,N,800
US1CAMP0009,20171204,PRCP,0,,,N,700
US1CAMP0009,20171205,PRCP,0,,,N,700
US1CAMP0009,20171206,PRCP,0,,,N,700
US1CAMP0009,20171207,PRCP,0,,,N,700
US1CAMP0009,20171208,PRCP,0,,,N,700
US1CAMP0009,20171209,PRCP,0,,,N,700
US1CAMP0009,20171210,PRCP,0,,,N,700
US1CAMP0009,20171211,PRCP,0,,,N,700
US1CAMP0009,20171212,PRCP,0,,,N,700
US1CAMP0009,20171213,PRCP,0,,,N,700
US1CAMP0009,20171214,PRCP,0,,,N,700
US1CAMP0009,20171215,PRCP,0,,,N,700
US1CAMP0009,20171216,PRCP,0,,,N,700
US1CAMP0009,20171217,PRCP,0,,,N,700
US1CAMP0009,20171218,PRCP,0,,,N,700
US1CAMP0009,20171219,PRCP,0,,,N,700
US1CAMP0009,20171220,PRCP,10,,,N,800
US1CAMP0009,20171221,PRCP,43,,,N,700
US1CAMP0009,20171222,PRCP,216,,L,N,700
US1CAMP0009,20171201,SNOW,0,,,N,700
US1CAMP0009,20171202,SNOW,0,,,N,700
US1CAMP0009,20171204,SNOW,0,,,N,700
US1CAMP0009,20171205,SNOW,0,,,N,700
US1CAMP0009,20171206,SNOW,0,,,N,700
US1CAMP0009,20171207,SNOW,0,,,N,700
US1CAMP0009,20171208,SNOW,0,,,N,700
US1CAMP0009,20171209,SNOW,0,,,N,700
US1CAMP0009,20171210,SNOW,0,,,N,700
US1CAMP0009,20171211,SNOW,0,,,N,700
US1CAMP0009,20171212,SNOW,0,,,N,700
US1CAMP0009,20171213,SNOW,0,,,N,700
US1CAMP0009,20171214,SNOW,0,,,N,700
US1CAMP0009,20171215,SNOW,0,,,N,700
US1CAMP0009,20171216,SNOW,0,,,N,700
US1CAMP0009,20171217,SNOW,0,,,N,700
US1CAMP0009,20171218,SNOW,0,,,N,700
US1CAMP0009,20171219,SNOW,0,,,N,700
US1CAMP0009,20180104,PRCP,20,,,N,700
US1CAMP0009,20180105,PRCP,0,,,N,700
US1CAMP0009,20180106,PRCP,140,,,N,700
US1CAMP0009,20180107,PRCP,71,,,N,700
US1CAMP0009,20180108,PRCP,97,,,N,700
US1CAMP0009,20180109,PRCP,495,,,N,700
US1CAMP0009,20180110,PRCP,117,,,N,700
US1CAMP0009,20180111,PRCP,0,,,N,700
US1CAMP0009,20180112,PRCP,0,,,N,700
US1CAMP0009,20180113,PRCP,0,,,N,700
US1CAMP0009,20180114,PRCP,0,,,N,700
US1CAMP0009,20180115,PRCP,0,,,N,700
US1CAMP0009,20180116,PRCP,3,,,N,700
US1CAMP0009,20180117,PRCP,0,,,N,700
US1CAMP0009,20180118,PRCP,0,,,N,700
US1CAMP0009,20180119,PRCP,147,,,N,700
US1CAMP0009,20180120,PRCP,0,,,N,700
US1CAMP0009,20180121,PRCP,0,,,N,700
US1CAMP0009,20180122,PRCP,0,,,N,700
US1CAMP0009,20180123,PRCP,0,,,N,700
US1CAMP0009,20180124,PRCP,0,,,N,700
US1CAMP0009,20180125,PRCP,99,,,N,700
US1CAMP0009,20180126,PRCP,0,,,N,700
US1CAMP0009,20180127,PRCP,0,,,N,700
US1CAMP0009,20180128,PRCP,0,,,N,700
US1CAMP0009,20180129,PRCP,0,,,N,700
US1CAMP0009,20180130,PRCP,0,,,N,700
US1CAMP0009,20180131,PRCP,0,,,N,700
US1CAMP0009,20180105,SNOW,0,,,N,700
US1CAMP0009,20180111,SNOW,0,,,N,700
US1CAMP0009,20180112,SNOW,0,,,N,700
US1CAMP0009,20180113,SNOW,0,,,N,700
US1CAMP0009,20180114,SNOW,0,,,N,700
US1CAMP0009,20180115,SNOW,0,,,N,700
US1CAMP0009,20180117,SNOW,0,,,N,700
US1CAMP0009,20180118,SNOW,0,,,N,700
US1CAMP0009,20180119,SNOW,0,,,N,700
US1CAMP0009,20180120,SNOW,0,,,N,700
US1CAMP0009,20180121,SNOW,0,,,N,700
US1CAMP0009,20180122,SNOW,0,,,N,700
US1CAMP0009,20180123,SNOW,0,,,N,700
US1CAMP0009,20180124,SNOW,0,,,N,700
US1CAMP0009,20180126,SNOW,0,,,N,700
US1CAMP0009,20180127,SNOW,0,,,N,700
US1CAMP0009,20180128,SNOW,0,,,N,700
US1CAMP0009,20180129,SNOW,0,,,N,700
US1CAMP0009,20180130,SNOW,0,,,N,700
US1CAMP0009,20180131,SNOW,0,,,N,700
US1CAMP0009,20180103,DAPR,13,,L,N,700
US1CAMP0009,20180103,MDPR,0,,L,N,700
US1CAMP0009,20180201,PRCP,0,,,N,700
US1CAMP0009,20180202,PRCP,0,,,N,700
US1CAMP0009,20180203,PRCP,0,,,N,700
US1CAMP0009,20180204,PRCP,0,,,N,700
US1CAMP0009,20180205,PRCP,0,,,N,700
US1CAMP0009,20180206,PRCP,0,,,N,700
US1CAMP0009,20180207,PRCP,0,,,N,700
US1CAMP0009,20180208,PRCP,0,,,N,700
US1CAMP0009,20180209,PRCP,0,,,N,700
US1CAMP0009,20180210,PRCP,0,,,N,700
US1CAMP0009,20180211,PRCP,0,,,N,700
US1CAMP0009,20180212,PRCP,0,,,N,700
US1CAMP0009,20180213,PRCP,10,,,N,700
US1CAMP0009,20180214,PRCP,0,,,N,700
US1CAMP0009,20180215,PRCP,0,,,N,700
US1CAMP0009,20180216,PRCP,0,,,N,700
US1CAMP0009,20180217,PRCP,0,,,N,700
US1CAMP0009,20180218,PRCP,0,,,N,700
US1CAMP0009,20180219,PRCP,0,,,N,700
US1CAMP0009,20180220,PRCP,0,,,N,700
US1CAMP0009,20180221,PRCP,0,,,N,700
US1CAMP0009,20180222,PRCP,0,,,N,700
US1CAMP0009,20180223,PRCP,112,,,N,1500
US1CAMP0009,20180224,PRCP,0,,,N,700
US1CAMP0009,20180225,PRCP,0,,,N,700
US1CAMP0009,20180226,PRCP,0,,,N,700
US1CAMP0009,20180227,PRCP,119,,,N,700
US1CAMP0009,20180228,PRCP,0,,,N,700
US1CAMP0009,20180201,SNOW,0,,,N,700
US1CAMP0009,20180202,SNOW,0,,,N,700
US1CAMP0009,20180203,SNOW,0,,,N,700
US1CAMP0009,20180204,SNOW,0,,,N,700
US1CAMP0009,20180205,SNOW,0,,,N,700
US1CAMP0009,20180206,SNOW,0,,,N,700
US1CAMP0009,20180207,SNOW,0,,,N,700
US1CAMP0009,20180208,SNOW,0,,,N,700
US1CAMP0009,20180209,SNOW,0,,,N,700
US1CAMP0009,20180210,SNOW,0,,,N,700
US1CAMP0009,20180211,SNOW,0,,,N,700
US1CAMP0009,20180212,SNOW,0,,,N,700
US1CAMP0009,20180214,SNOW,0,,,N,700
US1CAMP0009,20180215,SNOW,0,,,N,700
US1CAMP0009,20180216,SNOW,0,,,N,700
US1CAMP0009,20180217,SNOW,0,,,N,700
US1CAMP0009,20180218,SNOW,0,,,N,700
US1CAMP0009,20180219,SNOW,0,,,N,700
US1CAMP0009,20180220,SNOW,0,,,N,700
US1CAMP0009,20180221,SNOW,0,,,N,700
US1CAMP0009,20180222,SNOW,0,,,N,700
US1CAMP0009,20180224,SNOW,0,,,N,700
US1CAMP0009,20180225,SNOW,0,,,N,700
US1CAMP0009,20180226,SNOW,0,,,N,700
US1CAMP0009,20180227,SNOW,89,,,N,700
US1CAMP0009,20180228,SNOW,0,,,N,700
US1CAMP0009,20180227,SNWD,89,,,N,700
US1CAMP0009,20180227,WESF,119,,,N,700
US1CAMP0009,20180301,PRCP,13,,,N,700
US1CAMP0009,20180302,PRCP,925,,,N,700
US1CAMP0009,20180303,PRCP,663,,,N,700
US1CAMP0009,20180304,PRCP,41,,,N,700
US1CAMP0009,20180305,PRCP,0,,,N,700
US1CAMP0009,20180306,PRCP,0,,,N,700
US1CAMP0009,20180307,PRCP,0,,,N,700
US1CAMP0009,20180308,PRCP,0,,,N,700
US1CAMP0009,20180309,PRCP,0,,,N,700
US1CAMP0009,20180310,PRCP,0,,,N,700
US1CAMP0009,20180311,PRCP,0,,,N,700
US1CAMP0009,20180312,PRCP,0,,,N,700
US1CAMP0009,20180313,PRCP,15,,,N,700
US1CAMP0009,20180314,PRCP,401,,,N,700
US1CAMP0009,20180315,PRCP,71,,,N,700
US1CAMP0009,20180316,PRCP,51,,,N,700
US1CAMP0009,20180317,PRCP,239,,,N,700
US1CAMP0009,20180318,PRCP,36,,,N,700
US1CAMP0009,20180319,PRCP,0,,,N,700
US1CAMP0009,20180320,PRCP,0,,,N,700
US1CAMP0009,20180321,PRCP,122,,,N,800
US1CAMP0009,20180322,PRCP,945,,,N,730
US1CAMP0009,20180323,PRCP,988,,,N,700
US1CAMP0009,20180324,PRCP,0,,,N,700
US1CAMP0009,20180325,PRCP,28,,,N,700
US1CAMP0009,20180326,PRCP,0,,,N,700
US1CAMP0009,20180327,PRCP,0,,,N,700
US1CAMP0009,20180328,PRCP,0,,,N,700
US1CAMP0009,20180329,PRCP,0,,,N,700
US1CAMP0009,20180330,PRCP,0,,,N,700
US1CAMP0009,20180331,PRCP,0,,,N,700
US1CAMP0009,20180302,SNOW,81,,,N,700
US1CAMP0009,20180305,SNOW,0,,,N,700
US1CAMP0009,20180306,SNOW,0,,,N,700
US1CAMP0009,20180307,SNOW,0,,,N,700
US1CAMP0009,20180308,SNOW,0,,,N,700
US1CAMP0009,20180309,SNOW,0,,,N,700
US1CAMP0009,20180310,SNOW,0,,,N,700
US1CAMP0009,20180311,SNOW,0,,,N,700
US1CAMP0009,20180312,SNOW,0,,,N,700
US1CAMP0009,20180319,SNOW,0,,,N,700
US1CAMP0009,20180320,SNOW,0,,,N,700
US1CAMP0009,20180324,SNOW,0,,,N,700
US1CAMP0009,20180326,SNOW,0,,,N,700
US1CAMP0009,20180327,SNOW,0,,,N,700
US1CAMP0009,20180328,SNOW,0,,,N,700
US1CAMP0009,20180329,SNOW,0,,,N,700
US1CAMP0009,20180330,SNOW,0,,,N,700
US1CAMP0009,20180331,SNOW,0,,,N,700
US1CAMP0009,20180401,PRCP,0,,,N,700
US1CAMP0009,20180402,PRCP,0,,,N,700
US1CAMP0009,20180403,PRCP,0,,,N,700
US1CAMP0009,20180404,PRCP,0,,,N,700
US1CAMP0009,20180405,PRCP,0,,,N,700
US1CAMP0009,20180406,PRCP,8,,,N,700
US1CAMP0009,20180407,PRCP,457,,,N,800
US1CAMP0009,20180409,PRCP,0,,,N,700
US1CAMP0009,20180410,PRCP,0,,,N,700
US1CAMP0009,20180411,PRCP,0,,,N,700
US1CAMP0009,20180412,PRCP,43,,,N,700
US1CAMP0009,20180413,PRCP,0,,,N,700
US1CAMP0009,20180414,PRCP,0,,,N,700
US1CAMP0009,20180415,PRCP,0,,,N,700
US1CAMP0009,20180416,PRCP,89,,,N,700
US1CAMP0009,20180417,PRCP,94,,,N,700
US1CAMP0009,20180418,PRCP,0,,,N,700
US1CAMP0009,20180419,PRCP,0,,,N,700
US1CAMP0009,20180420,PRCP,43,,,N,700
US1CAMP0009,20180421,PRCP,0,,,N,700
US1CAMP0009,20180422,PRCP,0,,,N,700
US1CAMP0009,20180423,PRCP,0,,,N,700
US1CAMP0009,20180424,PRCP,0,,,N,700
US1CAMP0009,20180425,PRCP,0,,,N,700
US1CAMP0009,20180426,PRCP,0,,,N,700
US1CAMP0009,20180427,PRCP,0,,,N,700
US1CAMP0009,20180428,PRCP,0,,,N,700
US1CAMP0009,20180429,PRCP,0,,,N,700
US1CAMP0009,20180430,PRCP,0,,,N,700
US1CAMP0009,20180401,SNOW,0,,,N,700
US1CAMP0009,20180402,SNOW,0,,,N,700
US1CAMP0009,20180403,SNOW,0,,,N,700
US1CAMP0009,20180404,SNOW,0,,,N,700
US1CAMP0009,20180405,SNOW,0,,,N,700
US1CAMP0009,20180408,SNOW,0,,,N,700
US1CAMP0009,20180409,SNOW,0,,,N,700
US1CAMP0009,20180410,SNOW,0,,,N,700
US1CAMP0009,20180411,SNOW,0,,,N,700
US1CAMP0009,20180413,SNOW,0,,,N,700
US1CAMP0009,20180414,SNOW,0,,,N,700
US1CAMP0009,20180415,SNOW,0,,,N,700
US1CAMP0009,20180418,SNOW,0,,,N,700
US1CAMP0009,20180419,SNOW,0,,,N,700
US1CAMP0009,20180421,SNOW,0,,,N,700
US1CAMP0009,20180422,SNOW,0,,,N,700
US1CAMP0009,20180423,SNOW,0,,,N,700
US1CAMP0009,20180424,SNOW,0,,,N,700
US1CAMP0009,20180425,SNOW,0,,,N,700
US1CAMP0009,20180426,SNOW,0,,,N,700
US1CAMP0009,20180427,SNOW,0,,,N,700
US1CAMP0009,20180428,SNOW,0,,,N,700
US1CAMP0009,20180429,SNOW,0,,,N,700
US1CAMP0009,20180430,SNOW,0,,,N,700
US1CAMP0009,20180501,PRCP,28,,,N,700
US1CAMP0009,20180502,PRCP,86,,,N,700
US1CAMP0009,20180517,PRCP,0,,,N,700
US1CAMP0009,20180518,PRCP,0,,,N,700
US1CAMP0009,20180519,PRCP,0,,,N,700
US1CAMP0009,20180520,PRCP,0,,,N,700
US1CAMP0009,20180521,PRCP,0,,,N,700
US1CAMP0009,20180522,PRCP,0,,,N,700
US1CAMP0009,20180523,PRCP,0,,,N,700
US1CAMP0009,20180524,PRCP,0,,,N,700
US1CAMP0009,20180525,PRCP,20,,,N,700
US1CAMP0009,20180526,PRCP,20,,,N,700
US1CAMP0009,20180527,PRCP,0,,,N,700
US1CAMP0009,20180517,SNOW,0,,,N,700
US1CAMP0009,20180518,SNOW,0,,,N,700
US1CAMP0009,20180519,SNOW,0,,,N,700
US1CAMP0009,20180520,SNOW,0,,,N,700
US1CAMP0009,20180521,SNOW,0,,,N,700
US1CAMP0009,20180522,SNOW,0,,,N,700
US1CAMP0009,20180523,SNOW,0,,,N,700
US1CAMP0009,20180524,SNOW,0,,,N,700
US1CAMP0009,20180527,SNOW,0,,,N,700
US1CAMP0009,20180511,DAPR,9,,,N,700
US1CAMP0009,20180516,DAPR,5,,,N,700
US1CAMP0009,20180511,MDPR,0,,,N,700
US1CAMP0009,20180516,MDPR,0,,,N,700
US1CAMP0009,20180705,DAPR,39,,L,N,700
US1CAMP0009,20180705,MDPR,0,,L,N,700
US1CAMP0009,20180820,DAPR,46,,L,N,700
US1CAMP0009,20180820,MDPR,0,,L,N,700
US1CAMP0009,20180924,DAPR,35,,L,N,700
US1CAMP0009,20180924,MDPR,0,,L,N,700
US1CAMP0009,20181002,PRCP,0,,,N,700
US1CAMP0009,20181003,PRCP,20,,,N,700
US1CAMP0009,20181004,PRCP,94,,,N,700
US1CAMP0009,20181002,SNOW,0,,,N,700
US1CAMP0009,20181001,DAPR,7,,,N,700
US1CAMP0009,20181001,MDPR,0,,,N,700
US1CAMP0009,20181122,PRCP,373,,,N,700
US1CAMP0009,20181123,PRCP,46,,,N,700
US1CAMP0009,20181124,PRCP,282,,,N,700
US1CAMP0009,20181125,PRCP,0,,,N,700
US1CAMP0009,20181126,PRCP,0,,,N,700
US1CAMP0009,20181127,PRCP,0,,,N,700
US1CAMP0009,20181128,PRCP,137,,,N,700
US1CAMP0009,20181129,PRCP,556,,,N,700
US1CAMP0009,20181130,PRCP,43,,,N,700
US1CAMP0009,20181125,SNOW,0,,,N,700
US1CAMP0009,20181126,SNOW,0,,,N,700
US1CAMP0009,20181127,SNOW,0,,,N,700
US1CAMP0009,20181119,DAPR,45,,L,N,700
US1CAMP0009,20181119,MDPR,0,,L,N,700
US1CAMP0009,20181201,PRCP,10,,,N,700
US1CAMP0009,20181202,PRCP,163,,,N,700
US1CAMP0009,20181203,PRCP,0,,,N,700
US1CAMP0009,20181204,PRCP,0,,,N,700
US1CAMP0009,20181205,PRCP,15,,,N,700
US1CAMP0009,20181206,PRCP,43,,,N,700
US1CAMP0009,20181207,PRCP,0,,,N,700
US1CAMP0009,20181208,PRCP,0,,,N,700
US1CAMP0009,20181209,PRCP,0,,,N,700
US1CAMP0009,20181210,PRCP,0,,,N,700
US1CAMP0009,20181212,PRCP,0,,,N,700
US1CAMP0009,20181213,PRCP,0,,,N,700
US1CAMP0009,20181214,PRCP,0,,,N,700
US1CAMP0009,20181215,PRCP,0,,,N,700
US1CAMP0009,20181216,PRCP,0,,,N,700
US1CAMP0009,20181217,PRCP,170,,,N,700
US1CAMP0009,20181218,PRCP,86,,,N,700
US1CAMP0009,20181219,PRCP,0,,,N,700
US1CAMP0009,20181220,PRCP,0,,,N,700
US1CAMP0009,20181221,PRCP,5,,,N,700
US1CAMP0009,20181222,PRCP,0,,,N,700
US1CAMP0009,20181223,PRCP,0,,,N,700
US1CAMP0009,20181224,PRCP,0,,,N,700
US1CAMP0009,20181225,PRCP,165,,,N,700
US1CAMP0009,20181226,PRCP,0,,,N,700
US1CAMP0009,20181227,PRCP,0,,,N,700
US1CAMP0009,20181228,PRCP,0,,,N,700
US1CAMP0009,20181230,PRCP,0,,,N,700
US1CAMP0009,20181231,PRCP,0,,,N,700
US1CAMP0009,20181203,SNOW,0,,,N,700
US1CAMP0009,20181204,SNOW,0,,,N,700
US1CAMP0009,20181207,SNOW,0,,,N,700
US1CAMP0009,20181208,SNOW,0,,,N,700
US1CAMP0009,20181209,SNOW,0,,,N,700
US1CAMP0009,20181210,SNOW,0,,,N,700
US1CAMP0009,20181212,SNOW,0,,,N,700
US1CAMP0009,20181213,SNOW,0,,,N,700
US1CAMP0009,20181214,SNOW,0,,,N,700
US1CAMP0009,20181215,SNOW,0,,,N,700
US1CAMP0009,20181216,SNOW,0,,,N,700
US1CAMP0009,20181219,SNOW,0,,,N,700
US1CAMP0009,20181220,SNOW,0,,,N,700
US1CAMP0009,20181222,SNOW,0,,,N,700
US1CAMP0009,20181223,SNOW,0,,,N,700
US1CAMP0009,20181224,SNOW,0,,,N,700
US1CAMP0009,20181226,SNOW,0,,,N,700
US1CAMP0009,20181227,SNOW,0,,,N,700
US1CAMP0009,20181228,SNOW,0,,,N,700
US1CAMP0009,20181230,SNOW,0,,,N,700
US1CAMP0009,20181231,SNOW,0,,,N,700
US1CAMP0009,20190101,PRCP,0,,,N,700
US1CAMP0009,20190102,PRCP,0,,,N,700
US1CAMP0009,20190103,PRCP,0,,,N,700
US1CAMP0009,20190104,PRCP,137,,,N,700
US1CAMP0009,20190105,PRCP,0,,,N,700
US1CAMP0009,20190106,PRCP,302,,,N,700
US1CAMP0009,20190107,PRCP,434,,,N,700
US1CAMP0009,20190108,PRCP,0,,,N,700
US1CAMP0009,20190109,PRCP,79,,,N,700
US1CAMP0009,20190110,PRCP,0,,,N,700
US1CAMP0009,20190111,PRCP,0,,,N,700
US1CAMP0009,20190112,PRCP,0,,,N,700
US1CAMP0009,20190113,PRCP,0,,,N,700
US1CAMP0009,20190114,PRCP,0,,,N,700
US1CAMP0009,20190115,PRCP,61,,,N,700
US1CAMP0009,20190116,PRCP,259,,,N,700
US1CAMP0009,20190117,PRCP,800,,,N,700
US1CAMP0009,20190118,PRCP,81,,,N,700
US1CAMP0009,20190119,PRCP,0,,,N,700
US1CAMP0009,20190120,PRCP,0,,,N,700
US1CAMP0009,20190121,PRCP,185,,,N,700
US1CAMP0009,20190122,PRCP,13,,,N,700
US1CAMP0009,20190123,PRCP,0,,,N,700
US1CAMP0009,20190124,PRCP,0,,,N,700
US1CAMP0009,20190125,PRCP,0,,,N,700
US1CAMP0009,20190126,PRCP,0,,,N,700
US1CAMP0009,20190127,PRCP,0,,,N,700
US1CAMP0009,20190128,PRCP,0,,,N,700
US1CAMP0009,20190129,PRCP,0,,,N,700
US1CAMP0009,20190130,PRCP,0,,,N,700
US1CAMP0009,20190131,PRCP,13,,,N,700
US1CAMP0009,20190101,SNOW,0,,,N,700
US1CAMP0009,20190102,SNOW,0,,,N,700
US1CAMP0009,20190103,SNOW,0,,,N,700
US1CAMP0009,20190105,SNOW,0,,,N,700
US1CAMP0009,20190108,SNOW,0,,,N,700
US1CAMP0009,20190110,SNOW,0,,,N,700
US1CAMP0009,20190111,SNOW,0,,,N,700
US1CAMP0009,20190112,SNOW,0,,,N,700
US1CAMP0009,20190113,SNOW,0,,,N,700
US1CAMP0009,20190114,SNOW,0,,,N,700
US1CAMP0009,20190119,SNOW,0,,,N,700
US1CAMP0009,20190120,SNOW,0,,,N,700
US1CAMP0009,20190123,SNOW,0,,,N,700
US1CAMP0009,20190124,SNOW,0,,,N,700
US1CAMP0009,20190125,SNOW,0,,,N,700
US1CAMP0009,20190126,SNOW,0,,,N,700
US1CAMP0009,20190127,SNOW,0,,,N,700
US1CAMP0009,20190128,SNOW,0,,,N,700
US1CAMP0009,20190129,SNOW,0,,,N,700
US1CAMP0009,20190130,SNOW,0,,,N,700
US1CAMP0009,20190202,PRCP,297,,,N,700
US1CAMP0009,20190203,PRCP,688,,,N,700
US1CAMP0009,20190204,PRCP,775,,,N,700
US1CAMP0009,20190205,PRCP,480,,,N,700
US1CAMP0009,20190206,PRCP,0,,,N,700
US1CAMP0009,20190207,PRCP,0,,,N,700
US1CAMP0009,20190208,PRCP,0,,,N,700
US1CAMP0009,20190209,PRCP,401,,,N,700
US1CAMP0009,20190210,PRCP,0,,,N,700
US1CAMP0009,20190211,PRCP,0,,,N,700
US1CAMP0009,20190212,PRCP,0,,,N,700
US1CAMP0009,20190213,PRCP,86,,,N,700
US1CAMP0009,20190214,PRCP,427,,,N,700
US1CAMP0009,20190215,PRCP,89,,,N,700
US1CAMP0009,20190216,PRCP,457,,,N,700
US1CAMP0009,20190217,PRCP,0,,,N,700
US1CAMP0009,20190218,PRCP,0,,,N,700
US1CAMP0009,20190219,PRCP,0,,,N,700
US1CAMP0009,20190220,PRCP,51,,,N,700
US1CAMP0009,20190221,PRCP,0,,,N,700
US1CAMP0009,20190222,PRCP,0,,,N,700
US1CAMP0009,20190223,PRCP,0,,,N,700
US1CAMP0009,20190224,PRCP,0,,,N,700
US1CAMP0009,20190225,PRCP,0,,,N,700
US1CAMP0009,20190226,PRCP,0,,,N,700
US1CAMP0009,20190227,PRCP,46,,,N,700
US1CAMP0009,20190228,PRCP,104,,,N,700
US1CAMP0009,20190206,SNOW,0,,,N,700
US1CAMP0009,20190207,SNOW,0,,,N,700
US1CAMP0009,20190208,SNOW,0,,,N,700
US1CAMP0009,20190210,SNOW,0,,,N,700
US1CAMP0009,20190211,SNOW,0,,,N,700
US1CAMP0009,20190212,SNOW,0,,,N,700
US1CAMP0009,20190217,SNOW,0,,,N,700
US1CAMP0009,20190218,SNOW,0,,,N,700
US1CAMP0009,20190219,SNOW,0,,,N,700
US1CAMP0009,20190221,SNOW,0,,,N,700
US1CAMP0009,20190222,SNOW,0,,,N,700
US1CAMP0009,20190223,SNOW,0,,,N,700
US1CAMP0009,20190224,SNOW,0,,,N,700
US1CAMP0009,20190225,SNOW,0,,,N,700
US1CAMP0009,20190226,SNOW,0,,,N,700
US1CAMP0009,20190301,PRCP,51,,,N,700
US1CAMP0009,20190302,PRCP,132,,,N,700
US1CAMP0009,20190303,PRCP,1435,,,N,700
US1CAMP0009,20190304,PRCP,79,,,N,700
US1CAMP0009,20190306,PRCP,104,,,N,700
US1CAMP0009,20190307,PRCP,46,,,N,700
US1CAMP0009,20190308,PRCP,71,,,N,700
US1CAMP0009,20190309,PRCP,132,,,N,700
US1CAMP0009,20190310,PRCP,0,,,N,700
US1CAMP0009,20190311,PRCP,0,,,N,700
US1CAMP0009,20190312,PRCP,0,,,N,700
US1CAMP0009,20190313,PRCP,10,,,N,700
US1CAMP0009,20190314,PRCP,0,,,N,700
US1CAMP0009,20190315,PRCP,0,,,N,700
US1CAMP0009,20190316,PRCP,0,,,N,700
US1CAMP0009,20190317,PRCP,0,,,N,700
US1CAMP0009,20190318,PRCP,0,,,N,700
US1CAMP0009,20190319,PRCP,0,,,N,700
US1CAMP0009,20190320,PRCP,188,,,N,700
US1CAMP0009,20190321,PRCP,163,,,N,700
US1CAMP0009,20190322,PRCP,8,,,N,700
US1CAMP0009,20190323,PRCP,46,,,N,700
US1CAMP0009,20190324,PRCP,112,,,N,700
US1CAMP0009,20190325,PRCP,0,,,N,700
US1CAMP0009,20190326,PRCP,0,,,N,700
US1CAMP0009,20190327,PRCP,51,,,N,700
US1CAMP0009,20190328,PRCP,307,,,N,700
US1CAMP0009,20190329,PRCP,0,,,N,700
US1CAMP0009,20190330,PRCP,0,,,N,700
US1CAMP0009,20190331,PRCP,0,,,N,700
US1CAMP0009,20190310,SNOW,0,,,N,700
US1CAMP0009,20190311,SNOW,0,,,N,700
US1CAMP0009,20190312,SNOW,0,,,N,700
US1CAMP0009,20190314,SNOW,0,,,N,700
US1CAMP0009,20190315,SNOW,0,,,N,700
US1CAMP0009,20190316,SNOW,0,,,N,700
US1CAMP0009,20190317,SNOW,0,,,N,700
US1CAMP0009,20190318,SNOW,0,,,N,700
US1CAMP0009,20190319,SNOW,0,,,N,700
US1CAMP0009,20190325,SNOW,0,,,N,700
US1CAMP0009,20190326,SNOW,0,,,N,700
US1CAMP0009,20190329,SNOW,0,,,N,700
US1CAMP0009,20190330,SNOW,0,,,N,700
US1CAMP0009,20190331,SNOW,0,,,N,700
US1CAMP0009,20190401,PRCP,0,,,N,700
US1CAMP0009,20190402,PRCP,0,,,N,700
US1CAMP0009,20190403,PRCP,13,,,N,700
US1CAMP0009,20190404,PRCP,8,,,N,700
US1CAMP0009,20190405,PRCP,0,,,N,700
US1CAMP0009,20190406,PRCP,0,,,N,700
US1CAMP0009,20190407,PRCP,0,,,N,700
US1CAMP0009,20190408,PRCP,0,,,N,700
US1CAMP0009,20190409,PRCP,38,,,N,700
US1CAMP0009,20190410,PRCP,0,,,N,700
US1CAMP0009,20190411,PRCP,0,,,N,700
US1CAMP0009,20190412,PRCP,0,,,N,700
US1CAMP0009,20190413,PRCP,0,,,N,700
US1CAMP0009,20190414,PRCP,0,,,N,700
US1CAMP0009,20190415,PRCP,0,,,N,700
US1CAMP0009,20190416,PRCP,43,,,N,700
US1CAMP0009,20190417,PRCP,56,,,N,700
US1CAMP0009,20190418,PRCP,0,,,N,700
US1CAMP0009,20190401,SNOW,0,,,N,700
US1CAMP0009,20190402,SNOW,0,,,N,700
US1CAMP0009,20190405,SNOW,0,,,N,700
US1CAMP0009,20190406,SNOW,0,,,N,700
US1CAMP0009,20190407,SNOW,0,,,N,700
US1CAMP0009,20190408,SNOW,0,,,N,700
US1CAMP0009,20190410,SNOW,0,,,N,700
US1CAMP0009,20190411,SNOW,0,,,N,700
US1CAMP0009,20190412,SNOW,0,,,N,700
US1CAMP0009,20190413,SNOW,0,,,N,700
US1CAMP0009,20190414,SNOW,0,,,N,700
US1CAMP0009,20190415,SNOW,0,,,N,700
US1CAMP0009,20190418,SNOW,0,,,N,700
US1CAMP0009,20190426,DAPR,8,,,N,700
US1CAMP0009,20190426,MDPR,0,,,N,700
US1CAMP0009,20190509,PRCP,0,,,N,700
US1CAMP0009,20190510,PRCP,89,,,N,700
US1CAMP0009,20190511,PRCP,0,,,N,700
US1CAMP0009,20190512,PRCP,0,,,N,700
US1CAMP0009,20190513,PRCP,0,,,N,700
US1CAMP0009,20190514,PRCP,0,,,N,700
US1CAMP0009,20190515,PRCP,0,,,N,700
US1CAMP0009,20190516,PRCP,417,,,N,700
US1CAMP0009,20190517,PRCP,114,,,N,700
US1CAMP0009,20190518,PRCP,8,,,N,700
US1CAMP0009,20190519,PRCP,315,,,N,700
US1CAMP0009,20190520,PRCP,0,,,N,700
US1CAMP0009,20190521,PRCP,0,,,N,700
US1CAMP0009,20190522,PRCP,74,,,N,700
US1CAMP0009,20190523,PRCP,94,,,N,700
US1CAMP0009,20190524,PRCP,0,,,N,700
US1CAMP0009,20190525,PRCP,0,,,N,700
US1CAMP0009,20190526,PRCP,102,,,N,700
US1CAMP0009,20190527,PRCP,102,,,N,700
US1CAMP0009,20190509,SNOW,0,,,N,700
US1CAMP0009,20190511,SNOW,0,,,N,700
US1CAMP0009,20190512,SNOW,0,,,N,700
US1CAMP0009,20190513,SNOW,0,,,N,700
US1CAMP0009,20190514,SNOW,0,,,N,700
US1CAMP0009,20190515,SNOW,0,,,N,700
US1CAMP0009,20190520,SNOW,0,,,N,700
US1CAMP0009,20190521,SNOW,0,,,N,700
US1CAMP0009,20190524,SNOW,0,,,N,700
US1CAMP0009,20190525,SNOW,0,,,N,700
US1CAMP0009,20190508,DAPR,12,,,N,700
US1CAMP0009,20190508,MDPR,0,,,N,700
US1CAMP0009,20190726,DAPR,60,,L,N,700
US1CAMP0009,20190726,MDPR,0,,L,N,700
US1CAMP0009,20190905,PRCP,0,,,N,700
US1CAMP0009,20190906,PRCP,0,,,N,700
US1CAMP0009,20190907,PRCP,0,,,N,700
US1CAMP0009,20190908,PRCP,0,,,N,700
US1CAMP0009,20190909,PRCP,0,,,N,700
US1CAMP0009,20190910,PRCP,0,,,N,700
US1CAMP0009,20190911,PRCP,0,,,N,700
US1CAMP0009,20190912,PRCP,0,,,N,700
US1CAMP0009,20190917,PRCP,8,,,N,700
US1CAMP0009,20190918,PRCP,0,,,N,700
US1CAMP0009,20190919,PRCP,0,,,N,700
US1CAMP0009,20190905,SNOW,0,,,N,700
US1CAMP0009,20190906,SNOW,0,,,N,700
US1CAMP0009,20190907,SNOW,0,,,N,700
US1CAMP0009,20190908,SNOW,0,,,N,700
US1CAMP0009,20190909,SNOW,0,,,N,700
US1CAMP0009,20190910,SNOW,0,,,N,700
US1CAMP0009,20190911,SNOW,0,,,N,700
US1CAMP0009,20190912,SNOW,0,,,N,700
US1CAMP0009,20190918,SNOW,0,,,N,700
US1CAMP0009,20190919,SNOW,0,,,N,700
US1CAMP0009,20190904,DAPR,40,,L,N,700
US1CAMP0009,20190904,MDPR,0,,L,N,700
US1CAMP0009,20191127,DAPR,58,,L,N,700
US1CAMP0009,20191127,MDPR,0,,L,N,700
US1CAMP0009,20200109,PRCP,0,,,N,700
US1CAMP0009,20200114,PRCP,152,,,N,700
US1CAMP0009,20200115,PRCP,0,,,N,700
US1CAMP0009,20200116,PRCP,0,,,N,700
US1CAMP0009,20200117,PRCP,152,,,N,700
US1CAMP0009,20200118,PRCP,51,,,N,700
US1CAMP0009,20200119,PRCP,0,,,N,700
US1CAMP0009,20200120,PRCP,0,,,N,700
US1CAMP0009,20200121,PRCP,0,,,N,700
US1CAMP0009,20200122,PRCP,8,,,N,700
US1CAMP0009,20200123,PRCP,0,,,N,700
US1CAMP0009,20200124,PRCP,0,,,N,700
US1CAMP0009,20200125,PRCP,0,,,N,700
US1CAMP0009,20200126,PRCP,61,,,N,700
US1CAMP0009,20200127,PRCP,0,,,N,700
US1CAMP0009,20200128,PRCP,0,,,N,700
US1CAMP0009,20200129,PRCP,0,,,N,700
US1CAMP0009,20200130,PRCP,0,,,N,700
US1CAMP0009,20200131,PRCP,0,,,N,700
US1CAMP0009,20200109,SNOW,0,,,N,700
US1CAMP0009,20200115,SNOW,0,,,N,700
US1CAMP0009,20200116,SNOW,0,,,N,700
US1CAMP0009,20200117,SNOW,0,,,N,700
US1CAMP0009,20200119,SNOW,0,,,N,700
US1CAMP0009,20200120,SNOW,0,,,N,700
US1CAMP0009,20200121,SNOW,0,,,N,700
US1CAMP0009,20200123,SNOW,0,,,N,700
US1CAMP0009,20200124,SNOW,0,,,N,700
US1CAMP0009,20200125,SNOW,0,,,N,700
US1CAMP0009,20200127,SNOW,0,,,N,700
US1CAMP0009,20200128,SNOW,0,,,N,700
US1CAMP0009,20200129,SNOW,0,,,N,700
US1CAMP0009,20200130,SNOW,0,,,N,700
US1CAMP0009,20200131,SNOW,0,,,N,700
US1CAMP0009,20200113,SNWD,203,,,N,700
US1CAMP0009,20200113,DAPR,47,,L,N,700
US1CAMP0009,20200113,MDPR,2692,,L,N,700
US1CAMP0009,20200201,PRCP,0,,,N,700
US1CAMP0009,20200202,PRCP,0,,,N,700
US1CAMP0009,20200203,PRCP,0,,,N,700
US1CAMP0009,20200204,PRCP,0,,,N,700
US1CAMP0009,20200205,PRCP,0,,,N,700
US1CAMP0009,20200206,PRCP,0,,,N,700
US1CAMP0009,20200207,PRCP,0,,,N,700
US1CAMP0009,20200208,PRCP,0,,,N,700
US1CAMP0009,20200209,PRCP,0,,,N,700
US1CAMP0009,20200210,PRCP,0,,,N,700
US1CAMP0009,20200211,PRCP,0,,,N,700
US1CAMP0009,20200221,PRCP,0,,,N,700
US1CAMP0009,20200222,PRCP,33,,,N,700
US1CAMP0009,20200223,PRCP,8,,,N,700
US1CAMP0009,20200224,PRCP,0,,,N,700
US1CAMP0009,20200225,PRCP,0,,,N,700
US1CAMP0009,20200226,PRCP,0,,,N,700
US1CAMP0009,20200227,PRCP,0,,,N,700
US1CAMP0009,20200228,PRCP,0,,,N,700
US1CAMP0009,20200201,SNOW,0,,,N,700
US1CAMP0009,20200202,SNOW,0,,,N,700
US1CAMP0009,20200203,SNOW,0,,,N,700
US1CAMP0009,20200204,SNOW,0,,,N,700
US1CAMP0009,20200205,SNOW,0,,,N,700
US1CAMP0009,20200206,SNOW,0,,,N,700
US1CAMP0009,20200207,SNOW,0,,,N,700
US1CAMP0009,20200208,SNOW,0,,,N,700
US1CAMP0009,20200209,SNOW,0,,,N,700
US1CAMP0009,20200210,SNOW,0,,,N,700
US1CAMP0009,20200211,SNOW,0,,,N,700
US1CAMP0009,20200221,SNOW,0,,,N,700
US1CAMP0009,20200224,SNOW,0,,,N,700
US1CAMP0009,20200225,SNOW,0,,,N,700
US1CAMP0009,20200226,SNOW,0,,,N,700
US1CAMP0009,20200227,SNOW,0,,,N,700
US1CAMP0009,20200228,SNOW,0,,,N,700
US1CAMP0009,20200216,DAPR,5,,,N,700
US1CAMP0009,20200216,MDPR,0,,,N,700
US1CAMP0009,20200301,PRCP,36,,,N,700
US1CAMP0009,20200302,PRCP,13,,,N,700
US1CAMP0009,20200303,PRCP,0,,,N,700
US1CAMP0009,20200304,PRCP,0,,,N,700
US1CAMP0009,20200305,PRCP,0,,,N,700
US1CAMP0009,20200306,PRCP,0,,,N,700
US1CAMP0009,20200307,PRCP,0,,,N,700
US1CAMP0009,20200308,PRCP,8,,,N,700
US1CAMP0009,20200309,PRCP,0,,,N,700
US1CAMP0009,20200310,PRCP,0,,,N,700
US1CAMP0009,20200311,PRCP,38,,,N,700
US1CAMP0009,20200312,PRCP,13,,,N,700
US1CAMP0009,20200313,PRCP,0,,,N,700
US1CAMP0009,20200314,PRCP,13,,,N,700
US1CAMP0009,20200315,PRCP,147,,,N,700
US1CAMP0009,20200316,PRCP,417,,,N,700
US1CAMP0009,20200317,PRCP,498,,,N,700
US1CAMP0009,20200318,PRCP,0,,,N,700
US1CAMP0009,20200319,PRCP,46,,,N,700
US1CAMP0009,20200320,PRCP,8,,,N,700
US1CAMP0009,20200321,PRCP,0,,,N,700
US1CAMP0009,20200322,PRCP,0,,,N,700
US1CAMP0009,20200323,PRCP,163,,,N,700
US1CAMP0009,20200324,PRCP,33,,,N,700
US1CAMP0009,20200325,PRCP,132,,,N,700
US1CAMP0009,20200326,PRCP,0,,,N,700
US1CAMP0009,20200327,PRCP,0,,,N,700
US1CAMP0009,20200328,PRCP,33,,,N,700
US1CAMP0009,20200329,PRCP,33,,,N,700
US1CAMP0009,20200330,PRCP,0,,,N,700
US1CAMP0009,20200331,PRCP,0,,,N,700
US1CAMP0009,20200303,SNOW,0,,,N,700
US1CAMP0009,20200304,SNOW,0,,,N,700
US1CAMP0009,20200305,SNOW,0,,,N,700
US1CAMP0009,20200306,SNOW,0,,,N,700
US1CAMP0009,20200307,SNOW,0,,,N,700
US1CAMP0009,20200309,SNOW,0,,,N,700
US1CAMP0009,20200310,SNOW,0,,,N,700
US1CAMP0009,20200313,SNOW,0,,,N,700
US1CAMP0009,20200318,SNOW,0,,,N,700
US1CAMP0009,20200321,SNOW,0,,,N,700
US1CAMP0009,20200322,SNOW,0,,,N,700
US1CAMP0009,20200326,SNOW,0,,,N,700
US1CAMP0009,20200327,SNOW,0,,,N,700
US1CAMP0009,20200330,SNOW,0,,,N,700
US1CAMP0009,20200331,SNOW,0,,,N,700
US1CAMP0009,20200401,PRCP,0,,,N,700
US1CAMP0009,20200402,PRCP,0,,,N,700
US1CAMP0009,20200403,PRCP,0,,,N,700
US1CAMP0009,20200404,PRCP,0,,,N,700
US1CAMP0009,20200405,PRCP,43,,,N,700
US1CAMP0009,20200406,PRCP,645,,,N,700
US1CAMP0009,20200407,PRCP,94,,,N,700
US1CAMP0009,20200408,PRCP,0,,,N,700
US1CAMP0009,20200409,PRCP,30,,,N,700
US1CAMP0009,20200410,PRCP,0,,,N,700
US1CAMP0009,20200411,PRCP,0,,,N,700
US1CAMP0009,20200412,PRCP,0,,,N,700
US1CAMP0009,20200413,PRCP,0,,,N,700
US1CAMP0009,20200414,PRCP,0,,,N,700
US1CAMP0009,20200415,PRCP,0,,,N,700
US1CAMP0009,20200416,PRCP,0,,,N,700
US1CAMP0009,20200417,PRCP,0,,,N,700
US1CAMP0009,20200418,PRCP,91,,,N,700
US1CAMP0009,20200419,PRCP,0,,,N,700
US1CAMP0009,20200420,PRCP,0,,,N,700
US1CAMP0009,20200421,PRCP,0,,,N,700
US1CAMP0009,20200422,PRCP,0,,,N,700
US1CAMP0009,20200423,PRCP,0,,,N,700
US1CAMP0009,20200424,PRCP,0,,,N,700
US1CAMP0009,20200425,PRCP,0,,,N,700
US1CAMP0009,20200426,PRCP,0,,,N,700
US1CAMP0009,20200427,PRCP,0,,,N,700
US1CAMP0009,20200428,PRCP,0,,,N,700
US1CAMP0009,20200429,PRCP,0,,,N,700
US1CAMP0009,20200430,PRCP,0,,,N,700
US1CAMP0009,20200401,SNOW,0,,,N,700
US1CAMP0009,20200402,SNOW,0,,,N,700
US1CAMP0009,20200403,SNOW,0,,,N,700
US1CAMP0009,20200404,SNOW,0,,,N,700
US1CAMP0009,20200408,SNOW,0,,,N,700
US1CAMP0009,20200410,SNOW,0,,,N,700
US1CAMP0009,20200411,SNOW,0,,,N,700
US1CAMP0009,20200412,SNOW,0,,,N,700
US1CAMP0009,20200413,SNOW,0,,,N,700
US1CAMP0009,20200414,SNOW,0,,,N,700
US1CAMP0009,20200415,SNOW,0,,,N,700
US1CAMP0009,20200416,SNOW,0,,,N,700
US1CAMP0009,20200417,SNOW,0,,,N,700
US1CAMP0009,20200419,SNOW,0,,,N,700
US1CAMP0009,20200420,SNOW,0,,,N,700
US1CAMP0009,20200421,SNOW,0,,,N,700
US1CAMP0009,20200422,SNOW,0,,,N,700
US1CAMP0009,20200423,SNOW,0,,,N,700
US1CAMP0009,20200424,SNOW,0,,,N,700
US1CAMP0009,20200425,SNOW,0,,,N,700
US1CAMP0009,20200426,SNOW,0,,,N,700
US1CAMP0009,20200427,SNOW,0,,,N,700
US1CAMP0009,20200428,SNOW,0,,,N,700
US1CAMP0009,20200429,SNOW,0,,,N,700
US1CAMP0009,20200430,SNOW,0,,,N,700
US1CAMP0009,20200501,PRCP,0,,,N,700
US1CAMP0009,20200502,PRCP,0,,,N,700
US1CAMP0009,20200503,PRCP,0,,,N,700
US1CAMP0009,20200504,PRCP,0,,,N,700
US1CAMP0009,20200505,PRCP,0,,,N,700
US1CAMP0009,20200506,PRCP,0,,,N,700
US1CAMP0009,20200507,PRCP,0,,,N,700
US1CAMP0009,20200508,PRCP,0,,,N,700
US1CAMP0009,20200509,PRCP,0,,,N,700
US1CAMP0009,20200510,PRCP,0,,,N,700
US1CAMP0009,20200511,PRCP,0,,,N,700
US1CAMP0009,20200512,PRCP,0,,,N,700
US1CAMP0009,20200513,PRCP,0,,,N,700
US1CAMP0009,20200514,PRCP,0,,,N,700
US1CAMP0009,20200515,PRCP,0,,,N,700
US1CAMP0009,20200516,PRCP,0,,,N,700
US1CAMP0009,20200517,PRCP,0,,,N,700
US1CAMP0009,20200518,PRCP,254,,,N,700
US1CAMP0009,20200519,PRCP,122,,,N,700
US1CAMP0009,20200501,SNOW,0,,,N,700
US1CAMP0009,20200502,SNOW,0,,,N,700
US1CAMP0009,20200503,SNOW,0,,,N,700
US1CAMP0009,20200504,SNOW,0,,,N,700
US1CAMP0009,20200505,SNOW,0,,,N,700
US1CAMP0009,20200506,SNOW,0,,,N,700
US1CAMP0009,20200507,SNOW,0,,,N,700
US1CAMP0009,20200508,SNOW,0,,,N,700
US1CAMP0009,20200509,SNOW,0,,,N,700
US1CAMP0009,20200510,SNOW,0,,,N,700
US1CAMP0009,20200511,SNOW,0,,,N,700
US1CAMP0009,20200512,SNOW,0,,,N,700
US1CAMP0009,20200513,SNOW,0,,,N,700
US1CAMP0009,20200514,SNOW,0,,,N,700
US1CAMP0009,20200515,SNOW,0,,,N,700
US1CAMP0009,20200516,SNOW,0,,,N,700
US1CAMP0009,20200517,SNOW,0,,,N,700
US1CAMP0009,20201008,PRCP,112,,,N,700
US1CAMP0009,20201107,PRCP,0,,,N,700
US1CAMP0009,20201108,PRCP,99,,,N,700
US1CAMP0009,20201109,PRCP,99,,,N,700
US1CAMP0009,20201110,PRCP,0,,,N,700
US1CAMP0009,20201111,PRCP,0,,,N,700
US1CAMP0009,20201112,PRCP,0,,,N,700
US1CAMP0009,20201113,PRCP,0,,,N,700
US1CAMP0009,20201114,PRCP,38,,,N,700
US1CAMP0009,20201115,PRCP,0,,,N,700
US1CAMP0009,20201116,PRCP,0,,,N,700
US1CAMP0009,20201117,PRCP,0,,,N,700
US1CAMP0009,20201118,PRCP,175,,,N,700
US1CAMP0009,20201119,PRCP,53,,,N,700
US1CAMP0009,20201107,SNOW,0,,,N,700
US1CAMP0009,20201109,SNOW,0,,,N,700
US1CAMP0009,20201110,SNOW,0,,,N,700
US1CAMP0009,20201111,SNOW,0,,,N,700
US1CAMP0009,20201112,SNOW,0,,,N,700
US1CAMP0009,20201113,SNOW,0,,,N,700
US1CAMP0009,20201115,SNOW,0,,,N,700
US1CAMP0009,20201116,SNOW,0,,,N,700
US1CAMP0009,20201117,SNOW,0,,,N,700
US1CAMP0009,20201213,PRCP,185,,,N,700
US1CAMP0009,20201214,PRCP,262,,,N,700
US1CAMP0009,20201215,PRCP,0,,,N,700
US1CAMP0009,20201216,PRCP,0,,,N,700
US1CAMP0009,20201217,PRCP,58,,,N,700
US1CAMP0009,20201226,PRCP,76,,,N,700
US1CAMP0009,20201228,PRCP,122,,,N,700
US1CAMP0009,20201229,PRCP,33,,,N,700
US1CAMP0009,20201215,SNOW,0,,,N,700
US1CAMP0009,20201216,SNOW,0,,,N,700
US1CAMP0009,20201212,DAPR,23,,,N,700
US1CAMP0009,20201225,DAPR,8,,,N,700
US1CAMP0009,20201212,MDPR,0,,,N,700
US1CAMP0009,20201225,MDPR,0,,,N,700
US1CAMP0009,20210122,PRCP,0,,L,N,700
US1CAMP0009,20210123,PRCP,43,,,N,700
US1CAMP0009,20210125,PRCP,239,,,N,700
US1CAMP0009,20210126,PRCP,0,,,N,700
US1CAMP0009,20210127,PRCP,246,,,N,700
US1CAMP0009,20210128,PRCP,886,,,N,700
US1CAMP0009,20210129,PRCP,1308,,,N,700
US1CAMP0009,20210130,PRCP,0,,,N,700
US1CAMP0009,20210131,PRCP,0,,,N,700
US1CAMP0009,20210122,SNOW,0,,,N,700
US1CAMP0009,20210125,SNOW,0,,,N,700
US1CAMP0009,20210126,SNOW,0,,,N,700
US1CAMP0009,20210130,SNOW,0,,,N,700
US1CAMP0009,20210131,SNOW,0,,,N,700
US1CAMP0009,20210122,DAPR,22,,L,N,700
US1CAMP0009,20210122,MDPR,0,,L,N,700
US1CAMP0009,20210201,PRCP,0,,,N,700
US1CAMP0009,20210202,PRCP,0,,,N,700
US1CAMP0009,20210203,PRCP,0,,,N,700
US1CAMP0009,20210204,PRCP,0,,,N,700
US1CAMP0009,20210205,PRCP,0,,,N,700
US1CAMP0009,20210206,PRCP,0,,,N,700
US1CAMP0009,20210207,PRCP,0,,,N,1900
US1CAMP0009,20210208,PRCP,0,,,N,700
US1CAMP0009,20210209,PRCP,0,,,N,700
US1CAMP0009,20210210,PRCP,0,,,N,700
US1CAMP0009,20210211,PRCP,0,,,N,700
US1CAMP0009,20210212,PRCP,218,,,N,700
US1CAMP0009,20210213,PRCP,0,,,N,700
US1CAMP0009,20210214,PRCP,91,,,N,700
US1CAMP0009,20210215,PRCP,13,,,N,700
US1CAMP0009,20210216,PRCP,0,,,N,700
US1CAMP0009,20210217,PRCP,20,,,N,700
US1CAMP0009,20210218,PRCP,0,,,N,700
US1CAMP0009,20210219,PRCP,0,,,N,700
US1CAMP0009,20210220,PRCP,15,,,N,700
US1CAMP0009,20210201,SNOW,0,,,N,700
US1CAMP0009,20210202,SNOW,0,,,N,700
US1CAMP0009,20210203,SNOW,0,,,N,700
US1CAMP0009,20210204,SNOW,0,,,N,700
US1CAMP0009,20210205,SNOW,0,,,N,700
US1CAMP0009,20210206,SNOW,0,,,N,700
US1CAMP0009,20210207,SNOW,0,,,N,1900
US1CAMP0009,20210208,SNOW,0,,,N,700
US1CAMP0009,20210209,SNOW,0,,,N,700
US1CAMP0009,20210210,SNOW,0,,,N,700
US1CAMP0009,20210211,SNOW,0,,,N,700
US1CAMP0009,20210213,SNOW,0,,,N,700
US1CAMP0009,20210216,SNOW,0,,,N,700
US1CAMP0009,20210218,SNOW,0,,,N,700
US1CAMP0009,20210219,SNOW,0,,,N,700
US1CAMP0009,20210310,PRCP,292,,,N,700
US1CAMP0009,20210311,PRCP,23,,,N,700
US1CAMP0009,20210312,PRCP,0,,,N,700
US1CAMP0009,20210313,PRCP,0,,,N,700
US1CAMP0009,20210314,PRCP,0,,,N,700
US1CAMP0009,20210315,PRCP,297,,,N,700
US1CAMP0009,20210316,PRCP,0,,,N,700
US1CAMP0009,20210317,PRCP,0,,,N,700
US1CAMP0009,20210318,PRCP,0,,,N,700
US1CAMP0009,20210319,PRCP,53,,,N,700
US1CAMP0009,20210320,PRCP,198,,,N,700
US1CAMP0009,20210321,PRCP,0,,,N,700
US1CAMP0009,20210310,SNOW,213,,,N,700
US1CAMP0009,20210312,SNOW,0,,,N,700
US1CAMP0009,20210313,SNOW,0,,,N,700
US1CAMP0009,20210314,SNOW,0,,,N,700
US1CAMP0009,20210316,SNOW,0,,,N,700
US1CAMP0009,20210317,SNOW,0,,,N,700
US1CAMP0009,20210318,SNOW,0,,,N,700
US1CAMP0009,20210321,SNOW,0,,,N,700
US1CAMP0009,20210309,DAPR,17,,,N,700
US1CAMP0009,20210309,MDPR,0,,,N,700
US1CAMP0009,20210425,PRCP,18,,,N,700
US1CAMP0009,20210401,DAPR,11,,,N,700
US1CAMP0009,20210424,DAPR,23,,,N,700
US1CAMP0009,20210401,MDPR,0,,,N,700
US1CAMP0009,20210424,MDPR,0,,,N,700
US1CAMP0009,20210608,PRCP,0,,,N,700
US1CAMP0009,20210608,SNOW,0,,,N,700
US1CAMP0009,20210607,DAPR,43,,L,N,700
US1CAMP0009,20210607,MDPR,0,,L,N,700
US1CAMP0009,20210719,PRCP,46,,,N,700
US1CAMP0009,20210910,PRCP,13,,,N,700
US1CAMP0009,20211008,PRCP,15,,,N,700
US1CAMP0009,20211009,PRCP,10,,,N,700
US1CAMP0009,20211010,PRCP,0,,,N,700
US1CAMP0009,20211011,PRCP,15,,,N,700
US1CAMP0009,20211012,PRCP,0,,,N,700
US1CAMP0009,20211013,PRCP,0,,,N,700
US1CAMP0009,20211014,PRCP,0,,,N,700
US1CAMP0009,20211015,PRCP,0,,,N,700
US1CAMP0009,20211016,PRCP,0,,,N,700
US1CAMP0009,20211017,PRCP,0,,,N,700
US1CAMP0009,20211018,PRCP,36,,,N,700
US1CAMP0009,20211019,PRCP,0,,,N,700
US1CAMP0009,20211020,PRCP,0,,,N,700
US1CAMP0009,20211021,PRCP,0,,,N,700
US1CAMP0009,20211022,PRCP,33,,,N,700
US1CAMP0009,20211023,PRCP,36,,,N,700
US1CAMP0009,20211024,PRCP,76,,,N,700
US1CAMP0009,20211025,PRCP,904,,,N,700
US1CAMP0009,20211026,PRCP,246,,,N,700
US1CAMP0009,20211010,SNOW,0,,,N,700
US1CAMP0009,20211012,SNOW,0,,,N,700
US1CAMP0009,20211013,SNOW,0,,,N,700
US1CAMP0009,20211014,SNOW,0,,,N,700
US1CAMP0009,20211015,SNOW,0,,,N,700
US1CAMP0009,20211016,SNOW,0,,,N,700
US1CAMP0009,20211017,SNOW,0,,,N,700
US1CAMP0009,20211018,SNOW,0,,,N,700
US1CAMP0009,20211019,SNOW,0,,,N,700
US1CAMP0009,20211020,SNOW,0,,,N,700
US1CAMP0009,20211021,SNOW,0,,,N,700
US1CAMP0009,20211105,PRCP,8,,,N,700
US1CAMP0009,20211106,PRCP,0,,,N,700
US1CAMP0009,20211107,PRCP,0,,,N,700
US1CAMP0009,20211108,PRCP,0,,,N,700
US1CAMP0009,20211109,PRCP,231,,,N,700
US1CAMP0009,20211110,PRCP,76,,,N,700
US1CAMP0009,20211111,PRCP,0,,,N,700
US1CAMP0009,20211112,PRCP,0,,,N,700
US1CAMP0009,20211113,PRCP,0,,,N,700
US1CAMP0009,20211106,SNOW,0,,,N,700
US1CAMP0009,20211107,SNOW,0,,,N,700
US1CAMP0009,20211108,SNOW,0,,,N,700
US1CAMP0009,20211111,SNOW,0,,,N,700
US1CAMP0009,20211112,SNOW,0,,,N,700
US1CAMP0009,20211113,SNOW,0,,,N,700
US1CAMP0009,20211104,DAPR,9,,,N,700
US1CAMP0009,20211104,MDPR,0,,,N,700
US1CAMP0009,20211209,PRCP,244,,,N,700
US1CAMP0009,20211210,PRCP,46,,,N,700
US1CAMP0009,20211211,PRCP,0,,,N,700
US1CAMP0009,20211212,PRCP,0,,,N,700
US1CAMP0009,20211213,PRCP,36,,,N,700
US1CAMP0009,20211214,PRCP,673,,,N,615
US1CAMP0009,20211215,PRCP,185,,,N,700
US1CAMP0009,20211216,PRCP,89,,,N,700
US1CAMP0009,20211217,PRCP,0,,,N,700
US1CAMP0009,20211218,PRCP,0,,,N,700
US1CAMP0009,20211219,PRCP,0,,,N,700
US1CAMP0009,20211220,PRCP,0,,,N,700
US1CAMP0009,20211221,PRCP,0,,,N,700
US1CAMP0009,20211222,PRCP,10,,,N,700
US1CAMP0009,20211223,PRCP,175,,,N,700
US1CAMP0009,20211224,PRCP,503,,,N,700
US1CAMP0009,20211225,PRCP,249,,,N,700
US1CAMP0009,20211226,PRCP,455,,,N,700
US1CAMP0009,20211229,PRCP,0,,,N,700
US1CAMP0009,20211230,PRCP,0,,,N,700
US1CAMP0009,20211231,PRCP,0,,,N,700
US1CAMP0009,20211211,SNOW,0,,,N,700
US1CAMP0009,20211212,SNOW,0,,,N,700
US1CAMP0009,20211214,SNOW,38,,,N,615
US1CAMP0009,20211217,SNOW,0,,,N,700
US1CAMP0009,20211218,SNOW,0,,,N,700
US1CAMP0009,20211219,SNOW,0,,,N,700
US1CAMP0009,20211220,SNOW,0,,,N,700
US1CAMP0009,20211221,SNOW,0,,,N,700
US1CAMP0009,20211226,SNOW,71,,,N,700
US1CAMP0009,20211227,SNOW,152,,,N,700
US1CAMP0009,20211228,SNOW,229,,,N,700
US1CAMP0009,20211229,SNOW,0,,,N,700
US1CAMP0009,20211230,SNOW,0,,,N,700
US1CAMP0009,20211231,SNOW,0,,,N,700
US1CAMP0009,20211214,SNWD,38,,G,N,615
US1CAMP0009,20211228,SNWD,406,,G,N,700
US1CAMP0009,20211208,DAPR,25,,,N,700
US1CAMP0009,20211208,MDPR,0,,,N,700
US1CAMP0009,20220101,PRCP,0,,,N,700
US1CAMP0009,20220107,PRCP,0,,,N,700
US1CAMP0009,20220108,PRCP,43,,,N,700
US1CAMP0009,20220109,PRCP,0,,,N,700
US1CAMP0009,20220110,PRCP,0,,,N,700
US1CAMP0009,20220111,PRCP,0,,,N,700
US1CAMP0009,20220112,PRCP,0,,,N,700
US1CAMP0009,20220113,PRCP,0,,,N,700
US1CAMP0009,20220114,PRCP,0,,,N,700
US1CAMP0009,20220115,PRCP,0,,,N,700
US1CAMP0009,20220116,PRCP,0,,,N,700
US1CAMP0009,20220117,PRCP,0,,,N,700
US1CAMP0009,20220118,PRCP,0,,,N,700
US1CAMP0009,20220101,SNOW,0,,,N,700
US1CAMP0009,20220107,SNOW,0,,,N,700
US1CAMP0009,20220109,SNOW,0,,,N,700
US1CAMP0009,20220110,SNOW,0,,,N,700
US1CAMP0009,20220111,SNOW,0,,,N,700
US1CAMP0009,20220112,SNOW,0,,,N,700
US1CAMP0009,20220113,SNOW,0,,,N,700
US1CAMP0009,20220114,SNOW,0,,,N,700
US1CAMP0009,20220115,SNOW,0,,,N,700
US1CAMP0009,20220116,SNOW,0,,,N,700
US1CAMP0009,20220117,SNOW,0,,,N,700
US1CAMP0009,20220118,SNOW,0,,,N,700
US1CAMP0009,20220223,PRCP,74,,,N,700
US1CAMP0009,20220224,PRCP,0,,,N,700
US1CAMP0009,20220225,PRCP,0,,,N,700
US1CAMP0009,20220226,PRCP,0,,,N,700
US1CAMP0009,20220228,PRCP,0,,,N,700
US1CAMP0009,20220224,SNOW,0,,,N,700
US1CAMP0009,20220225,SNOW,0,,,N,700
US1CAMP0009,20220226,SNOW,0,,,N,700
US1CAMP0009,20220228,SNOW,0,,,N,700
US1CAMP0009,20220213,DAPR,26,,,N,700
US1CAMP0009,20220222,DAPR,9,,,N,700
US1CAMP0009,20220213,MDPR,0,,,N,700
US1CAMP0009,20220222,MDPR,0,,,N,700
US1CAMP0009,20220301,PRCP,0,,,N,700
US1CAMP0009,20220302,PRCP,0,,,N,700
US1CAMP0009,20220303,PRCP,0,,,N,700
US1CAMP0009,20220307,PRCP,0,,L,N,700
US1CAMP0009,20220308,PRCP,0,,,N,700
US1CAMP0009,20220309,PRCP,0,,,N,700
US1CAMP0009,20220310,PRCP,0,,,N,700
US1CAMP0009,20220311,PRCP,0,,,N,700
US1CAMP0009,20220312,PRCP,0,,,N,700
US1CAMP0009,20220313,PRCP,0,,,N,700
US1CAMP0009,20220314,PRCP,0,,,N,700
US1CAMP0009,20220315,PRCP,0,,,N,700
US1CAMP0009,20220316,PRCP,10,,,N,700
US1CAMP0009,20220317,PRCP,0,,,N,700
US1CAMP0009,20220318,PRCP,0,,,N,700
US1CAMP0009,20220320,PRCP,102,,,N,700
US1CAMP0009,20220321,PRCP,0,,,N,700
US1CAMP0009,20220322,PRCP,0,,,N,700
US1CAMP0009,20220323,PRCP,0,,,N,700
US1CAMP0009,20220324,PRCP,0,,,N,700
US1CAMP0009,20220325,PRCP,0,,,N,700
US1CAMP0009,20220326,PRCP,0,,,N,700
US1CAMP0009,20220327,PRCP,0,,,N,700
US1CAMP0009,20220328,PRCP,94,,,N,700
US1CAMP0009,20220329,PRCP,170,,,N,700
US1CAMP0009,20220330,PRCP,0,,,N,700
US1CAMP0009,20220331,PRCP,0,,,N,700
US1CAMP0009,20220301,SNOW,0,,,N,700
US1CAMP0009,20220302,SNOW,0,,,N,700
US1CAMP0009,20220303,SNOW,0,,,N,700
US1CAMP0009,20220307,SNOW,0,,,N,700
US1CAMP0009,20220308,SNOW,0,,,N,700
US1CAMP0009,20220309,SNOW,0,,,N,700
US1CAMP0009,20220310,SNOW,0,,,N,700
US1CAMP0009,20220311,SNOW,0,,,N,700
US1CAMP0009,20220312,SNOW,0,,,N,700
US1CAMP0009,20220313,SNOW,0,,,N,700
US1CAMP0009,20220314,SNOW,0,,,N,700
US1CAMP0009,20220315,SNOW,0,,,N,700
US1CAMP0009,20220317,SNOW,0,,,N,700
US1CAMP0009,20220318,SNOW,0,,,N,700
US1CAMP0009,20220321,SNOW,0,,,N,700
US1CAMP0009,20220322,SNOW,0,,,N,700
US1CAMP0009,20220323,SNOW,0,,,N,700
US1CAMP0009,20220324,SNOW,0,,,N,700
US1CAMP0009,20220325,SNOW,0,,,N,700
US1CAMP0009,20220326,SNOW,0,,,N,700
US1CAMP0009,20220327,SNOW,0,,,N,700
US1CAMP0009,20220330,SNOW,0,,,N,700
US1CAMP0009,20220331,SNOW,0,,,N,700
US1CAMP0009,20220307,DAPR,3,,L,N,700
US1CAMP0009,20220307,MDPR,198,,L,N,700
US1CAMP0009,20220401,PRCP,0,,,N,700
US1CAMP0009,20220402,PRCP,0,,,N,700
US1CAMP0009,20220403,PRCP,0,,,N,700
US1CAMP0009,20220404,PRCP,0,,,N,700
US1CAMP0009,20220405,PRCP,0,,,N,700
US1CAMP0009,20220406,PRCP,0,,,N,700
US1CAMP0009,20220407,PRCP,0,,,N,700
US1CAMP0009,20220408,PRCP,0,,,N,700
US1CAMP0009,20220409,PRCP,0,,,N,700
US1CAMP0009,20220410,PRCP,0,,,N,700
US1CAMP0009,20220411,PRCP,0,,,N,700
US1CAMP0009,20220412,PRCP,226,,,N,700
US1CAMP0009,20220413,PRCP,0,,,N,700
US1CAMP0009,20220414,PRCP,0,,,N,700
US1CAMP0009,20220415,PRCP,0,,,N,700
US1CAMP0009,20220416,PRCP,53,,,N,700
US1CAMP0009,20220417,PRCP,163,,,N,700
US1CAMP0009,20220418,PRCP,0,,,N,700
US1CAMP0009,20220419,PRCP,0,,,N,700
US1CAMP0009,20220420,PRCP,0,,,N,700
US1CAMP0009,20220421,PRCP,8,,,N,700
US1CAMP0009,20220422,PRCP,376,,,N,700
US1CAMP0009,20220423,PRCP,41,,,N,700
US1CAMP0009,20220401,SNOW,0,,,N,700
US1CAMP0009,20220402,SNOW,0,,,N,700
US1CAMP0009,20220403,SNOW,0,,,N,700
US1CAMP0009,20220404,SNOW,0,,,N,700
US1CAMP0009,20220405,SNOW,0,,,N,700
US1CAMP0009,20220406,SNOW,0,,,N,700
US1CAMP0009,20220407,SNOW,0,,,N,700
US1CAMP0009,20220408,SNOW,0,,,N,700
US1CAMP0009,20220409,SNOW,0,,,N,700
US1CAMP0009,20220410,SNOW,0,,,N,700
US1CAMP0009,20220411,SNOW,0,,,N,700
US1CAMP0009,20220413,SNOW,0,,,N,700
US1CAMP0009,20220414,SNOW,0,,,N,700
US1CAMP0009,20220415,SNOW,0,,,N,700
US1CAMP0009,20220418,SNOW,0,,,N,700
US1CAMP0009,20220419,SNOW,0,,,N,700
US1CAMP0009,20220420,SNOW,0,,,N,700
US1CAMP0009,20220623,DAPR,61,,L,N,700
US1CAMP0009,20220623,MDPR,0,,L,N,700
US1CAMP0009,20220704,DAPR,10,,,N,700
US1CAMP0009,20220704,MDPR,0,,,N,700
US1CAMP0009,20220806,PRCP,10,,,N,700
US1CAMP0009,20220911,PRCP,23,,,N,700
US1CAMP0009,20220919,PRCP,160,,,N,700
US1CAMP0009,20220920,PRCP,183,,,N,700
US1CAMP0009,20220910,DAPR,35,,L,N,700
US1CAMP0009,20220910,MDPR,0,,L,N,700
US1CAMP0009,20221106,PRCP,229,,,N,700
US1CAMP0009,20221108,PRCP,439,,,N,700
US1CAMP0009,20221109,PRCP,610,,,N,700
US1CAMP0009,20221105,DAPR,46,,L,N,700
US1CAMP0009,20221105,MDPR,0,,L,N,700
US1CAMP0009,20221202,PRCP,475,,,N,700
US1CAMP0009,20221203,PRCP,119,,,N,700
US1CAMP0009,20221204,PRCP,754,,,N,700
US1CAMP0009,20221211,PRCP,785,,,N,700
US1CAMP0009,20221212,PRCP,218,,,N,700
US1CAMP0009,20221227,PRCP,264,,,N,700
US1CAMP0009,20221228,PRCP,546,,,N,700
US1CAMP0009,20221230,PRCP,117,,,N,700
US1CAMP0009,20221231,PRCP,1074,,,N,700
US1CAMP0009,20221202,SNOW,13,,,N,700
US1CAMP0009,20221226,DAPR,14,,,N,700
US1CAMP0009,20221226,MDPR,0,,,N,700
US1CAMP0009,20230101,PRCP,1069,,,N,700
US1CAMP0009,20230103,PRCP,117,,,N,700
US1CAMP0009,20230105,PRCP,345,,,N,700
US1CAMP0009,20230106,PRCP,345,,,N,700
US1CAMP0009,20230108,PRCP,224,,,N,700
US1CAMP0009,20230109,PRCP,401,,,N,700
US1CAMP0009,20230110,PRCP,1788,,,N,700
US1CAMP0009,20230111,PRCP,409,,,N,700
US1CAMP0009,20230112,PRCP,53,,,N,700
US1CAMP0009,20230114,PRCP,208,,,N,700
US1CAMP0009,20230115,PRCP,734,,,N,700
US1CAMP0009,20230116,PRCP,231,,,N,700
US1CAMP0009,20230117,PRCP,218,,,N,700
US1CAMP0009,20230118,PRCP,0,,,N,700
US1CAMP0009,20230119,PRCP,0,,,N,700
US1CAMP0009,20230120,PRCP,0,,,N,700
US1CAMP0009,20230121,PRCP,0,,,N,700
US1CAMP0009,20230122,PRCP,0,,,N,700
US1CAMP0009,20230123,PRCP,0,,,N,700
US1CAMP0009,20230124,PRCP,0,,,N,700
US1CAMP0009,20230125,PRCP,0,,,N,700
US1CAMP0009,20230126,PRCP,0,,,N,700
US1CAMP0009,20230127,PRCP,0,,,N,700
US1CAMP0009,20230128,PRCP,0,,,N,700
US1CAMP0009,20230129,PRCP,0,,,N,700
US1CAMP0009,20230130,PRCP,122,,,N,700
US1CAMP0009,20230116,SNOW,0,,,N,700
US1CAMP0009,20230118,SNOW,0,,,N,700
US1CAMP0009,20230119,SNOW,0,,,N,700
US1CAMP0009,20230120,SNOW,0,,,N,700
US1CAMP0009,20230121,SNOW,0,,,N,700
US1CAMP0009,20230122,SNOW,0,,,N,700
US1CAMP0009,20230123,SNOW,0,,,N,700
US1CAMP0009,20230124,SNOW,0,,,N,700
US1CAMP0009,20230125,SNOW,0,,,N,700
US1CAMP0009,20230126,SNOW,0,,,N,700
US1CAMP0009,20230127,SNOW,0,,,N,700
US1CAMP0009,20230128,SNOW,0,,,N,700
US1CAMP0009,20230129,SNOW,0,,,N,700
US1CAMP0009,20230205,PRCP,244,,,N,700
US1CAMP0009,20230206,PRCP,69,,,N,700
US1CAMP0009,20230223,SNOW,127,,,N,700
US1CAMP0009,20230224,SNOW,127,,,N,700
US1CAMP0009,20230225,SNOW,203,,,N,700
US1CAMP0009,20230226,SNOW,178,,,N,700
US1CAMP0009,20230227,SNOW,152,,,N,700
US1CAMP0009,20230228,SNOW,203,,,N,700
US1CAMP0009,20230302,PRCP,0,,,N,700
US1CAMP0009,20230303,PRCP,0,,,N,700
US1CAMP0009,20230304,PRCP,0,,,N,700
US1CAMP0009,20230307,PRCP,0,,,N,700
US1CAMP0009,20230308,PRCP,0,,,N,700
US1CAMP0009,20230309,PRCP,0,,,N,700
US1CAMP0009,20230310,PRCP,170,,,N,700
US1CAMP0009,20230311,PRCP,1001,,,N,700
US1CAMP0009,20230312,PRCP,157,,,N,700
US1CAMP0009,20230313,PRCP,84,,,N,700
US1CAMP0009,20230314,PRCP,165,,,N,700
US1CAMP0009,20230315,PRCP,721,,,N,700
US1CAMP0009,20230316,PRCP,0,,,N,700
US1CAMP0009,20230317,PRCP,0,,,N,700
US1CAMP0009,20230318,PRCP,15,,,N,700
US1CAMP0009,20230319,PRCP,36,,,N,700
US1CAMP0009,20230320,PRCP,371,,,N,700
US1CAMP0009,20230321,PRCP,36,,,N,700
US1CAMP0009,20230322,PRCP,363,,,N,700
US1CAMP0009,20230323,PRCP,61,,,N,700
US1CAMP0009,20230324,PRCP,79,,,N,700
US1CAMP0009,20230325,PRCP,0,,,N,700
US1CAMP0009,20230326,PRCP,0,,,N,700
US1CAMP0009,20230327,PRCP,0,,,N,700
US1CAMP0009,20230328,PRCP,0,,,N,700
US1CAMP0009,20230329,PRCP,348,,,N,700
US1CAMP0009,20230330,PRCP,472,,,N,700
US1CAMP0009,20230331,PRCP,46,,,N,700
US1CAMP0009,20230301,SNOW,356,,,N,700
US1CAMP0009,20230302,SNOW,0,,,N,700
US1CAMP0009,20230303,SNOW,0,,,N,700
US1CAMP0009,20230304,SNOW,0,,,N,700
US1CAMP0009,20230305,SNOW,229,,,N,700
US1CAMP0009,20230306,SNOW,102,,,N,700
US1CAMP0009,20230307,SNOW,0,,,N,700
US1CAMP0009,20230308,SNOW,0,,,N,700
US1CAMP0009,20230309,SNOW,0,,,N,700
US1CAMP0009,20230316,SNOW,0,,,N,700
US1CAMP0009,20230317,SNOW,0,,,N,700
US1CAMP0009,20230322,SNOW,13,,,N,700
US1CAMP0009,20230325,SNOW,0,,,N,700
US1CAMP0009,20230326,SNOW,0,,,N,700
US1CAMP0009,20230327,SNOW,0,,,N,700
US1CAMP0009,20230328,SNOW,0,,,N,700
US1CAMP0009,20230401,PRCP,0,,,N,700
US1CAMP0009,20230401,SNOW,0,,,N,700
US1CAMP0009,20230502,PRCP,18,,,N,700
US1CAMP0009,20230505,PRCP,152,,,N,700
US1CAMP0009,20230506,PRCP,0,,,N,700
US1CAMP0009,20230507,PRCP,0,,,N,700
US1CAMP0009,20230506,SNOW,0,,,N,700
US1CAMP0009,20230507,SNOW,0,,,N,700
US1CAMP0009,20230501,DAPR,30,,,N,700
US1CAMP0009,20230501,MDPR,0,,,N,700
US1CAMP0009,20230606,PRCP,13,,,N,700
US1CAMP0009,20230611,PRCP,18,,,N,700
US1CAMP0009,20230820,PRCP,58,,,N,700
US1CAMP0009,20230821,PRCP,94,,,N,700
US1CAMP0009,20230910,PRCP,15,,,N,700
US1CAMP0009,20230930,PRCP,13,,,N,700
US1CAMP0009,20231106,PRCP,13,,,N,700
US1CAMP0009,20231107,PRCP,33,,,N,700
US1CAMP0009,20231116,PRCP,43,,,N,700
US1CAMP0009,20231117,PRCP,0,,,N,700
US1CAMP0009,20231118,PRCP,33,,,N,700
US1CAMP0009,20231119,PRCP,259,,,N,700
US1CAMP0009,20231117,SNOW,0,,,N,700
US1CAMP0009,20231205,PRCP,18,,,N,700
US1CAMP0009,20231219,PRCP,279,,,N,700
US1CAMP0009,20231220,PRCP,163,,,N,700
US1CAMP0009,20231221,PRCP,157,,,N,700
US1CAMP0009,20231230,PRCP,122,,,N,700
US1CAMP0009,20231231,PRCP,43,,,N,700
US1CAMP0009,20240103,PRCP,274,,,N,700
US1CAMP0009,20240104,PRCP,36,,,N,700
US1CAMP0009,20240107,PRCP,124,,,N,700
US1CAMP0009,20240111,PRCP,259,,,N,700
US1CAMP0009,20240114,PRCP,86,,,N,700
US1CAMP0009,20240117,PRCP,155,,,N,700
US1CAMP0009,20240120,PRCP,104,,,N,700
US1CAMP0009,20240121,PRCP,157,,,N,700
US1CAMP0009,20240122,PRCP,262,,,N,700
US1CAMP0009,20240123,PRCP,36,,,N,700
US1CAMP0009,20240124,PRCP,51,,,N,700
US1CAMP0009,20240125,PRCP,53,,,N,700
US1CAMP0009,20240129,PRCP,5,,,N,700
US1CAMP0009,20240201,PRCP,231,,,N,700
US1CAMP0009,20240202,PRCP,325,,,N,700
US1CAMP0009,20240203,PRCP,145,,,N,700
US1CAMP0009,20240204,PRCP,224,,,N,700
US1CAMP0009,20240205,PRCP,323,,,N,700
US1CAMP0009,20240206,PRCP,71,,,N,700
US1CAMP0009,20240207,PRCP,221,,,N,700
US1CAMP0009,20240208,PRCP,617,,,N,700
US1CAMP0009,20240209,PRCP,8,,,N,700
US1CAMP0009,20240215,PRCP,147,,,N,700
US1CAMP0009,20240218,PRCP,117,,,N,700
US1CAMP0009,20240219,PRCP,401,,,N,700
US1CAMP0009,20240221,PRCP,239,,,N,700
US1CAMP0009,20240301,PRCP,130,,,N,700
US1CAMP0009,20240304,PRCP,25,,L,N,700
US1CAMP0009,20240307,PRCP,15,,,N,700
US1CAMP0009,20240311,PRCP,33,,,N,700
US1CAMP0009,20240312,PRCP,58,,,N,700
US1CAMP0009,20240313,PRCP,18,,,N,700
US1CAMP0009,20240323,PRCP,211,,,N,700
US1CAMP0009,20240324,PRCP,112,,,N,700
US1CAMP0009,20240325,PRCP,61,,,N,700
US1CAMP0009,20240328,PRCP,290,,,N,700
US1CAMP0009,20240331,PRCP,213,,L,N,700
US1CAMP0009,20240304,DAPR,3,,L,N,700
US1CAMP0009,20240331,DAPR,2,,L,N,700
US1CAMP0009,20240304,MDPR,1046,,L,N,700
US1CAMP0009,20240331,MDPR,391,,L,N,700
US1CAMP0009,20240401,PRCP,15,,,N,700
US1CAMP0009,20240404,PRCP,20,,,N,700
US1CAMP0009,20240405,PRCP,226,,,N,700
US1CAMP0009,20240415,PRCP,157,,,N,700
US1CAMP0009,20240420,PRCP,0,,,N,700
US1CAMP0009,20240426,PRCP,10,,,N,700
US1CAMP0009,20240405,SNOW,0,,,N,700
US1CAMP0009,20240420,SNOW,0,,,N,700
US1CAMP0009,20240414,DAPR,7,,,N,700
US1CAMP0009,20240414,MDPR,208,,,N,700
US1CAMP0009,20240505,PRCP,254,,,N,700
US1CAMP0009,20240625,PRCP,10,,,N,700
US1CAMP0009,20240920,PRCP,10,,,N,700
US1CAMP0009,20241016,PRCP,0,,,N,700
US1CAMP0009,20241016,SNOW,0,,,N,700
US1CAMP0009,20241102,PRCP,30,,,N,700
US1CAMP0009,20241103,PRCP,8,,,N,700
US1CAMP0009,20241112,PRCP,163,,,N,700
US1CAMP0009,20241118,PRCP,30,,,N,700
US1CAMP0009,20241123,PRCP,343,,,N,700
US1CAMP0009,20241124,PRCP,102,,,N,700
US1CAMP0009,20241126,PRCP,574,,,N,700
US1CAMP0009,20241213,PRCP,117,,,N,700
US1CAMP0009,20241215,PRCP,104,,,N,700
US1CAMP0009,20241217,PRCP,102,,,N,700
US1CAMP0009,20241222,PRCP,79,,,N,700
US1CAMP0009,20241224,PRCP,10,,,N,700
US1CAMP0009,20241225,PRCP,175,,,N,700
US1CAMP0009,20241227,PRCP,211,,,N,700
US1CAMP0009,20241230,PRCP,264,,,N,700
US1CAMP0009,20250104,PRCP,99,,,N,700
US1CAMP0009,20250126,PRCP,198,,,N,700
US1CAMP0009,20250201,PRCP,74,,,N,700
US1CAMP0009,20250205,PRCP,549,,,N,700
US1CAMP0009,20250207,PRCP,312,,,N,700
US1CAMP0009,20250213,PRCP,610,,,N,700
US1CAMP0009,20250214,PRCP,780,,,N,700
US1CAMP0009,20250215,PRCP,18,,,N,700
