USW00093124,19450401,TMAX,156,Unnamed: 4,Unnamed: 5,X,Unnamed: 7
USW00093124,19450402,TMAX,211,,,X,
USW00093124,19450403,TMAX,161,,,X,
USW00093124,19450404,TMAX,200,,,X,
USW00093124,19450405,TMAX,222,,,X,
USW00093124,19450406,TMAX,217,,,X,
USW00093124,19450407,TMAX,217,,,X,
USW00093124,19450408,TMAX,161,,,X,
USW00093124,19450409,TMAX,144,,,X,
USW00093124,19450410,TMAX,178,,,X,
USW00093124,19450411,TMAX,183,,,X,
USW00093124,19450412,TMAX,172,,,X,
USW00093124,19450413,TMAX,172,,,X,
USW00093124,19450414,TMAX,183,,,X,
USW00093124,19450415,TMAX,206,,,X,
USW00093124,19450416,TMAX,156,,,X,
USW00093124,19450417,TMAX,156,,,X,
USW00093124,19450418,TMAX,133,,,X,
USW00093124,19450419,TMAX,139,,,X,
USW00093124,19450420,TMAX,133,,,X,
USW00093124,19450421,TMAX,178,,,X,
USW00093124,19450422,TMAX,150,,,X,
USW00093124,19450423,TMAX,161,,,X,
USW00093124,19450424,TMAX,144,,,X,
USW00093124,19450426,TMAX,211,,,X,
USW00093124,19450427,TMAX,172,,,X,
USW00093124,19450428,TMAX,194,,,X,
USW00093124,19450429,TMAX,178,,,X,
USW00093124,19450430,TMAX,172,,,X,
USW00093124,19450401,TMIN,72,,,X,
USW00093124,19450402,TMIN,67,,,X,
USW00093124,19450403,TMIN,39,,,X,
USW00093124,19450404,TMIN,50,,,X,
USW00093124,19450405,TMIN,50,,,X,
USW00093124,19450406,TMIN,56,,,X,
USW00093124,19450407,TMIN,67,,,X,
USW00093124,19450408,TMIN,94,,,X,
USW00093124,19450409,TMIN,78,,,X,
USW00093124,19450410,TMIN,56,,,X,
USW00093124,19450411,TMIN,50,,,X,
USW00093124,19450412,TMIN,56,,,X,
USW00093124,19450413,TMIN,50,,,X,
USW00093124,19450414,TMIN,61,,,X,
USW00093124,19450415,TMIN,56,,,X,
USW00093124,19450416,TMIN,100,,,X,
USW00093124,19450417,TMIN,83,,,X,
USW00093124,19450418,TMIN,89,,,X,
USW00093124,19450419,TMIN,94,,,X,
USW00093124,19450420,TMIN,94,,,X,
USW00093124,19450421,TMIN,83,,,X,
USW00093124,19450422,TMIN,89,,,X,
USW00093124,19450423,TMIN,67,,,X,
USW00093124,19450424,TMIN,89,,,X,
USW00093124,19450426,TMIN,78,,,X,
USW00093124,19450427,TMIN,67,,,X,
USW00093124,19450428,TMIN,78,,,X,
USW00093124,19450429,TMIN,106,,,X,
USW00093124,19450430,TMIN,94,,,X,
USW00093124,19450407,PRCP,0,,,X,
USW00093124,19450408,PRCP,0,T,,X,
USW00093124,19450409,PRCP,0,T,,X,
USW00093124,19450418,PRCP,0,T,,X,
USW00093124,19450419,PRCP,0,T,,X,
USW00093124,19450421,PRCP,0,T,,X,
USW00093124,19450430,PRCP,0,T,,X,
USW00093124,19450407,SNOW,0,,,X,
USW00093124,19450401,WT01,1,,,X,
USW00093124,19450408,WT01,1,,,X,
USW00093124,19450417,WT01,1,,,X,
USW00093124,19450418,WT01,1,,,X,
USW00093124,19450419,WT01,1,,,X,
USW00093124,19450420,WT01,1,,,X,
USW00093124,19450421,WT01,1,,,X,
USW00093124,19450423,WT01,1,,,X,
USW00093124,19450424,WT01,1,,,X,
USW00093124,19450425,WT01,1,,,X,
USW00093124,19450429,WT01,1,,,X,
USW00093124,19450430,WT01,1,,,X,
USW00093124,19450401,WT08,1,,,X,
USW00093124,19450402,WT08,1,,,X,
USW00093124,19450416,WT08,1,,,X,
USW00093124,19450417,WT08,1,,,X,
USW00093124,19450418,WT08,1,,,X,
USW00093124,19450421,WT08,1,,,X,
USW00093124,19450422,WT08,1,,,X,
USW00093124,19450423,WT08,1,,,X,
USW00093124,19450424,WT08,1,,,X,
USW00093124,19450425,WT08,1,,,X,
USW00093124,19450426,WT08,1,,,X,
USW00093124,19450429,WT08,1,,,X,
USW00093124,19450430,WT08,1,,,X,
USW00093124,19450408,WT16,1,,,X,
USW00093124,19450409,WT16,1,,,X,
USW00093124,19450418,WT16,1,,,X,
USW00093124,19450419,WT16,1,,,X,
USW00093124,19450420,WT16,1,,,X,
USW00093124,19450421,WT16,1,,,X,
USW00093124,19450424,WT16,1,,,X,
USW00093124,19450429,WT16,1,,,X,
USW00093124,19450430,WT16,1,,,X,
USW00093124,19450501,TMAX,167,,,X,
USW00093124,19450502,TMAX,172,,,X,
USW00093124,19450503,TMAX,156,,,X,
USW00093124,19450504,TMAX,156,,,X,
USW00093124,19450505,TMAX,183,,,X,
USW00093124,19450506,TMAX,167,,,X,
USW00093124,19450507,TMAX,156,,,X,
USW00093124,19450508,TMAX,156,,,X,
USW00093124,19450509,TMAX,183,,,X,
USW00093124,19450510,TMAX,189,,,X,
USW00093124,19450511,TMAX,183,,,X,
USW00093124,19450512,TMAX,194,,,X,
USW00093124,19450513,TMAX,222,,,X,
USW00093124,19450514,TMAX,250,,,X,
USW00093124,19450515,TMAX,283,,,X,
USW00093124,19450516,TMAX,294,,,X,
USW00093124,19450517,TMAX,239,,,X,
USW00093124,19450518,TMAX,217,,,X,
USW00093124,19450519,TMAX,211,,,X,
USW00093124,19450520,TMAX,222,,,X,
USW00093124,19450521,TMAX,206,,,X,
USW00093124,19450522,TMAX,194,,,X,
USW00093124,19450523,TMAX,200,,,X,
USW00093124,19450524,TMAX,211,,,X,
USW00093124,19450525,TMAX,233,,,X,
USW00093124,19450526,TMAX,222,,,X,
USW00093124,19450527,TMAX,206,,,X,
USW00093124,19450528,TMAX,178,,,X,
USW00093124,19450529,TMAX,167,,,X,
USW00093124,19450530,TMAX,189,,,X,
USW00093124,19450531,TMAX,183,,,X,
USW00093124,19450501,TMIN,111,,,X,
USW00093124,19450502,TMIN,111,,,X,
USW00093124,19450503,TMIN,111,,,X,
USW00093124,19450504,TMIN,111,,,X,
USW00093124,19450505,TMIN,100,,,X,
USW00093124,19450506,TMIN,78,,,X,
USW00093124,19450507,TMIN,83,,,X,
USW00093124,19450508,TMIN,117,,,X,
USW00093124,19450509,TMIN,106,,,X,
USW00093124,19450510,TMIN,72,,,X,
USW00093124,19450511,TMIN,111,,,X,
USW00093124,19450512,TMIN,111,,,X,
USW00093124,19450513,TMIN,133,,,X,
USW00093124,19450514,TMIN,128,,,X,
USW00093124,19450515,TMIN,133,,,X,
USW00093124,19450516,TMIN,167,,,X,
USW00093124,19450517,TMIN,133,,,X,
USW00093124,19450518,TMIN,72,,,X,
USW00093124,19450519,TMIN,78,,,X,
USW00093124,19450520,TMIN,111,,,X,
USW00093124,19450521,TMIN,106,,,X,
USW00093124,19450522,TMIN,78,,,X,
USW00093124,19450523,TMIN,89,,,X,
USW00093124,19450524,TMIN,72,,,X,
USW00093124,19450525,TMIN,83,,,X,
USW00093124,19450526,TMIN,89,,,X,
USW00093124,19450527,TMIN,100,,,X,
USW00093124,19450528,TMIN,89,,,X,
USW00093124,19450529,TMIN,94,,,X,
USW00093124,19450530,TMIN,83,,,X,
USW00093124,19450531,TMIN,89,,,X,
USW00093124,19450501,PRCP,0,T,,X,
USW00093124,19450503,PRCP,0,T,,X,
USW00093124,19450506,PRCP,0,,,X,
USW00093124,19450508,PRCP,0,T,,X,
USW00093124,19450513,PRCP,0,T,,X,
USW00093124,19450506,SNOW,0,,,X,
USW00093124,19450501,WT01,1,,,X,
USW00093124,19450502,WT01,1,,,X,
USW00093124,19450503,WT01,1,,,X,
USW00093124,19450504,WT01,1,,,X,
USW00093124,19450508,WT01,1,,,X,
USW00093124,19450510,WT01,1,,,X,
USW00093124,19450512,WT01,1,,,X,
USW00093124,19450513,WT01,1,,,X,
USW00093124,19450501,WT08,1,,,X,
USW00093124,19450502,WT08,1,,,X,
USW00093124,19450503,WT08,1,,,X,
USW00093124,19450504,WT08,1,,,X,
USW00093124,19450505,WT08,1,,,X,
USW00093124,19450507,WT08,1,,,X,
USW00093124,19450508,WT08,1,,,X,
USW00093124,19450509,WT08,1,,,X,
USW00093124,19450510,WT08,1,,,X,
USW00093124,19450511,WT08,1,,,X,
USW00093124,19450512,WT08,1,,,X,
USW00093124,19450513,WT08,1,,,X,
USW00093124,19450530,WT08,1,,,X,
USW00093124,19450501,WT16,1,,,X,
USW00093124,19450503,WT16,1,,,X,
USW00093124,19450504,WT16,1,,,X,
USW00093124,19450508,WT16,1,,,X,
USW00093124,19450512,WT16,1,,,X,
USW00093124,19450513,WT16,1,,,X,
USW00093124,19450601,TMAX,200,,,X,
USW00093124,19450602,TMAX,172,,,X,
USW00093124,19450603,TMAX,178,,,X,
USW00093124,19450604,TMAX,183,,,X,
USW00093124,19450605,TMAX,222,,,X,
USW00093124,19450606,TMAX,194,,,X,
USW00093124,19450607,TMAX,194,,,X,
USW00093124,19450608,TMAX,211,,,X,
USW00093124,19450609,TMAX,194,,,X,
USW00093124,19450610,TMAX,200,,,X,
USW00093124,19450611,TMAX,200,,,X,
USW00093124,19450612,TMAX,172,,,X,
USW00093124,19450613,TMAX,189,,,X,
USW00093124,19450614,TMAX,206,,,X,
USW00093124,19450615,TMAX,211,,,X,
USW00093124,19450616,TMAX,189,,,X,
USW00093124,19450617,TMAX,194,,,X,
USW00093124,19450618,TMAX,183,,,X,
USW00093124,19450619,TMAX,189,,,X,
USW00093124,19450620,TMAX,183,,,X,
USW00093124,19450621,TMAX,183,,,X,
USW00093124,19450622,TMAX,183,,,X,
USW00093124,19450623,TMAX,200,,,X,
USW00093124,19450624,TMAX,183,,,X,
USW00093124,19450625,TMAX,206,,,X,
USW00093124,19450626,TMAX,194,,,X,
USW00093124,19450627,TMAX,189,,,X,
USW00093124,19450628,TMAX,200,,,X,
USW00093124,19450629,TMAX,200,,,X,
USW00093124,19450630,TMAX,206,,,X,
USW00093124,19450601,TMIN,94,,,X,
USW00093124,19450602,TMIN,111,,,X,
USW00093124,19450603,TMIN,106,,,X,
USW00093124,19450604,TMIN,133,,,X,
USW00093124,19450605,TMIN,94,,,X,
USW00093124,19450606,TMIN,94,,,X,
USW00093124,19450607,TMIN,83,,,X,
USW00093124,19450608,TMIN,94,,,X,
USW00093124,19450609,TMIN,89,,,X,
USW00093124,19450610,TMIN,106,,,X,
USW00093124,19450611,TMIN,100,,,X,
USW00093124,19450612,TMIN,133,,,X,
USW00093124,19450613,TMIN,117,,,X,
USW00093124,19450614,TMIN,144,,,X,
USW00093124,19450615,TMIN,139,,,X,
USW00093124,19450616,TMIN,106,,,X,
USW00093124,19450617,TMIN,128,,,X,
USW00093124,19450618,TMIN,128,,,X,
USW00093124,19450619,TMIN,133,,,X,
USW00093124,19450620,TMIN,133,,,X,
USW00093124,19450621,TMIN,133,,,X,
USW00093124,19450622,TMIN,150,,,X,
USW00093124,19450623,TMIN,139,,,X,
USW00093124,19450624,TMIN,122,,,X,
USW00093124,19450625,TMIN,150,,,X,
USW00093124,19450626,TMIN,100,,,X,
USW00093124,19450627,TMIN,139,,,X,
USW00093124,19450628,TMIN,133,,,X,
USW00093124,19450629,TMIN,106,,,X,
USW00093124,19450630,TMIN,144,,,X,
USW00093124,19450604,PRCP,5,,,X,
USW00093124,19450612,PRCP,0,T,,X,
USW00093124,19450613,PRCP,0,T,,X,
USW00093124,19450617,PRCP,0,T,,X,
USW00093124,19450618,PRCP,0,T,,X,
USW00093124,19450620,PRCP,0,T,,X,
USW00093124,19450621,PRCP,0,T,,X,
USW00093124,19450630,PRCP,0,T,,X,
USW00093124,19450601,WT01,1,,,X,
USW00093124,19450602,WT01,1,,,X,
USW00093124,19450603,WT01,1,,,X,
USW00093124,19450604,WT01,1,,,X,
USW00093124,19450611,WT01,1,,,X,
USW00093124,19450612,WT01,1,,,X,
USW00093124,19450613,WT01,1,,,X,
USW00093124,19450614,WT01,1,,,X,
USW00093124,19450616,WT01,1,,,X,
USW00093124,19450617,WT01,1,,,X,
USW00093124,19450618,WT01,1,,,X,
USW00093124,19450619,WT01,1,,,X,
USW00093124,19450620,WT01,1,,,X,
USW00093124,19450621,WT01,1,,,X,
USW00093124,19450627,WT01,1,,,X,
USW00093124,19450629,WT01,1,,,X,
USW00093124,19450630,WT01,1,,,X,
USW00093124,19450624,WT03,1,,,X,
USW00093124,19450602,WT08,1,,,X,
USW00093124,19450603,WT08,1,,,X,
USW00093124,19450610,WT08,1,,,X,
USW00093124,19450611,WT08,1,,,X,
USW00093124,19450613,WT08,1,,,X,
USW00093124,19450614,WT08,1,,,X,
USW00093124,19450615,WT08,1,,,X,
USW00093124,19450616,WT08,1,,,X,
USW00093124,19450617,WT08,1,,,X,
USW00093124,19450618,WT08,1,,,X,
USW00093124,19450619,WT08,1,,,X,
USW00093124,19450620,WT08,1,,,X,
USW00093124,19450621,WT08,1,,,X,
USW00093124,19450622,WT08,1,,,X,
USW00093124,19450623,WT08,1,,,X,
USW00093124,19450626,WT08,1,,,X,
USW00093124,19450627,WT08,1,,,X,
USW00093124,19450628,WT08,1,,,X,
USW00093124,19450629,WT08,1,,,X,
USW00093124,19450630,WT08,1,,,X,
USW00093124,19450604,WT16,1,,,X,
USW00093124,19450612,WT16,1,,,X,
USW00093124,19450613,WT16,1,,,X,
USW00093124,19450617,WT16,1,,,X,
USW00093124,19450618,WT16,1,,,X,
USW00093124,19450620,WT16,1,,,X,
USW00093124,19450621,WT16,1,,,X,
USW00093124,19450627,WT16,1,,,X,
USW00093124,19450630,WT16,1,,,X,
USW00093124,19450701,TMAX,194,,,X,
USW00093124,19450702,TMAX,189,,,X,
USW00093124,19450703,TMAX,200,,,X,
USW00093124,19450704,TMAX,189,,,X,
USW00093124,19450705,TMAX,194,,,X,
USW00093124,19450706,TMAX,194,,,X,
USW00093124,19450707,TMAX,200,,,X,
USW00093124,19450708,TMAX,211,,,X,
USW00093124,19450709,TMAX,217,,,X,
USW00093124,19450710,TMAX,217,,,X,
USW00093124,19450711,TMAX,233,,,X,
USW00093124,19450712,TMAX,239,,,X,
USW00093124,19450713,TMAX,244,,,X,
USW00093124,19450714,TMAX,228,,,X,
USW00093124,19450715,TMAX,200,,,X,
USW00093124,19450716,TMAX,194,,,X,
USW00093124,19450717,TMAX,189,,,X,
USW00093124,19450718,TMAX,194,,,X,
USW00093124,19450719,TMAX,217,,,X,
USW00093124,19450720,TMAX,233,,,X,
USW00093124,19450721,TMAX,244,,,X,
USW00093124,19450722,TMAX,239,,,X,
USW00093124,19450723,TMAX,233,,,X,
USW00093124,19450724,TMAX,228,,,X,
USW00093124,19450725,TMAX,211,,,X,
USW00093124,19450726,TMAX,222,,,X,
USW00093124,19450727,TMAX,217,,,X,
USW00093124,19450728,TMAX,222,,,X,
USW00093124,19450729,TMAX,217,,,X,
USW00093124,19450730,TMAX,200,,,X,
USW00093124,19450731,TMAX,217,,,X,
USW00093124,19450701,TMIN,150,,,X,
USW00093124,19450702,TMIN,144,,,X,
USW00093124,19450703,TMIN,144,,,X,
USW00093124,19450704,TMIN,144,,,X,
USW00093124,19450705,TMIN,139,,,X,
USW00093124,19450706,TMIN,139,,,X,
USW00093124,19450707,TMIN,144,,,X,
USW00093124,19450708,TMIN,150,,,X,
USW00093124,19450709,TMIN,144,,,X,
USW00093124,19450710,TMIN,128,,,X,
USW00093124,19450711,TMIN,150,,,X,
USW00093124,19450712,TMIN,144,,,X,
USW00093124,19450713,TMIN,139,,,X,
USW00093124,19450714,TMIN,139,,,X,
USW00093124,19450715,TMIN,150,,,X,
USW00093124,19450716,TMIN,144,,,X,
USW00093124,19450717,TMIN,139,,,X,
USW00093124,19450718,TMIN,144,,,X,
USW00093124,19450719,TMIN,117,,,X,
USW00093124,19450720,TMIN,144,,,X,
USW00093124,19450721,TMIN,156,,,X,
USW00093124,19450722,TMIN,139,,,X,
USW00093124,19450723,TMIN,128,,,X,
USW00093124,19450724,TMIN,161,,,X,
USW00093124,19450725,TMIN,150,,,X,
USW00093124,19450726,TMIN,161,,,X,
USW00093124,19450727,TMIN,156,,,X,
USW00093124,19450728,TMIN,167,,,X,
USW00093124,19450729,TMIN,161,,,X,
USW00093124,19450730,TMIN,161,,,X,
USW00093124,19450731,TMIN,156,,,X,
USW00093124,19450701,PRCP,0,T,,X,
USW00093124,19450702,PRCP,0,T,,X,
USW00093124,19450703,PRCP,0,T,,X,
USW00093124,19450704,PRCP,0,T,,X,
USW00093124,19450705,PRCP,0,T,,X,
USW00093124,19450706,PRCP,0,,,X,
USW00093124,19450707,PRCP,0,T,,X,
USW00093124,19450708,PRCP,0,T,,X,
USW00093124,19450709,PRCP,0,,,X,
USW00093124,19450710,PRCP,0,,,X,
USW00093124,19450711,PRCP,0,,,X,
USW00093124,19450712,PRCP,0,,,X,
USW00093124,19450713,PRCP,0,,,X,
USW00093124,19450714,PRCP,0,,,X,
USW00093124,19450715,PRCP,0,T,,X,
USW00093124,19450716,PRCP,0,T,,X,
USW00093124,19450717,PRCP,0,T,,X,
USW00093124,19450718,PRCP,0,,,X,
USW00093124,19450719,PRCP,0,,,X,
USW00093124,19450720,PRCP,0,,,X,
USW00093124,19450721,PRCP,0,,,X,
USW00093124,19450722,PRCP,0,,,X,
USW00093124,19450723,PRCP,0,,,X,
USW00093124,19450724,PRCP,0,T,,X,
USW00093124,19450725,PRCP,0,T,,X,
USW00093124,19450726,PRCP,0,T,,X,
USW00093124,19450727,PRCP,0,T,,X,
USW00093124,19450728,PRCP,0,,,X,
USW00093124,19450729,PRCP,0,,,X,
USW00093124,19450730,PRCP,0,,,X,
USW00093124,19450731,PRCP,0,,,X,
USW00093124,19450701,SNOW,0,,,X,
USW00093124,19450702,SNOW,0,,,X,
USW00093124,19450703,SNOW,0,,,X,
USW00093124,19450704,SNOW,0,,,X,
USW00093124,19450705,SNOW,0,,,X,
USW00093124,19450706,SNOW,0,,,X,
USW00093124,19450707,SNOW,0,,,X,
USW00093124,19450708,SNOW,0,,,X,
USW00093124,19450709,SNOW,0,,,X,
USW00093124,19450710,SNOW,0,,,X,
USW00093124,19450711,SNOW,0,,,X,
USW00093124,19450712,SNOW,0,,,X,
USW00093124,19450713,SNOW,0,,,X,
USW00093124,19450714,SNOW,0,,,X,
USW00093124,19450715,SNOW,0,,,X,
USW00093124,19450716,SNOW,0,,,X,
USW00093124,19450717,SNOW,0,,,X,
USW00093124,19450718,SNOW,0,,,X,
USW00093124,19450719,SNOW,0,,,X,
USW00093124,19450720,SNOW,0,,,X,
USW00093124,19450721,SNOW,0,,,X,
USW00093124,19450722,SNOW,0,,,X,
USW00093124,19450723,SNOW,0,,,X,
USW00093124,19450724,SNOW,0,,,X,
USW00093124,19450725,SNOW,0,,,X,
USW00093124,19450726,SNOW,0,,,X,
USW00093124,19450727,SNOW,0,,,X,
USW00093124,19450728,SNOW,0,,,X,
USW00093124,19450729,SNOW,0,,,X,
USW00093124,19450730,SNOW,0,,,X,
USW00093124,19450731,SNOW,0,,,X,
USW00093124,19450701,WT01,1,,,X,
USW00093124,19450702,WT01,1,,,X,
USW00093124,19450703,WT01,1,,,X,
USW00093124,19450704,WT01,1,,,X,
USW00093124,19450705,WT01,1,,,X,
USW00093124,19450706,WT01,1,,,X,
USW00093124,19450707,WT01,1,,,X,
USW00093124,19450708,WT01,1,,,X,
USW00093124,19450709,WT01,1,,,X,
USW00093124,19450711,WT01,1,,,X,
USW00093124,19450714,WT01,1,,,X,
USW00093124,19450715,WT01,1,,,X,
USW00093124,19450716,WT01,1,,,X,
USW00093124,19450717,WT01,1,,,X,
USW00093124,19450719,WT01,1,,,X,
USW00093124,19450723,WT01,1,,,X,
USW00093124,19450724,WT01,1,,,X,
USW00093124,19450725,WT01,1,,,X,
USW00093124,19450726,WT01,1,,,X,
USW00093124,19450727,WT01,1,,,X,
USW00093124,19450728,WT01,1,,,X,
USW00093124,19450729,WT01,1,,,X,
USW00093124,19450731,WT01,1,,,X,
USW00093124,19450701,WT08,1,,,X,
USW00093124,19450702,WT08,1,,,X,
USW00093124,19450703,WT08,1,,,X,
USW00093124,19450704,WT08,1,,,X,
USW00093124,19450705,WT08,1,,,X,
USW00093124,19450706,WT08,1,,,X,
USW00093124,19450707,WT08,1,,,X,
USW00093124,19450708,WT08,1,,,X,
USW00093124,19450709,WT08,1,,,X,
USW00093124,19450711,WT08,1,,,X,
USW00093124,19450712,WT08,1,,,X,
USW00093124,19450714,WT08,1,,,X,
USW00093124,19450715,WT08,1,,,X,
USW00093124,19450716,WT08,1,,,X,
USW00093124,19450717,WT08,1,,,X,
USW00093124,19450718,WT08,1,,,X,
USW00093124,19450719,WT08,1,,,X,
USW00093124,19450720,WT08,1,,,X,
USW00093124,19450721,WT08,1,,,X,
USW00093124,19450723,WT08,1,,,X,
USW00093124,19450724,WT08,1,,,X,
USW00093124,19450725,WT08,1,,,X,
USW00093124,19450726,WT08,1,,,X,
USW00093124,19450727,WT08,1,,,X,
USW00093124,19450728,WT08,1,,,X,
USW00093124,19450729,WT08,1,,,X,
USW00093124,19450730,WT08,1,,,X,
USW00093124,19450731,WT08,1,,,X,
USW00093124,19450701,WT16,1,,,X,
USW00093124,19450702,WT16,1,,,X,
USW00093124,19450703,WT16,1,,,X,
USW00093124,19450704,WT16,1,,,X,
USW00093124,19450705,WT16,1,,,X,
USW00093124,19450707,WT16,1,,,X,
USW00093124,19450708,WT16,1,,,X,
USW00093124,19450715,WT16,1,,,X,
USW00093124,19450716,WT16,1,,,X,
USW00093124,19450717,WT16,1,,,X,
USW00093124,19450724,WT16,1,,,X,
USW00093124,19450725,WT16,1,,,X,
USW00093124,19450726,WT16,1,,,X,
USW00093124,19450727,WT16,1,,,X,
USW00093124,19450801,TMAX,244,,,X,
USW00093124,19450802,TMAX,250,,,X,
USW00093124,19450803,TMAX,250,,,X,
USW00093124,19450804,TMAX,239,,,X,
USW00093124,19450805,TMAX,211,,,X,
USW00093124,19450806,TMAX,206,,,X,
USW00093124,19450807,TMAX,261,,,X,
USW00093124,19450808,TMAX,256,,,X,
USW00093124,19450809,TMAX,233,,,X,
USW00093124,19450810,TMAX,228,,,X,
USW00093124,19450811,TMAX,211,,,X,
USW00093124,19450812,TMAX,244,,,X,
USW00093124,19450813,TMAX,239,,,X,
USW00093124,19450814,TMAX,228,,,X,
USW00093124,19450815,TMAX,217,,,X,
USW00093124,19450816,TMAX,211,,,X,
USW00093124,19450817,TMAX,239,,,X,
USW00093124,19450818,TMAX,300,,,X,
USW00093124,19450819,TMAX,233,,,X,
USW00093124,19450820,TMAX,222,,,X,
USW00093124,19450821,TMAX,206,,,X,
USW00093124,19450822,TMAX,222,,,X,
USW00093124,19450823,TMAX,244,,,X,
USW00093124,19450824,TMAX,272,,,X,
USW00093124,19450825,TMAX,272,,,X,
USW00093124,19450826,TMAX,222,,,X,
USW00093124,19450827,TMAX,222,,,X,
USW00093124,19450828,TMAX,211,,,X,
USW00093124,19450829,TMAX,222,,,X,
USW00093124,19450830,TMAX,222,,,X,
USW00093124,19450831,TMAX,211,,,X,
USW00093124,19450801,TMIN,150,,,X,
USW00093124,19450802,TMIN,183,,,X,
USW00093124,19450803,TMIN,156,,,X,
USW00093124,19450804,TMIN,139,,,X,
USW00093124,19450805,TMIN,139,,,X,
USW00093124,19450806,TMIN,144,,,X,
USW00093124,19450807,TMIN,122,,,X,
USW00093124,19450808,TMIN,122,,,X,
USW00093124,19450809,TMIN,144,,,X,
USW00093124,19450810,TMIN,156,,,X,
USW00093124,19450811,TMIN,139,,,X,
USW00093124,19450812,TMIN,117,,,X,
USW00093124,19450813,TMIN,111,,,X,
USW00093124,19450814,TMIN,117,,,X,
USW00093124,19450815,TMIN,133,,,X,
USW00093124,19450816,TMIN,128,,,X,
USW00093124,19450817,TMIN,144,,,X,
USW00093124,19450818,TMIN,172,,,X,
USW00093124,19450819,TMIN,161,,,X,
USW00093124,19450820,TMIN,156,,,X,
USW00093124,19450821,TMIN,150,,,X,
USW00093124,19450822,TMIN,144,,,X,
USW00093124,19450823,TMIN,156,,,X,
USW00093124,19450824,TMIN,144,,,X,
USW00093124,19450825,TMIN,133,,,X,
USW00093124,19450826,TMIN,122,,,X,
USW00093124,19450827,TMIN,161,,,X,
USW00093124,19450828,TMIN,139,,,X,
USW00093124,19450829,TMIN,111,,,X,
USW00093124,19450830,TMIN,117,,,X,
USW00093124,19450831,TMIN,139,,,X,
USW00093124,19450801,PRCP,0,T,,X,
USW00093124,19450802,PRCP,0,T,,X,
USW00093124,19450803,PRCP,0,,,X,
USW00093124,19450804,PRCP,0,,,X,
USW00093124,19450805,PRCP,0,,,X,
USW00093124,19450806,PRCP,0,,,X,
USW00093124,19450807,PRCP,0,,,X,
USW00093124,19450808,PRCP,0,,,X,
USW00093124,19450809,PRCP,0,,,X,
USW00093124,19450810,PRCP,0,T,,X,
USW00093124,19450811,PRCP,0,,,X,
USW00093124,19450812,PRCP,0,,,X,
USW00093124,19450813,PRCP,0,,,X,
USW00093124,19450814,PRCP,0,,,X,
USW00093124,19450815,PRCP,0,,,X,
USW00093124,19450816,PRCP,0,,,X,
USW00093124,19450817,PRCP,0,,,X,
USW00093124,19450818,PRCP,0,,,X,
USW00093124,19450819,PRCP,0,,,X,
USW00093124,19450820,PRCP,0,,,X,
USW00093124,19450821,PRCP,0,T,,X,
USW00093124,19450823,PRCP,0,,,X,
USW00093124,19450824,PRCP,0,,,X,
USW00093124,19450825,PRCP,0,,,X,
USW00093124,19450826,PRCP,0,,,X,
USW00093124,19450827,PRCP,0,,,X,
USW00093124,19450828,PRCP,0,,,X,
USW00093124,19450829,PRCP,0,,,X,
USW00093124,19450830,PRCP,0,,,X,
USW00093124,19450831,PRCP,0,,,X,
USW00093124,19450801,SNOW,0,,,X,
USW00093124,19450802,SNOW,0,,,X,
USW00093124,19450803,SNOW,0,,,X,
USW00093124,19450804,SNOW,0,,,X,
USW00093124,19450805,SNOW,0,,,X,
USW00093124,19450806,SNOW,0,,,X,
USW00093124,19450807,SNOW,0,,,X,
USW00093124,19450808,SNOW,0,,,X,
USW00093124,19450809,SNOW,0,,,X,
USW00093124,19450810,SNOW,0,,,X,
USW00093124,19450811,SNOW,0,,,X,
USW00093124,19450812,SNOW,0,,,X,
USW00093124,19450813,SNOW,0,,,X,
USW00093124,19450814,SNOW,0,,,X,
USW00093124,19450815,SNOW,0,,,X,
USW00093124,19450816,SNOW,0,,,X,
USW00093124,19450817,SNOW,0,,,X,
USW00093124,19450818,SNOW,0,,,X,
USW00093124,19450819,SNOW,0,,,X,
USW00093124,19450820,SNOW,0,,,X,
USW00093124,19450821,SNOW,0,,,X,
USW00093124,19450823,SNOW,0,,,X,
USW00093124,19450824,SNOW,0,,,X,
USW00093124,19450825,SNOW,0,,,X,
USW00093124,19450826,SNOW,0,,,X,
USW00093124,19450827,SNOW,0,,,X,
USW00093124,19450828,SNOW,0,,,X,
USW00093124,19450829,SNOW,0,,,X,
USW00093124,19450830,SNOW,0,,,X,
USW00093124,19450831,SNOW,0,,,X,
USW00093124,19450801,WT01,1,,,X,
USW00093124,19450802,WT01,1,,,X,
USW00093124,19450803,WT01,1,,,X,
USW00093124,19450804,WT01,1,,,X,
USW00093124,19450805,WT01,1,,,X,
USW00093124,19450806,WT01,1,,,X,
USW00093124,19450809,WT01,1,,,X,
USW00093124,19450810,WT01,1,,,X,
USW00093124,19450811,WT01,1,,,X,
USW00093124,19450814,WT01,1,,,X,
USW00093124,19450815,WT01,1,,,X,
USW00093124,19450816,WT01,1,,,X,
USW00093124,19450817,WT01,1,,,X,
USW00093124,19450819,WT01,1,,,X,
USW00093124,19450820,WT01,1,,,X,
USW00093124,19450821,WT01,1,,,X,
USW00093124,19450822,WT01,1,,,X,
USW00093124,19450823,WT01,1,,,X,
USW00093124,19450826,WT01,1,,,X,
USW00093124,19450827,WT01,1,,,X,
USW00093124,19450831,WT01,1,,,X,
USW00093124,19450801,WT08,1,,,X,
USW00093124,19450802,WT08,1,,,X,
USW00093124,19450803,WT08,1,,,X,
USW00093124,19450804,WT08,1,,,X,
USW00093124,19450805,WT08,1,,,X,
USW00093124,19450806,WT08,1,,,X,
USW00093124,19450809,WT08,1,,,X,
USW00093124,19450810,WT08,1,,,X,
USW00093124,19450811,WT08,1,,,X,
USW00093124,19450812,WT08,1,,,X,
USW00093124,19450813,WT08,1,,,X,
USW00093124,19450814,WT08,1,,,X,
USW00093124,19450815,WT08,1,,,X,
USW00093124,19450817,WT08,1,,,X,
USW00093124,19450819,WT08,1,,,X,
USW00093124,19450820,WT08,1,,,X,
USW00093124,19450821,WT08,1,,,X,
USW00093124,19450822,WT08,1,,,X,
USW00093124,19450823,WT08,1,,,X,
USW00093124,19450826,WT08,1,,,X,
USW00093124,19450827,WT08,1,,,X,
USW00093124,19450828,WT08,1,,,X,
USW00093124,19450829,WT08,1,,,X,
USW00093124,19450830,WT08,1,,,X,
USW00093124,19450831,WT08,1,,,X,
USW00093124,19450801,WT16,1,,,X,
USW00093124,19450802,WT16,1,,,X,
USW00093124,19450810,WT16,1,,,X,
USW00093124,19450821,WT16,1,,,X,
USW00093124,19450901,TMAX,250,,,X,
USW00093124,19450902,TMAX,239,,,X,
USW00093124,19450903,TMAX,267,,,X,
USW00093124,19450904,TMAX,272,,,X,
USW00093124,19450905,TMAX,272,,,X,
USW00093124,19450906,TMAX,239,,,X,
USW00093124,19450907,TMAX,222,,,X,
USW00093124,19450908,TMAX,183,,,X,
USW00093124,19450909,TMAX,228,,,X,
USW00093124,19450910,TMAX,250,,,X,
USW00093124,19450911,TMAX,261,,,X,
USW00093124,19450912,TMAX,250,,,X,
USW00093124,19450913,TMAX,200,,,X,
USW00093124,19450914,TMAX,222,,,X,
USW00093124,19450915,TMAX,211,,,X,
USW00093124,19450916,TMAX,217,,,X,
USW00093124,19450917,TMAX,211,,,X,
USW00093124,19450918,TMAX,189,,,X,
USW00093124,19450919,TMAX,211,,,X,
USW00093124,19450920,TMAX,189,,,X,
USW00093124,19450921,TMAX,206,,,X,
USW00093124,19450922,TMAX,222,,,X,
USW00093124,19450923,TMAX,211,,,X,
USW00093124,19450924,TMAX,222,,,X,
USW00093124,19450925,TMAX,256,,,X,
USW00093124,19450926,TMAX,228,,,X,
USW00093124,19450927,TMAX,211,,,X,
USW00093124,19450928,TMAX,289,,,X,
USW00093124,19450929,TMAX,311,,,X,
USW00093124,19450930,TMAX,283,,,X,
USW00093124,19450901,TMIN,139,,,X,
USW00093124,19450902,TMIN,172,,,X,
USW00093124,19450903,TMIN,161,,,X,
USW00093124,19450904,TMIN,172,,,X,
USW00093124,19450905,TMIN,167,,,X,
USW00093124,19450906,TMIN,144,,,X,
USW00093124,19450907,TMIN,161,,,X,
USW00093124,19450908,TMIN,156,,,X,
USW00093124,19450909,TMIN,144,,,X,
USW00093124,19450910,TMIN,144,,,X,
USW00093124,19450911,TMIN,150,,,X,
USW00093124,19450912,TMIN,139,,,X,
USW00093124,19450913,TMIN,150,,,X,
USW00093124,19450914,TMIN,161,,,X,
USW00093124,19450915,TMIN,161,,,X,
USW00093124,19450916,TMIN,156,,,X,
USW00093124,19450917,TMIN,172,,,X,
USW00093124,19450918,TMIN,133,,,X,
USW00093124,19450919,TMIN,150,,,X,
USW00093124,19450920,TMIN,117,,,X,
USW00093124,19450921,TMIN,133,,,X,
USW00093124,19450922,TMIN,111,,,X,
USW00093124,19450923,TMIN,94,,,X,
USW00093124,19450924,TMIN,89,,,X,
USW00093124,19450925,TMIN,106,,,X,
USW00093124,19450926,TMIN,106,,,X,
USW00093124,19450927,TMIN,133,,,X,
USW00093124,19450928,TMIN,89,,,X,
USW00093124,19450929,TMIN,89,,,X,
USW00093124,19450930,TMIN,94,,,X,
USW00093124,19450901,PRCP,0,,,X,
USW00093124,19450902,PRCP,13,,,X,
USW00093124,19450903,PRCP,0,,,X,
USW00093124,19450904,PRCP,0,,,X,
USW00093124,19450905,PRCP,0,,,X,
USW00093124,19450906,PRCP,0,,,X,
USW00093124,19450907,PRCP,0,T,,X,
USW00093124,19450908,PRCP,0,T,,X,
USW00093124,19450909,PRCP,0,,,X,
USW00093124,19450910,PRCP,0,,,X,
USW00093124,19450911,PRCP,0,,,X,
USW00093124,19450912,PRCP,0,,,X,
USW00093124,19450913,PRCP,0,,,X,
USW00093124,19450914,PRCP,0,T,,X,
USW00093124,19450915,PRCP,0,T,,X,
USW00093124,19450916,PRCP,0,T,,X,
USW00093124,19450917,PRCP,0,,,X,
USW00093124,19450918,PRCP,0,T,,X,
USW00093124,19450919,PRCP,0,,,X,
USW00093124,19450920,PRCP,0,,,X,
USW00093124,19450921,PRCP,0,,,X,
USW00093124,19450922,PRCP,0,,,X,
USW00093124,19450923,PRCP,0,,,X,
USW00093124,19450924,PRCP,0,,,X,
USW00093124,19450925,PRCP,0,,,X,
USW00093124,19450926,PRCP,0,,,X,
USW00093124,19450927,PRCP,0,,,X,
USW00093124,19450928,PRCP,0,,,X,
USW00093124,19450929,PRCP,0,,,X,
USW00093124,19450930,PRCP,0,,,X,
USW00093124,19450901,SNOW,0,,,X,
USW00093124,19450902,SNOW,0,,,X,
USW00093124,19450903,SNOW,0,,,X,
USW00093124,19450904,SNOW,0,,,X,
USW00093124,19450905,SNOW,0,,,X,
USW00093124,19450906,SNOW,0,,,X,
USW00093124,19450907,SNOW,0,,,X,
USW00093124,19450908,SNOW,0,,,X,
USW00093124,19450909,SNOW,0,,,X,
USW00093124,19450910,SNOW,0,,,X,
USW00093124,19450911,SNOW,0,,,X,
USW00093124,19450912,SNOW,0,,,X,
USW00093124,19450913,SNOW,0,,,X,
USW00093124,19450914,SNOW,0,,,X,
USW00093124,19450915,SNOW,0,,,X,
USW00093124,19450916,SNOW,0,,,X,
USW00093124,19450917,SNOW,0,,,X,
USW00093124,19450918,SNOW,0,,,X,
USW00093124,19450919,SNOW,0,,,X,
USW00093124,19450920,SNOW,0,,,X,
USW00093124,19450921,SNOW,0,,,X,
USW00093124,19450922,SNOW,0,,,X,
USW00093124,19450923,SNOW,0,,,X,
USW00093124,19450924,SNOW,0,,,X,
USW00093124,19450925,SNOW,0,,,X,
USW00093124,19450926,SNOW,0,,,X,
USW00093124,19450927,SNOW,0,,,X,
USW00093124,19450928,SNOW,0,,,X,
USW00093124,19450929,SNOW,0,,,X,
USW00093124,19450930,SNOW,0,,,X,
USW00093124,19450901,WT01,1,,,X,
USW00093124,19450906,WT01,1,,,X,
USW00093124,19450907,WT01,1,,,X,
USW00093124,19450908,WT01,1,,,X,
USW00093124,19450909,WT01,1,,,X,
USW00093124,19450912,WT01,1,,,X,
USW00093124,19450913,WT01,1,,,X,
USW00093124,19450914,WT01,1,,,X,
USW00093124,19450915,WT01,1,,,X,
USW00093124,19450916,WT01,1,,,X,
USW00093124,19450917,WT01,1,,,X,
USW00093124,19450918,WT01,1,,,X,
USW00093124,19450927,WT01,1,,,X,
USW00093124,19450928,WT01,1,,,X,
USW00093124,19450902,WT03,1,,,X,
USW00093124,19450901,WT08,1,,,X,
USW00093124,19450902,WT08,1,,,X,
USW00093124,19450905,WT08,1,,,X,
USW00093124,19450906,WT08,1,,,X,
USW00093124,19450907,WT08,1,,,X,
USW00093124,19450909,WT08,1,,,X,
USW00093124,19450912,WT08,1,,,X,
USW00093124,19450913,WT08,1,,,X,
USW00093124,19450914,WT08,1,,,X,
USW00093124,19450915,WT08,1,,,X,
USW00093124,19450916,WT08,1,,,X,
USW00093124,19450917,WT08,1,,,X,
USW00093124,19450918,WT08,1,,,X,
USW00093124,19450919,WT08,1,,,X,
USW00093124,19450920,WT08,1,,,X,
USW00093124,19450921,WT08,1,,,X,
USW00093124,19450926,WT08,1,,,X,
USW00093124,19450927,WT08,1,,,X,
USW00093124,19450928,WT08,1,,,X,
USW00093124,19450902,WT16,1,,,X,
USW00093124,19450907,WT16,1,,,X,
USW00093124,19450908,WT16,1,,,X,
USW00093124,19450914,WT16,1,,,X,
USW00093124,19450915,WT16,1,,,X,
USW00093124,19450916,WT16,1,,,X,
USW00093124,19450918,WT16,1,,,X,
USW00093124,19451001,TMAX,289,,,X,
USW00093124,19451002,TMAX,317,,,X,
USW00093124,19451003,TMAX,233,,,X,
USW00093124,19451004,TMAX,211,,,X,
USW00093124,19451005,TMAX,211,,,X,
USW00093124,19451006,TMAX,222,,,X,
USW00093124,19451007,TMAX,200,,,X,
USW00093124,19451008,TMAX,222,,,X,
USW00093124,19451009,TMAX,211,,,X,
USW00093124,19451010,TMAX,211,,,X,
USW00093124,19451011,TMAX,228,,,X,
USW00093124,19451012,TMAX,206,,,X,
USW00093124,19451013,TMAX,200,,,X,
USW00093124,19451014,TMAX,194,,,X,
USW00093124,19451015,TMAX,183,,,X,
USW00093124,19451016,TMAX,172,,,X,
USW00093124,19451017,TMAX,178,,,X,
USW00093124,19451018,TMAX,194,,,X,
USW00093124,19451019,TMAX,189,,,X,
USW00093124,19451020,TMAX,189,,,X,
USW00093124,19451021,TMAX,183,,,X,
USW00093124,19451022,TMAX,194,,,X,
USW00093124,19451023,TMAX,211,,,X,
USW00093124,19451024,TMAX,267,,,X,
USW00093124,19451025,TMAX,239,,,X,
USW00093124,19451026,TMAX,200,,,X,
USW00093124,19451027,TMAX,189,,,X,
USW00093124,19451028,TMAX,178,,,X,
USW00093124,19451029,TMAX,200,,,X,
USW00093124,19451030,TMAX,178,,,X,
USW00093124,19451031,TMAX,228,,,X,
USW00093124,19451001,TMIN,100,,,X,
USW00093124,19451002,TMIN,106,,,X,
USW00093124,19451003,TMIN,100,,,X,
USW00093124,19451004,TMIN,144,,,X,
USW00093124,19451005,TMIN,128,,,X,
USW00093124,19451006,TMIN,111,,,X,
USW00093124,19451007,TMIN,100,,,X,
USW00093124,19451008,TMIN,161,,,X,
USW00093124,19451009,TMIN,117,,,X,
USW00093124,19451010,TMIN,117,,,X,
USW00093124,19451011,TMIN,122,,,X,
USW00093124,19451012,TMIN,150,,,X,
USW00093124,19451013,TMIN,111,,,X,
USW00093124,19451014,TMIN,156,,,X,
USW00093124,19451015,TMIN,139,,,X,
USW00093124,19451016,TMIN,133,,,X,
USW00093124,19451017,TMIN,150,,,X,
USW00093124,19451018,TMIN,133,,,X,
USW00093124,19451019,TMIN,133,,,X,
USW00093124,19451020,TMIN,122,,,X,
USW00093124,19451021,TMIN,106,,,X,
USW00093124,19451022,TMIN,100,,,X,
USW00093124,19451023,TMIN,78,,,X,
USW00093124,19451024,TMIN,44,,,X,
USW00093124,19451025,TMIN,44,,,X,
USW00093124,19451026,TMIN,56,,,X,
USW00093124,19451027,TMIN,50,,,X,
USW00093124,19451028,TMIN,106,,,X,
USW00093124,19451029,TMIN,150,,,X,
USW00093124,19451030,TMIN,128,,,X,
USW00093124,19451031,TMIN,106,,,X,
USW00093124,19451001,PRCP,0,,,X,
USW00093124,19451002,PRCP,0,,,X,
USW00093124,19451003,PRCP,0,,,X,
USW00093124,19451004,PRCP,0,,,X,
USW00093124,19451005,PRCP,0,,,X,
USW00093124,19451006,PRCP,0,,,X,
USW00093124,19451007,PRCP,0,,,X,
USW00093124,19451008,PRCP,0,,,X,
USW00093124,19451009,PRCP,0,,,X,
USW00093124,19451010,PRCP,0,,,X,
USW00093124,19451011,PRCP,0,,,X,
USW00093124,19451012,PRCP,0,,,X,
USW00093124,19451013,PRCP,0,,,X,
USW00093124,19451014,PRCP,0,T,,X,
USW00093124,19451015,PRCP,36,,,X,
USW00093124,19451016,PRCP,0,,,X,
USW00093124,19451017,PRCP,0,T,,X,
USW00093124,19451018,PRCP,0,,,X,
USW00093124,19451019,PRCP,0,,,X,
USW00093124,19451020,PRCP,0,,,X,
USW00093124,19451021,PRCP,0,,,X,
USW00093124,19451022,PRCP,0,,,X,
USW00093124,19451023,PRCP,0,,,X,
USW00093124,19451024,PRCP,0,,,X,
USW00093124,19451025,PRCP,0,,,X,
USW00093124,19451026,PRCP,0,,,X,
USW00093124,19451027,PRCP,0,,,X,
USW00093124,19451028,PRCP,5,,,X,
USW00093124,19451029,PRCP,36,,,X,
USW00093124,19451030,PRCP,114,,,X,
USW00093124,19451031,PRCP,0,,,X,
USW00093124,19451001,SNOW,0,,,X,
USW00093124,19451002,SNOW,0,,,X,
USW00093124,19451003,SNOW,0,,,X,
USW00093124,19451004,SNOW,0,,,X,
USW00093124,19451005,SNOW,0,,,X,
USW00093124,19451006,SNOW,0,,,X,
USW00093124,19451007,SNOW,0,,,X,
USW00093124,19451008,SNOW,0,,,X,
USW00093124,19451009,SNOW,0,,,X,
USW00093124,19451010,SNOW,0,,,X,
USW00093124,19451011,SNOW,0,,,X,
USW00093124,19451012,SNOW,0,,,X,
USW00093124,19451013,SNOW,0,,,X,
USW00093124,19451014,SNOW,0,,,X,
USW00093124,19451015,SNOW,0,,,X,
USW00093124,19451016,SNOW,0,,,X,
USW00093124,19451017,SNOW,0,,,X,
USW00093124,19451018,SNOW,0,,,X,
USW00093124,19451019,SNOW,0,,,X,
USW00093124,19451020,SNOW,0,,,X,
USW00093124,19451021,SNOW,0,,,X,
USW00093124,19451022,SNOW,0,,,X,
USW00093124,19451023,SNOW,0,,,X,
USW00093124,19451024,SNOW,0,,,X,
USW00093124,19451025,SNOW,0,,,X,
USW00093124,19451026,SNOW,0,,,X,
USW00093124,19451027,SNOW,0,,,X,
USW00093124,19451028,SNOW,0,,,X,
USW00093124,19451029,SNOW,0,,,X,
USW00093124,19451030,SNOW,0,,,X,
USW00093124,19451031,SNOW,0,,,X,
USW00093124,19451003,WT01,1,,,X,
USW00093124,19451004,WT01,1,,,X,
USW00093124,19451013,WT01,1,,,X,
USW00093124,19451014,WT01,1,,,X,
USW00093124,19451015,WT01,1,,,X,
USW00093124,19451016,WT01,1,,,X,
USW00093124,19451017,WT01,1,,,X,
USW00093124,19451018,WT01,1,,,X,
USW00093124,19451019,WT01,1,,,X,
USW00093124,19451020,WT01,1,,,X,
USW00093124,19451021,WT01,1,,,X,
USW00093124,19451022,WT01,1,,,X,
USW00093124,19451023,WT01,1,,,X,
USW00093124,19451026,WT01,1,,,X,
USW00093124,19451027,WT01,1,,,X,
USW00093124,19451030,WT01,1,,,X,
USW00093124,19451015,WT03,1,,,X,
USW00093124,19451001,WT08,1,,,X,
USW00093124,19451002,WT08,1,,,X,
USW00093124,19451003,WT08,1,,,X,
USW00093124,19451004,WT08,1,,,X,
USW00093124,19451005,WT08,1,,,X,
USW00093124,19451006,WT08,1,,,X,
USW00093124,19451009,WT08,1,,,X,
USW00093124,19451010,WT08,1,,,X,
USW00093124,19451011,WT08,1,,,X,
USW00093124,19451013,WT08,1,,,X,
USW00093124,19451014,WT08,1,,,X,
USW00093124,19451015,WT08,1,,,X,
USW00093124,19451018,WT08,1,,,X,
USW00093124,19451019,WT08,1,,,X,
USW00093124,19451020,WT08,1,,,X,
USW00093124,19451021,WT08,1,,,X,
USW00093124,19451022,WT08,1,,,X,
USW00093124,19451023,WT08,1,,,X,
USW00093124,19451027,WT08,1,,,X,
USW00093124,19451030,WT08,1,,,X,
USW00093124,19451014,WT16,1,,,X,
USW00093124,19451015,WT16,1,,,X,
USW00093124,19451017,WT16,1,,,X,
USW00093124,19451028,WT16,1,,,X,
USW00093124,19451029,WT16,1,,,X,
USW00093124,19451030,WT16,1,,,X,
USW00093124,19451101,TMAX,233,,,X,
USW00093124,19451102,TMAX,250,,,X,
USW00093124,19451103,TMAX,311,,,X,
USW00093124,19451104,TMAX,278,,,X,
USW00093124,19451105,TMAX,183,,,X,
USW00093124,19451106,TMAX,172,,,X,
USW00093124,19451107,TMAX,172,,,X,
USW00093124,19451108,TMAX,189,,,X,
USW00093124,19451109,TMAX,183,,,X,
USW00093124,19451110,TMAX,200,,,X,
USW00093124,19451111,TMAX,178,,,X,
USW00093124,19451112,TMAX,211,,,X,
USW00093124,19451113,TMAX,194,,,X,
USW00093124,19451114,TMAX,200,,,X,
USW00093124,19451115,TMAX,167,,,X,
USW00093124,19451116,TMAX,183,,,X,
USW00093124,19451117,TMAX,183,,,X,
USW00093124,19451118,TMAX,189,,,X,
USW00093124,19451119,TMAX,250,,,X,
USW00093124,19451120,TMAX,222,,,X,
USW00093124,19451121,TMAX,256,,,X,
USW00093124,19451122,TMAX,211,,,X,
USW00093124,19451123,TMAX,178,,,X,
USW00093124,19451124,TMAX,161,,,X,
USW00093124,19451125,TMAX,172,,,X,
USW00093124,19451126,TMAX,211,,,X,
USW00093124,19451127,TMAX,206,,,X,
USW00093124,19451128,TMAX,167,,,X,
USW00093124,19451129,TMAX,178,,,X,
USW00093124,19451130,TMAX,156,,,X,
USW00093124,19451101,TMIN,117,,,X,
USW00093124,19451102,TMIN,78,,,X,
USW00093124,19451103,TMIN,100,,,X,
USW00093124,19451104,TMIN,100,,,X,
USW00093124,19451105,TMIN,122,,,X,
USW00093124,19451106,TMIN,117,,,X,
USW00093124,19451107,TMIN,83,,,X,
USW00093124,19451108,TMIN,39,,,X,
USW00093124,19451109,TMIN,39,,,X,
USW00093124,19451110,TMIN,67,,,X,
USW00093124,19451111,TMIN,117,,,X,
USW00093124,19451112,TMIN,61,,,X,
USW00093124,19451113,TMIN,67,,,X,
USW00093124,19451114,TMIN,44,,,X,
USW00093124,19451115,TMIN,100,,,X,
USW00093124,19451116,TMIN,50,,,X,
USW00093124,19451117,TMIN,111,,,X,
USW00093124,19451118,TMIN,67,,,X,
USW00093124,19451119,TMIN,56,,,X,
USW00093124,19451120,TMIN,78,,,X,
USW00093124,19451121,TMIN,50,,,X,
USW00093124,19451122,TMIN,39,,,X,
USW00093124,19451123,TMIN,39,,,X,
USW00093124,19451124,TMIN,39,,,X,
USW00093124,19451125,TMIN,67,,,X,
USW00093124,19451126,TMIN,33,,,X,
USW00093124,19451127,TMIN,33,,,X,
USW00093124,19451128,TMIN,56,,,X,
USW00093124,19451129,TMIN,100,,,X,
USW00093124,19451130,TMIN,28,,,X,
USW00093124,19451101,PRCP,0,,,X,
USW00093124,19451102,PRCP,0,,,X,
USW00093124,19451103,PRCP,0,,,X,
USW00093124,19451104,PRCP,0,,,X,
USW00093124,19451105,PRCP,0,T,,X,
USW00093124,19451106,PRCP,130,,,X,
USW00093124,19451107,PRCP,0,,,X,
USW00093124,19451108,PRCP,0,,,X,
USW00093124,19451109,PRCP,0,,,X,
USW00093124,19451110,PRCP,0,,,X,
USW00093124,19451111,PRCP,0,T,,X,
USW00093124,19451112,PRCP,0,,,X,
USW00093124,19451113,PRCP,0,,,X,
USW00093124,19451114,PRCP,0,,,X,
USW00093124,19451115,PRCP,0,,,X,
USW00093124,19451116,PRCP,0,,,X,
USW00093124,19451117,PRCP,0,,,X,
USW00093124,19451118,PRCP,0,,,X,
USW00093124,19451119,PRCP,0,,,X,
USW00093124,19451120,PRCP,0,,,X,
USW00093124,19451121,PRCP,0,,,X,
USW00093124,19451122,PRCP,0,,,X,
USW00093124,19451123,PRCP,0,,,X,
USW00093124,19451124,PRCP,0,T,,X,
USW00093124,19451125,PRCP,0,,,X,
USW00093124,19451126,PRCP,0,,,X,
USW00093124,19451127,PRCP,0,,,X,
USW00093124,19451128,PRCP,0,,,X,
USW00093124,19451129,PRCP,56,,,X,
USW00093124,19451130,PRCP,0,,,X,
USW00093124,19451101,SNOW,0,,,X,
USW00093124,19451102,SNOW,0,,,X,
USW00093124,19451103,SNOW,0,,,X,
USW00093124,19451104,SNOW,0,,,X,
USW00093124,19451105,SNOW,0,,,X,
USW00093124,19451106,SNOW,0,,,X,
USW00093124,19451107,SNOW,0,,,X,
USW00093124,19451108,SNOW,0,,,X,
USW00093124,19451109,SNOW,0,,,X,
USW00093124,19451110,SNOW,0,,,X,
USW00093124,19451111,SNOW,0,,,X,
USW00093124,19451112,SNOW,0,,,X,
USW00093124,19451113,SNOW,0,,,X,
USW00093124,19451114,SNOW,0,,,X,
USW00093124,19451115,SNOW,0,,,X,
USW00093124,19451116,SNOW,0,,,X,
USW00093124,19451117,SNOW,0,,,X,
USW00093124,19451118,SNOW,0,,,X,
USW00093124,19451119,SNOW,0,,,X,
USW00093124,19451120,SNOW,0,,,X,
USW00093124,19451121,SNOW,0,,,X,
USW00093124,19451122,SNOW,0,,,X,
USW00093124,19451123,SNOW,0,,,X,
USW00093124,19451124,SNOW,0,,,X,
USW00093124,19451125,SNOW,0,,,X,
USW00093124,19451126,SNOW,0,,,X,
USW00093124,19451127,SNOW,0,,,X,
USW00093124,19451128,SNOW,0,,,X,
USW00093124,19451129,SNOW,0,,,X,
USW00093124,19451130,SNOW,0,,,X,
USW00093124,19451123,WT01,1,,,X,
USW00093124,19451124,WT01,1,,,X,
USW00093124,19451125,WT01,1,,,X,
USW00093124,19451129,WT01,1,,,X,
USW00093124,19451105,WT08,1,,,X,
USW00093124,19451106,WT08,1,,,X,
USW00093124,19451114,WT08,1,,,X,
USW00093124,19451115,WT08,1,,,X,
USW00093124,19451124,WT08,1,,,X,
USW00093124,19451125,WT08,1,,,X,
USW00093124,19451105,WT16,1,,,X,
USW00093124,19451106,WT16,1,,,X,
USW00093124,19451111,WT16,1,,,X,
USW00093124,19451115,WT16,1,,,X,
USW00093124,19451124,WT16,1,,,X,
USW00093124,19451129,WT16,1,,,X,
USW00093124,19451201,TMAX,178,,,X,
USW00093124,19451202,TMAX,167,,,X,
USW00093124,19451203,TMAX,183,,,X,
USW00093124,19451204,TMAX,161,,,X,
USW00093124,19451205,TMAX,139,,,X,
USW00093124,19451206,TMAX,167,,,X,
USW00093124,19451207,TMAX,189,,,X,
USW00093124,19451208,TMAX,156,,,X,
USW00093124,19451209,TMAX,172,,,X,
USW00093124,19451210,TMAX,161,,,X,
USW00093124,19451211,TMAX,178,,,X,
USW00093124,19451212,TMAX,144,,,X,
USW00093124,19451213,TMAX,150,,,X,
USW00093124,19451214,TMAX,144,,,X,
USW00093124,19451215,TMAX,167,,,X,
USW00093124,19451216,TMAX,167,,,X,
USW00093124,19451217,TMAX,178,,,X,
USW00093124,19451218,TMAX,161,,,X,
USW00093124,19451219,TMAX,200,,,X,
USW00093124,19451220,TMAX,178,,,X,
USW00093124,19451221,TMAX,156,,,X,
USW00093124,19451222,TMAX,150,,,X,
USW00093124,19451223,TMAX,183,,,X,
USW00093124,19451224,TMAX,144,,,X,
USW00093124,19451225,TMAX,194,,,X,
USW00093124,19451226,TMAX,178,,,X,
USW00093124,19451227,TMAX,150,,,X,
USW00093124,19451228,TMAX,189,,,X,
USW00093124,19451229,TMAX,267,,,X,
USW00093124,19451230,TMAX,233,,,X,
USW00093124,19451231,TMAX,200,,,X,
USW00093124,19451201,TMIN,61,,,X,
USW00093124,19451202,TMIN,33,,,X,
USW00093124,19451203,TMIN,67,,,X,
USW00093124,19451204,TMIN,61,,,X,
USW00093124,19451205,TMIN,56,,,X,
USW00093124,19451206,TMIN,44,,,X,
USW00093124,19451207,TMIN,33,,,X,
USW00093124,19451208,TMIN,44,,,X,
USW00093124,19451209,TMIN,44,,,X,
USW00093124,19451210,TMIN,22,,,X,
USW00093124,19451211,TMIN,78,,,X,
USW00093124,19451212,TMIN,44,,,X,
USW00093124,19451213,TMIN,17,,,X,
USW00093124,19451214,TMIN,0,,,X,
USW00093124,19451215,TMIN,56,,,X,
USW00093124,19451216,TMIN,44,,,X,
USW00093124,19451217,TMIN,39,,,X,
USW00093124,19451218,TMIN,56,,,X,
USW00093124,19451219,TMIN,50,,,X,
USW00093124,19451220,TMIN,128,,,X,
USW00093124,19451221,TMIN,122,,,X,
USW00093124,19451222,TMIN,139,,,X,
USW00093124,19451223,TMIN,128,,,X,
USW00093124,19451224,TMIN,106,,,X,
USW00093124,19451227,TMIN,94,,,X,
USW00093124,19451229,TMIN,78,,,X,
USW00093124,19451230,TMIN,83,,,X,
USW00093124,19451231,TMIN,78,,,X,
USW00093124,19451201,PRCP,0,,,X,
USW00093124,19451202,PRCP,0,,,X,
USW00093124,19451203,PRCP,0,,,X,
USW00093124,19451204,PRCP,188,,,X,
USW00093124,19451205,PRCP,15,,,X,
USW00093124,19451206,PRCP,0,,,X,
USW00093124,19451207,PRCP,0,,,X,
USW00093124,19451208,PRCP,0,,,X,
USW00093124,19451209,PRCP,0,,,X,
USW00093124,19451210,PRCP,0,,,X,
USW00093124,19451211,PRCP,0,T,,X,
USW00093124,19451212,PRCP,0,,,X,
USW00093124,19451213,PRCP,0,,,X,
USW00093124,19451214,PRCP,0,,,X,
USW00093124,19451215,PRCP,0,,,X,
USW00093124,19451216,PRCP,0,,,X,
USW00093124,19451217,PRCP,0,,,X,
USW00093124,19451218,PRCP,0,,,X,
USW00093124,19451219,PRCP,0,,,X,
USW00093124,19451220,PRCP,8,,,X,
USW00093124,19451221,PRCP,541,,,X,
USW00093124,19451222,PRCP,480,,,X,
USW00093124,19451223,PRCP,185,,,X,
USW00093124,19451224,PRCP,81,,,X,
USW00093124,19451225,PRCP,5,,,X,
USW00093124,19451226,PRCP,0,,,X,
USW00093124,19451227,PRCP,0,T,,X,
USW00093124,19451228,PRCP,0,,,X,
USW00093124,19451229,PRCP,0,,,X,
USW00093124,19451230,PRCP,0,,,X,
USW00093124,19451231,PRCP,0,,,X,
USW00093124,19451201,SNOW,0,,,X,
USW00093124,19451202,SNOW,0,,,X,
USW00093124,19451203,SNOW,0,,,X,
USW00093124,19451204,SNOW,0,,,X,
USW00093124,19451205,SNOW,0,,,X,
USW00093124,19451206,SNOW,0,,,X,
USW00093124,19451207,SNOW,0,,,X,
USW00093124,19451208,SNOW,0,,,X,
USW00093124,19451209,SNOW,0,,,X,
USW00093124,19451210,SNOW,0,,,X,
USW00093124,19451211,SNOW,0,,,X,
USW00093124,19451212,SNOW,0,,,X,
USW00093124,19451213,SNOW,0,,,X,
USW00093124,19451214,SNOW,0,,,X,
USW00093124,19451215,SNOW,0,,,X,
USW00093124,19451216,SNOW,0,,,X,
USW00093124,19451217,SNOW,0,,,X,
USW00093124,19451218,SNOW,0,,,X,
USW00093124,19451219,SNOW,0,,,X,
USW00093124,19451220,SNOW,0,,,X,
USW00093124,19451221,SNOW,0,,,X,
USW00093124,19451222,SNOW,0,,,X,
USW00093124,19451223,SNOW,0,,,X,
USW00093124,19451224,SNOW,0,,,X,
USW00093124,19451225,SNOW,0,,,X,
USW00093124,19451226,SNOW,0,,,X,
USW00093124,19451227,SNOW,0,,,X,
USW00093124,19451228,SNOW,0,,,X,
USW00093124,19451229,SNOW,0,,,X,
USW00093124,19451230,SNOW,0,,,X,
USW00093124,19451231,SNOW,0,,,X,
USW00093124,19451221,WT01,1,,,X,
USW00093124,19451222,WT01,1,,,X,
USW00093124,19451223,WT01,1,,,X,
USW00093124,19451224,WT01,1,,,X,
USW00093124,19451225,WT01,1,,,X,
USW00093124,19451227,WT01,1,,,X,
USW00093124,19451228,WT01,1,,,X,
USW00093124,19451229,WT01,1,,,X,
USW00093124,19451208,WT08,1,,,X,
USW00093124,19451209,WT08,1,,,X,
USW00093124,19451214,WT08,1,,,X,
USW00093124,19451224,WT08,1,,,X,
USW00093124,19451228,WT08,1,,,X,
USW00093124,19451204,WT16,1,,,X,
USW00093124,19451205,WT16,1,,,X,
USW00093124,19451211,WT16,1,,,X,
USW00093124,19451220,WT16,1,,,X,
USW00093124,19451221,WT16,1,,,X,
USW00093124,19451222,WT16,1,,,X,
USW00093124,19451223,WT16,1,,,X,
USW00093124,19451224,WT16,1,,,X,
USW00093124,19451225,WT16,1,,,X,
USW00093124,19451227,WT16,1,,,X,
USW00093124,19460101,TMAX,150,,,X,
USW00093124,19460102,TMAX,144,,,X,
USW00093124,19460103,TMAX,156,,,X,
USW00093124,19460104,TMAX,172,,,X,
USW00093124,19460105,TMAX,178,,,X,
USW00093124,19460106,TMAX,156,,,X,
USW00093124,19460107,TMAX,167,,,X,
USW00093124,19460108,TMAX,172,,,X,
USW00093124,19460109,TMAX,156,,,X,
USW00093124,19460110,TMAX,161,,,X,
USW00093124,19460111,TMAX,156,,,X,
USW00093124,19460112,TMAX,156,,,X,
USW00093124,19460113,TMAX,183,,,X,
USW00093124,19460114,TMAX,178,,,X,
USW00093124,19460115,TMAX,150,,,X,
USW00093124,19460116,TMAX,200,,,X,
USW00093124,19460117,TMAX,211,,,X,
USW00093124,19460118,TMAX,156,,,X,
USW00093124,19460119,TMAX,144,,,X,
USW00093124,19460120,TMAX,183,,,X,
USW00093124,19460121,TMAX,178,,,X,
USW00093124,19460122,TMAX,167,,,X,
USW00093124,19460123,TMAX,211,,,X,
USW00093124,19460124,TMAX,206,,,X,
USW00093124,19460125,TMAX,200,,,X,
USW00093124,19460126,TMAX,194,,,X,
USW00093124,19460127,TMAX,194,,,X,
USW00093124,19460128,TMAX,178,,,X,
USW00093124,19460129,TMAX,178,,,X,
USW00093124,19460130,TMAX,150,,,X,
USW00093124,19460131,TMAX,156,,,X,
USW00093124,19460101,TMIN,67,,,X,
USW00093124,19460102,TMIN,83,,,X,
USW00093124,19460103,TMIN,83,,,X,
USW00093124,19460104,TMIN,67,,,X,
USW00093124,19460105,TMIN,106,,,X,
USW00093124,19460106,TMIN,89,,,X,
USW00093124,19460107,TMIN,6,,,X,
USW00093124,19460108,TMIN,89,,,X,
USW00093124,19460109,TMIN,11,,,X,
USW00093124,19460110,TMIN,11,,,X,
USW00093124,19460111,TMIN,17,,,X,
USW00093124,19460112,TMIN,17,,,X,
USW00093124,19460113,TMIN,11,,,X,
USW00093124,19460114,TMIN,11,,,X,
USW00093124,19460115,TMIN,39,,,X,
USW00093124,19460116,TMIN,17,,,X,
USW00093124,19460117,TMIN,22,,,X,
USW00093124,19460118,TMIN,22,,,X,
USW00093124,19460119,TMIN,50,,,X,
USW00093124,19460120,TMIN,61,,,X,
USW00093124,19460121,TMIN,28,,,X,
USW00093124,19460122,TMIN,22,,,X,
USW00093124,19460123,TMIN,39,,,X,
USW00093124,19460124,TMIN,50,,,X,
USW00093124,19460125,TMIN,44,,,X,
USW00093124,19460126,TMIN,44,,,X,
USW00093124,19460127,TMIN,28,,,X,
USW00093124,19460128,TMIN,44,,,X,
USW00093124,19460129,TMIN,33,,,X,
USW00093124,19460130,TMIN,17,,,X,
USW00093124,19460131,TMIN,0,,,X,
USW00093124,19460101,PRCP,0,,,X,
USW00093124,19460102,PRCP,84,,,X,
USW00093124,19460103,PRCP,0,,,X,
USW00093124,19460104,PRCP,0,T,,X,
USW00093124,19460105,PRCP,0,,,X,
USW00093124,19460106,PRCP,0,,,X,
USW00093124,19460107,PRCP,0,,,X,
USW00093124,19460108,PRCP,0,,,X,
USW00093124,19460109,PRCP,0,,,X,
USW00093124,19460110,PRCP,0,,,X,
USW00093124,19460111,PRCP,0,,,X,
USW00093124,19460112,PRCP,0,,,X,
USW00093124,19460113,PRCP,0,,,X,
USW00093124,19460114,PRCP,0,,,X,
USW00093124,19460115,PRCP,0,,,X,
USW00093124,19460116,PRCP,0,,,X,
USW00093124,19460117,PRCP,0,,,X,
USW00093124,19460118,PRCP,0,,,X,
USW00093124,19460119,PRCP,0,,,X,
USW00093124,19460120,PRCP,0,,,X,
USW00093124,19460121,PRCP,0,,,X,
USW00093124,19460122,PRCP,0,,,X,
USW00093124,19460123,PRCP,0,,,X,
USW00093124,19460124,PRCP,0,,,X,
USW00093124,19460125,PRCP,0,,,X,
USW00093124,19460126,PRCP,0,,,X,
USW00093124,19460127,PRCP,0,,,X,
USW00093124,19460128,PRCP,0,,,X,
USW00093124,19460129,PRCP,0,,,X,
USW00093124,19460130,PRCP,0,,,X,
USW00093124,19460131,PRCP,0,,,X,
USW00093124,19460101,SNOW,0,,,X,
USW00093124,19460102,SNOW,0,,,X,
USW00093124,19460103,SNOW,0,,,X,
USW00093124,19460104,SNOW,0,,,X,
USW00093124,19460105,SNOW,0,,,X,
USW00093124,19460106,SNOW,0,,,X,
USW00093124,19460107,SNOW,0,,,X,
USW00093124,19460108,SNOW,0,,,X,
USW00093124,19460109,SNOW,0,,,X,
USW00093124,19460110,SNOW,0,,,X,
USW00093124,19460111,SNOW,0,,,X,
USW00093124,19460112,SNOW,0,,,X,
USW00093124,19460113,SNOW,0,,,X,
USW00093124,19460114,SNOW,0,,,X,
USW00093124,19460115,SNOW,0,,,X,
USW00093124,19460116,SNOW,0,,,X,
USW00093124,19460117,SNOW,0,,,X,
USW00093124,19460118,SNOW,0,,,X,
USW00093124,19460119,SNOW,0,,,X,
USW00093124,19460120,SNOW,0,,,X,
USW00093124,19460121,SNOW,0,,,X,
USW00093124,19460122,SNOW,0,,,X,
USW00093124,19460123,SNOW,0,,,X,
USW00093124,19460124,SNOW,0,,,X,
USW00093124,19460125,SNOW,0,,,X,
USW00093124,19460126,SNOW,0,,,X,
USW00093124,19460127,SNOW,0,,,X,
USW00093124,19460128,SNOW,0,,,X,
USW00093124,19460129,SNOW,0,,,X,
USW00093124,19460130,SNOW,0,,,X,
USW00093124,19460131,SNOW,0,,,X,
USW00093124,19460101,WT01,1,,,X,
USW00093124,19460102,WT01,1,,,X,
USW00093124,19460103,WT01,1,,,X,
USW00093124,19460114,WT01,1,,,X,
USW00093124,19460115,WT01,1,,,X,
USW00093124,19460116,WT01,1,,,X,
USW00093124,19460118,WT01,1,,,X,
USW00093124,19460119,WT01,1,,,X,
USW00093124,19460128,WT01,1,,,X,
USW00093124,19460103,WT08,1,,,X,
USW00093124,19460110,WT08,1,,,X,
USW00093124,19460111,WT08,1,,,X,
USW00093124,19460112,WT08,1,,,X,
USW00093124,19460113,WT08,1,,,X,
USW00093124,19460114,WT08,1,,,X,
USW00093124,19460115,WT08,1,,,X,
USW00093124,19460118,WT08,1,,,X,
USW00093124,19460119,WT08,1,,,X,
USW00093124,19460120,WT08,1,,,X,
USW00093124,19460126,WT08,1,,,X,
USW00093124,19460128,WT08,1,,,X,
USW00093124,19460131,WT08,1,,,X,
USW00093124,19460102,WT16,1,,,X,
USW00093124,19460104,WT16,1,,,X,
USW00093124,19460201,TMAX,211,,,X,
USW00093124,19460202,TMAX,144,,,X,
USW00093124,19460203,TMAX,128,,,X,
USW00093124,19460204,TMAX,133,,,X,
USW00093124,19460205,TMAX,139,,,X,
USW00093124,19460206,TMAX,161,,,X,
USW00093124,19460207,TMAX,189,,,X,
USW00093124,19460208,TMAX,156,,,X,
USW00093124,19460209,TMAX,161,,,X,
USW00093124,19460210,TMAX,167,,,X,
USW00093124,19460211,TMAX,122,,,X,
USW00093124,19460212,TMAX,150,,,X,
USW00093124,19460213,TMAX,156,,,X,
USW00093124,19460214,TMAX,206,,,X,
USW00093124,19460215,TMAX,150,,,X,
USW00093124,19460216,TMAX,178,,,X,
USW00093124,19460217,TMAX,144,,,X,
USW00093124,19460218,TMAX,167,,,X,
USW00093124,19460219,TMAX,150,,,X,
USW00093124,19460220,TMAX,156,,,X,
USW00093124,19460221,TMAX,150,,,X,
USW00093124,19460222,TMAX,178,,,X,
USW00093124,19460223,TMAX,178,,,X,
USW00093124,19460224,TMAX,156,,,X,
USW00093124,19460225,TMAX,172,,,X,
USW00093124,19460226,TMAX,183,,,X,
USW00093124,19460227,TMAX,161,,,X,
USW00093124,19460228,TMAX,167,,,X,
USW00093124,19460201,TMIN,0,,,X,
USW00093124,19460202,TMIN,11,,,X,
USW00093124,19460203,TMIN,89,,,X,
USW00093124,19460204,TMIN,17,,,X,
USW00093124,19460205,TMIN,11,,,X,
USW00093124,19460206,TMIN,11,,,X,
USW00093124,19460207,TMIN,39,,,X,
USW00093124,19460208,TMIN,39,,,X,
USW00093124,19460209,TMIN,22,,,X,
USW00093124,19460210,TMIN,22,,,X,
USW00093124,19460211,TMIN,72,,,X,
USW00093124,19460212,TMIN,28,,,X,
USW00093124,19460213,TMIN,33,,,X,
USW00093124,19460214,TMIN,11,,,X,
USW00093124,19460215,TMIN,44,,,X,
USW00093124,19460216,TMIN,67,,,X,
USW00093124,19460217,TMIN,22,,,X,
USW00093124,19460218,TMIN,22,,,X,
USW00093124,19460219,TMIN,44,,,X,
USW00093124,19460220,TMIN,106,,,X,
USW00093124,19460221,TMIN,56,,,X,
USW00093124,19460222,TMIN,44,,,X,
USW00093124,19460223,TMIN,72,,,X,
USW00093124,19460224,TMIN,78,,,X,
USW00093124,19460225,TMIN,72,,,X,
USW00093124,19460226,TMIN,61,,,X,
USW00093124,19460227,TMIN,67,,,X,
USW00093124,19460228,TMIN,100,,,X,
USW00093124,19460201,PRCP,0,,,X,
USW00093124,19460202,PRCP,0,,,X,
USW00093124,19460203,PRCP,198,,,X,
USW00093124,19460204,PRCP,0,T,,X,
USW00093124,19460205,PRCP,0,,,X,
USW00093124,19460206,PRCP,0,,,X,
USW00093124,19460207,PRCP,0,,,X,
USW00093124,19460208,PRCP,0,,,X,
USW00093124,19460209,PRCP,0,,,X,
USW00093124,19460210,PRCP,0,,,X,
USW00093124,19460211,PRCP,0,,,X,
USW00093124,19460212,PRCP,0,,,X,
USW00093124,19460213,PRCP,0,,,X,
USW00093124,19460214,PRCP,0,,,X,
USW00093124,19460215,PRCP,10,,,X,
USW00093124,19460216,PRCP,0,,,X,
USW00093124,19460217,PRCP,0,,,X,
USW00093124,19460218,PRCP,0,,,X,
USW00093124,19460219,PRCP,0,T,,X,
USW00093124,19460220,PRCP,0,T,,X,
USW00093124,19460221,PRCP,0,,,X,
USW00093124,19460222,PRCP,0,,,X,
USW00093124,19460223,PRCP,0,,,X,
USW00093124,19460224,PRCP,0,,,X,
USW00093124,19460225,PRCP,0,,,X,
USW00093124,19460226,PRCP,0,,,X,
USW00093124,19460227,PRCP,0,,,X,
USW00093124,19460228,PRCP,0,,,X,
USW00093124,19460201,SNOW,0,,,X,
USW00093124,19460202,SNOW,0,,,X,
USW00093124,19460203,SNOW,0,,,X,
USW00093124,19460204,SNOW,0,,,X,
USW00093124,19460205,SNOW,0,,,X,
USW00093124,19460206,SNOW,0,,,X,
USW00093124,19460207,SNOW,0,,,X,
USW00093124,19460208,SNOW,0,,,X,
USW00093124,19460209,SNOW,0,,,X,
USW00093124,19460210,SNOW,0,,,X,
USW00093124,19460211,SNOW,0,,,X,
USW00093124,19460212,SNOW,0,,,X,
USW00093124,19460213,SNOW,0,,,X,
USW00093124,19460214,SNOW,0,,,X,
USW00093124,19460216,SNOW,0,,,X,
USW00093124,19460217,SNOW,0,,,X,
USW00093124,19460218,SNOW,0,,,X,
USW00093124,19460219,SNOW,0,,,X,
USW00093124,19460220,SNOW,0,,,X,
USW00093124,19460221,SNOW,0,,,X,
USW00093124,19460222,SNOW,0,,,X,
USW00093124,19460223,SNOW,0,,,X,
USW00093124,19460224,SNOW,0,,,X,
USW00093124,19460225,SNOW,0,,,X,
USW00093124,19460226,SNOW,0,,,X,
USW00093124,19460227,SNOW,0,,,X,
USW00093124,19460228,SNOW,0,,,X,
USW00093124,19460215,WT01,1,,,X,
USW00093124,19460223,WT01,1,,,X,
USW00093124,19460224,WT01,1,,,X,
USW00093124,19460225,WT01,1,,,X,
USW00093124,19460228,WT01,1,,,X,
USW00093124,19460201,WT08,1,,,X,
USW00093124,19460202,WT08,1,,,X,
USW00093124,19460205,WT08,1,,,X,
USW00093124,19460214,WT08,1,,,X,
USW00093124,19460218,WT08,1,,,X,
USW00093124,19460220,WT08,1,,,X,
USW00093124,19460223,WT08,1,,,X,
USW00093124,19460224,WT08,1,,,X,
USW00093124,19460225,WT08,1,,,X,
USW00093124,19460228,WT08,1,,,X,
USW00093124,19460203,WT16,1,,,X,
USW00093124,19460204,WT16,1,,,X,
USW00093124,19460215,WT16,1,,,X,
USW00093124,19460220,WT16,1,,,X,
